{
    "model_name": "parameterless_knn_convex_hull_intra_hnbf",
    "dataset": "adult",
    "hyperparameters": {
        "metric": "convex_hull_intra",
        "n_optimizer_calls": 25,
        "support_samples_method": "hnbf"
    },
    "metrics": {
        "accuracy_mean": 0.5217020840511116,
        "accuracy_std": 0.022717475305990536,
        "train_time_mean": 1283.04865259,
        "train_time_std": 203.2285725008442,
        "predict_time_mean": 5.622715839999683,
        "predict_time_std": 3.3231177286839984
    },
    "fold_metrics": {
        "accuracies": [
            0.5060388945752303,
            0.5641760491299898,
            0.5245700245700246,
            0.5061425061425061,
            0.5061425061425061,
            0.5655200655200655,
            0.5061425061425061,
            0.5061425061425061,
            0.5073710073710074,
            0.5247747747747747
        ],
        "train_times": [
            1696.3238371,
            1132.1772736999997,
            1298.830108,
            1298.8020274,
            1253.5393623999998,
            1115.4781576999994,
            1220.6346606999996,
            1092.0079136000004,
            1099.2789692999995,
            1623.414216000001
        ],
        "predict_times": [
            8.002914400000009,
            0.38201359999993656,
            8.79908549999982,
            6.195522099999835,
            9.043936299999586,
            0.23521439999967697,
            9.104412599999705,
            6.673367800000051,
            2.0299020999991626,
            5.760789599999043
        ]
    }
}