{
    "model_name": "parameterless_knn_convex_hull_inter_hnbf",
    "dataset": "adult",
    "hyperparameters": {
        "metric": "convex_hull_inter",
        "n_optimizer_calls": 25,
        "support_samples_method": "hnbf"
    },
    "metrics": {
        "accuracy_mean": 0.5062036839109509,
        "accuracy_std": 0.00020081583196558463,
        "train_time_mean": 1291.42692296,
        "train_time_std": 248.8004417719425,
        "predict_time_mean": 7.149736770000027,
        "predict_time_std": 1.577601767961621
    },
    "fold_metrics": {
        "accuracies": [
            0.5060388945752303,
            0.5060388945752303,
            0.5065520065520066,
            0.5059377559377559,
            0.5061425061425061,
            0.5061425061425061,
            0.5061425061425061,
            0.5065520065520066,
            0.5063472563472563,
            0.5061425061425061
        ],
        "train_times": [
            1861.7239321,
            1273.8455353999998,
            1294.154122,
            1302.8859847000003,
            1190.2546778999995,
            1112.003154,
            1092.1255034000005,
            1080.5049221999998,
            1071.4154624000003,
            1635.3559354999998
        ],
        "predict_times": [
            10.518594900000153,
            6.950104999999894,
            8.96399509999992,
            6.345783600000686,
            6.738089600000421,
            6.255775100000392,
            8.155312900000354,
            6.520182599999316,
            6.500502299999425,
            4.549026599999706
        ]
    }
}