{
    "model_name": "parameterless_knn_dissimilarity_margin_clustering",
    "dataset": "adult",
    "hyperparameters": {
        "metric": "dissimilarity",
        "n_optimizer_calls": 25,
        "support_samples_method": "margin_clustering"
    },
    "metrics": {
        "accuracy_mean": 0.5271282201527852,
        "accuracy_std": 0.004275311448752287,
        "train_time_mean": 718.2966370400001,
        "train_time_std": 218.9338887180984,
        "predict_time_mean": 5.088423219999958,
        "predict_time_std": 1.7309715846326277
    },
    "fold_metrics": {
        "accuracies": [
            0.5297850562947799,
            0.527942681678608,
            0.5257985257985258,
            0.5272317772317773,
            0.5262080262080262,
            0.532964782964783,
            0.5219082719082719,
            0.5286650286650286,
            0.5182227682227682,
            0.5325552825552825
        ],
        "train_times": [
            1312.9267851,
            710.6951891000003,
            569.6429303,
            799.8889872999998,
            609.7305177999997,
            611.1485752999997,
            829.2813523000004,
            536.2979221000005,
            624.1908617000008,
            579.1632493999996
        ],
        "predict_times": [
            8.61119940000026,
            4.385209300000042,
            6.307490199999847,
            3.4009642999999414,
            5.47558779999963,
            4.832053900000574,
            6.730453899999702,
            2.5995387000002665,
            5.338878300000033,
            3.202856399999291
        ]
    }
}