{
    "model_name": "parameterless_knn_dissimilarity_hnbf",
    "dataset": "mushroom",
    "hyperparameters": {
        "metric": "dissimilarity",
        "n_optimizer_calls": 25,
        "support_samples_method": "hnbf"
    },
    "metrics": {
        "accuracy_mean": 0.8161007398251321,
        "accuracy_std": 0.01544613610466857,
        "train_time_mean": 55.56272578999633,
        "train_time_std": 4.635266448487155,
        "predict_time_mean": 0.360186220012838,
        "predict_time_std": 0.06606804594975975
    },
    "fold_metrics": {
        "accuracies": [
            0.8130381303813038,
            0.7896678966789668,
            0.8142681426814268,
            0.8450184501845018,
            0.8029556650246306,
            0.8054187192118226,
            0.8165024630541872,
            0.8288177339901478,
            0.8103448275862069,
            0.8349753694581281
        ],
        "train_times": [
            53.30150499998126,
            53.94463280000491,
            57.7485871000099,
            52.270881599979475,
            53.21104620001279,
            56.41345370002091,
            62.3107148000272,
            61.612828799989074,
            58.85655029996997,
            45.95705759996781
        ],
        "predict_times": [
            0.26728769997134805,
            0.38847380003426224,
            0.35974380001425743,
            0.27683800004888326,
            0.3820654000155628,
            0.49526389996754006,
            0.39809629996307194,
            0.40996980003546923,
            0.31240590004017577,
            0.31171760003780946
        ]
    }
}