{
    "model_name": "parameterless_knn_convex_hull_intra_hnbf",
    "dataset": "mushroom",
    "hyperparameters": {
        "metric": "convex_hull_intra",
        "n_optimizer_calls": 25,
        "support_samples_method": "hnbf"
    },
    "metrics": {
        "accuracy_mean": 0.5563751598107114,
        "accuracy_std": 0.020310068241594197,
        "train_time_mean": 45.65591491000377,
        "train_time_std": 3.6732949515864095,
        "predict_time_mean": 0.3994151899998542,
        "predict_time_std": 0.09873263620982958
    },
    "fold_metrics": {
        "accuracies": [
            0.5498154981549815,
            0.5313653136531366,
            0.5535055350553506,
            0.5990159901599016,
            0.5344827586206896,
            0.5541871921182266,
            0.5467980295566502,
            0.5677339901477833,
            0.583743842364532,
            0.5431034482758621
        ],
        "train_times": [
            40.95679540000856,
            52.40258090000134,
            51.1498252999736,
            42.82995889999438,
            40.99669790000189,
            44.304271100030746,
            45.23148509999737,
            44.65079819998937,
            46.416516400000546,
            47.620219900039956
        ],
        "predict_times": [
            0.5681732000084594,
            0.3608345999964513,
            0.24148890003561974,
            0.34071409999160096,
            0.4311554000014439,
            0.4555893000215292,
            0.554839099990204,
            0.3344564000144601,
            0.3878186999936588,
            0.31908219994511455
        ]
    }
}