{
    "model_name": "parameterless_knn_convex_hull_inter_hnbf",
    "dataset": "mushroom",
    "hyperparameters": {
        "metric": "convex_hull_inter",
        "n_optimizer_calls": 25,
        "support_samples_method": "hnbf"
    },
    "metrics": {
        "accuracy_mean": 0.5620288234902053,
        "accuracy_std": 0.03032330057141521,
        "train_time_mean": 45.59358536000364,
        "train_time_std": 3.733486955750644,
        "predict_time_mean": 0.39064474000479094,
        "predict_time_std": 0.08098561550527769
    },
    "fold_metrics": {
        "accuracies": [
            0.5805658056580566,
            0.5313653136531366,
            0.6383763837638377,
            0.5756457564575646,
            0.5332512315270936,
            0.5467980295566502,
            0.5504926108374384,
            0.5504926108374384,
            0.5406403940886699,
            0.5726600985221675
        ],
        "train_times": [
            42.75901729997713,
            52.73759610002162,
            50.54916499997489,
            41.41740310000023,
            41.90499660000205,
            41.52715380000882,
            45.47530590003589,
            45.336948700016364,
            45.796222999983,
            48.432044100016356
        ],
        "predict_times": [
            0.42709940002532676,
            0.33677569997962564,
            0.27905730000929907,
            0.3555316000129096,
            0.3713227999978699,
            0.3985780000220984,
            0.602618100005202,
            0.34860480000497773,
            0.37731549999443814,
            0.4095441999961622
        ]
    }
}