{
    "model_name": "parameterless_knn_spread",
    "dataset": "mushroom",
    "hyperparameters": {
        "metric": "spread",
        "n_optimizer_calls": 25
    },
    "metrics": {
        "accuracy_mean": 0.5848057125891457,
        "accuracy_std": 0.020175901902261893,
        "train_time_mean": 6.3751751867996065,
        "train_time_std": 1.0470733343416188,
        "predict_time_mean": 0.0139794937975239,
        "predict_time_std": 0.01920300147313959
    },
    "fold_metrics": {
        "accuracies": [
            0.6039360393603936,
            0.6076260762607626,
            0.5571955719557196,
            0.6088560885608856,
            0.5665024630541872,
            0.5812807881773399,
            0.5677339901477833,
            0.5997536945812808,
            0.5566502463054187,
            0.5985221674876847
        ],
        "train_times": [
            7.663636441007839,
            5.512558397007524,
            7.618997956989915,
            5.986192851996748,
            6.030425913995714,
            6.914845610997872,
            5.212927145999856,
            5.017992848006543,
            8.061848689991166,
            5.732326012002886
        ],
        "predict_times": [
            0.052549846994224936,
            0.0028126429970143363,
            0.05184941399784293,
            0.006047042988939211,
            0.006612488999962807,
            0.0026419200003147125,
            0.002857597006368451,
            0.008352138989721425,
            0.002573977006250061,
            0.0034978689946001396
        ]
    }
}