{
    "model_name": "parameterless_knn_silhouette",
    "dataset": "mushroom",
    "hyperparameters": {
        "metric": "silhouette",
        "n_optimizer_calls": 25
    },
    "metrics": {
        "accuracy_mean": 0.579886875223432,
        "accuracy_std": 0.020942895530723316,
        "train_time_mean": 6.430389544395439,
        "train_time_std": 1.0233760002397747,
        "predict_time_mean": 0.014975124003831298,
        "predict_time_std": 0.020134620329374103
    },
    "fold_metrics": {
        "accuracies": [
            0.6063960639606396,
            0.5522755227552275,
            0.5510455104551045,
            0.6088560885608856,
            0.5665024630541872,
            0.5812807881773399,
            0.5677339901477833,
            0.5997536945812808,
            0.5665024630541872,
            0.5985221674876847
        ],
        "train_times": [
            7.8729164359974675,
            5.082017917986377,
            8.055050129987649,
            6.705648828996345,
            4.857574187990394,
            6.771308231996954,
            6.056252751004649,
            5.705896073995973,
            6.075517899997067,
            7.121712986001512
        ],
        "predict_times": [
            0.05500049200782087,
            0.00269229500554502,
            0.05481894600961823,
            0.009396463996381499,
            0.0030630390101578087,
            0.0030441340059041977,
            0.0028096070018364117,
            0.005786214998806827,
            0.010070469012134708,
            0.003069578990107402
        ]
    }
}