{
    "model_name": "parameterless_knn_silhouette_margin_clustering",
    "dataset": "mushroom",
    "hyperparameters": {
        "metric": "silhouette",
        "n_optimizer_calls": 25,
        "support_samples_method": "margin_clustering"
    },
    "metrics": {
        "accuracy_mean": 0.9493212210447227,
        "accuracy_std": 0.14383266721424628,
        "train_time_mean": 151.1606172699947,
        "train_time_std": 73.17021702290718,
        "predict_time_mean": 0.6926894200034439,
        "predict_time_std": 0.48563590891718966
    },
    "fold_metrics": {
        "accuracies": [
            0.998769987699877,
            0.997539975399754,
            0.5178351783517835,
            0.997539975399754,
            0.9987684729064039,
            0.9950738916256158,
            0.9963054187192119,
            0.9975369458128078,
            0.9975369458128078,
            0.9963054187192119
        ],
        "train_times": [
            273.91400699998485,
            240.8166086000274,
            204.2549095999566,
            202.60615509998752,
            160.9692442000378,
            123.18288829998346,
            106.02279099996667,
            83.6364691000199,
            67.33982389996527,
            48.86327590001747
        ],
        "predict_times": [
            1.6249208999797702,
            1.0872137999976985,
            1.1812736000283621,
            1.078969899972435,
            0.47943850001320243,
            0.5591950000380166,
            0.35758030001306906,
            0.18006489996332675,
            0.1780630000284873,
            0.20017430000007153
        ]
    }
}