{
    "model_name": "parameterless_knn_dissimilarity_margin_clustering",
    "dataset": "mushroom",
    "hyperparameters": {
        "metric": "dissimilarity",
        "n_optimizer_calls": 25,
        "support_samples_method": "margin_clustering"
    },
    "metrics": {
        "accuracy_mean": 0.8945126606438478,
        "accuracy_std": 0.016082564278807724,
        "train_time_mean": 138.07461620999385,
        "train_time_std": 44.527228181621695,
        "predict_time_mean": 0.8564861799997743,
        "predict_time_std": 0.35803736579789713
    },
    "fold_metrics": {
        "accuracies": [
            0.9212792127921279,
            0.8733087330873309,
            0.8954489544895449,
            0.8671586715867159,
            0.9088669950738916,
            0.8990147783251231,
            0.9027093596059114,
            0.8817733990147784,
            0.9076354679802956,
            0.8879310344827587
        ],
        "train_times": [
            223.40416869998444,
            147.72158599999966,
            165.7471668999642,
            177.693009300041,
            163.38347649999196,
            133.33224620000692,
            111.30321269994602,
            85.00507839996135,
            104.14603210001951,
            69.0101853000233
        ],
        "predict_times": [
            1.4245597000117414,
            1.278703799995128,
            1.1900900999899022,
            0.9318436000030488,
            1.11556509998627,
            0.44139210000867024,
            0.5548646000097506,
            0.6231753000174649,
            0.6212445999844931,
            0.3834228999912739
        ]
    }
}