{
    "model_name": "parameterless_knn_convex_hull_inter",
    "dataset": "mushroom",
    "hyperparameters": {
        "metric": "convex_hull_inter",
        "n_optimizer_calls": 25
    },
    "metrics": {
        "accuracy_mean": 0.5171056538151588,
        "accuracy_std": 0.01619411839906322,
        "train_time_mean": 6.118271394500335,
        "train_time_std": 0.5546759367904296,
        "predict_time_mean": 0.008914669501245953,
        "predict_time_std": 0.007619693270454638
    },
    "fold_metrics": {
        "accuracies": [
            0.5116851168511685,
            0.5362853628536285,
            0.5030750307503075,
            0.5510455104551045,
            0.5012315270935961,
            0.5233990147783252,
            0.5086206896551724,
            0.5073891625615764,
            0.5,
            0.5283251231527094
        ],
        "train_times": [
            7.339509231998818,
            6.370411632989999,
            5.8487685970030725,
            5.455927814997267,
            5.6105859160015825,
            6.514619662004407,
            6.0244072130008135,
            6.13463946399861,
            5.429958510008873,
            6.4538859029999
        ],
        "predict_times": [
            0.030792044010013342,
            0.005065858000307344,
            0.006286566000198945,
            0.00529021599504631,
            0.006291646001045592,
            0.005602552002528682,
            0.005109328994876705,
            0.006571149002411403,
            0.005244383995886892,
            0.012892951010144316
        ]
    }
}