{
    "model_name": "parameterless_knn_dissimilarity",
    "dataset": "mushroom",
    "hyperparameters": {
        "metric": "dissimilarity",
        "n_optimizer_calls": 25
    },
    "metrics": {
        "accuracy_mean": 0.5284316131338654,
        "accuracy_std": 0.011732999779688266,
        "train_time_mean": 2.664196810798603,
        "train_time_std": 0.03322292570419804,
        "predict_time_mean": 0.005640370299806819,
        "predict_time_std": 0.000386889838413604
    },
    "fold_metrics": {
        "accuracies": [
            0.5215252152521526,
            0.5387453874538746,
            0.5227552275522755,
            0.5522755227552275,
            0.5233990147783252,
            0.5283251231527094,
            0.5147783251231527,
            0.5295566502463054,
            0.5123152709359606,
            0.5406403940886699
        ],
        "train_times": [
            2.7195523389964364,
            2.645133944999543,
            2.6747523240046576,
            2.648822047995054,
            2.701195680987439,
            2.6759749890043167,
            2.6279076709906803,
            2.665119102006429,
            2.6003452540026046,
            2.68316475499887
        ],
        "predict_times": [
            0.005470080999657512,
            0.005728506002924405,
            0.006006030002026819,
            0.005590255997958593,
            0.006148618005681783,
            0.0057607649941928685,
            0.004807876000995748,
            0.005746025999542326,
            0.005161862995009869,
            0.005983682000078261
        ]
    }
}