{
    "model_name": "parameterless_knn_convex_hull_intra",
    "dataset": "mushroom",
    "hyperparameters": {
        "metric": "convex_hull_intra",
        "n_optimizer_calls": 25
    },
    "metrics": {
        "accuracy_mean": 0.5582203297402433,
        "accuracy_std": 0.016977384337581555,
        "train_time_mean": 6.843084269802785,
        "train_time_std": 0.9711194533652585,
        "predict_time_mean": 0.028135632401972543,
        "predict_time_std": 0.021500012488758987
    },
    "fold_metrics": {
        "accuracies": [
            0.5498154981549815,
            0.5584255842558425,
            0.5448954489544895,
            0.5977859778597786,
            0.5467980295566502,
            0.5443349753694581,
            0.5492610837438424,
            0.5763546798029556,
            0.5443349753694581,
            0.5701970443349754
        ],
        "train_times": [
            6.83311264400254,
            6.5952870920009445,
            8.8006608140131,
            7.409472476007068,
            5.163313117009238,
            6.083688719998463,
            6.693749890997424,
            7.857120251006563,
            7.011124134005513,
            5.983313558986993
        ],
        "predict_times": [
            0.04704526299610734,
            0.009042439007316716,
            0.05673270700208377,
            0.045567216991912574,
            0.005928209007834084,
            0.04945577500620857,
            0.04839191900100559,
            0.006219076007255353,
            0.005258257006062195,
            0.007715461993939243
        ]
    }
}