{
    "model_name": "parameterless_knn_dissimilarity",
    "dataset": "mushroom",
    "hyperparameters": {
        "metric": "dissimilarity",
        "n_optimizer_calls": 25
    },
    "metrics": {
        "accuracy_mean": 0.5284316131338654,
        "accuracy_std": 0.011732999779688266,
        "train_time_mean": 2.6792972651004674,
        "train_time_std": 0.03276400673900962,
        "predict_time_mean": 0.0058175778991426345,
        "predict_time_std": 0.0004894040403922151
    },
    "fold_metrics": {
        "accuracies": [
            0.5215252152521526,
            0.5387453874538746,
            0.5227552275522755,
            0.5522755227552275,
            0.5233990147783252,
            0.5283251231527094,
            0.5147783251231527,
            0.5295566502463054,
            0.5123152709359606,
            0.5406403940886699
        ],
        "train_times": [
            2.685769761999836,
            2.6752874630037695,
            2.700265367006068,
            2.652334875994711,
            2.739471988999867,
            2.693864656990627,
            2.6402832190069603,
            2.6909285739966435,
            2.6182734559988603,
            2.696493288007332
        ],
        "predict_times": [
            0.006359744002111256,
            0.006383076994097792,
            0.006036587001290172,
            0.005204148998018354,
            0.0062784839974483475,
            0.0057891890028258786,
            0.004923412998323329,
            0.00576244099647738,
            0.0053180620016064495,
            0.006120632999227382
        ]
    }
}