{
    "model_name": "parameterless_knn_convex_hull_intra_margin_clustering",
    "dataset": "mushroom",
    "hyperparameters": {
        "metric": "convex_hull_intra",
        "n_optimizer_calls": 25,
        "support_samples_method": "margin_clustering"
    },
    "metrics": {
        "accuracy_mean": 0.8782643799344397,
        "accuracy_std": 0.012185569090105753,
        "train_time_mean": 133.59725642999985,
        "train_time_std": 42.4036620174189,
        "predict_time_mean": 0.7457715599972289,
        "predict_time_std": 0.18958548539065828
    },
    "fold_metrics": {
        "accuracies": [
            0.8966789667896679,
            0.8634686346863468,
            0.8794587945879458,
            0.8536285362853628,
            0.8866995073891626,
            0.875615763546798,
            0.8866995073891626,
            0.875615763546798,
            0.8903940886699507,
            0.874384236453202
        ],
        "train_times": [
            217.14646089996677,
            149.44701999996323,
            164.35225660004653,
            161.44469410000602,
            158.6000664999592,
            124.47104269999545,
            106.62716650002403,
            84.45420959999319,
            98.8186101000174,
            70.61103730002651
        ],
        "predict_times": [
            0.8026060000411235,
            1.0962904000189155,
            0.9707649999763817,
            0.8091829000040889,
            0.6570826999959536,
            0.8357847000006586,
            0.7388159999973141,
            0.47034469997743145,
            0.5587375999893993,
            0.5181055999710225
        ]
    }
}