{
    "model_name": "parameterless_knn_convex_hull_inter",
    "dataset": "mushroom",
    "hyperparameters": {
        "metric": "convex_hull_inter",
        "n_optimizer_calls": 25
    },
    "metrics": {
        "accuracy_mean": 0.5171056538151588,
        "accuracy_std": 0.01619411839906322,
        "train_time_mean": 6.196810542196909,
        "train_time_std": 0.5648261748456909,
        "predict_time_mean": 0.01890511690144194,
        "predict_time_std": 0.02067085937754233
    },
    "fold_metrics": {
        "accuracies": [
            0.5116851168511685,
            0.5362853628536285,
            0.5030750307503075,
            0.5510455104551045,
            0.5012315270935961,
            0.5233990147783252,
            0.5086206896551724,
            0.5073891625615764,
            0.5,
            0.5283251231527094
        ],
        "train_times": [
            7.512002883988316,
            6.424576568999328,
            5.72001350899518,
            5.645093779996387,
            5.85297427700425,
            6.550906745993416,
            6.148889062998933,
            6.120778201991925,
            5.4744363549980335,
            6.518434037003317
        ],
        "predict_times": [
            0.05020161499851383,
            0.005645305005600676,
            0.006376757999532856,
            0.005364155993447639,
            0.0056429690012009814,
            0.005344766002963297,
            0.0043372390064178035,
            0.04745412500051316,
            0.005131223006173968,
            0.053553013000055216
        ]
    }
}