{
    "model_name": "parameterless_knn_silhouette_hnbf",
    "dataset": "mushroom",
    "hyperparameters": {
        "metric": "silhouette",
        "n_optimizer_calls": 25,
        "support_samples_method": "hnbf"
    },
    "metrics": {
        "accuracy_mean": 0.8164685316803908,
        "accuracy_std": 0.0119459703377962,
        "train_time_mean": 43.46833402000484,
        "train_time_std": 3.4519699146505425,
        "predict_time_mean": 0.3879914599994663,
        "predict_time_std": 0.03820549929218034
    },
    "fold_metrics": {
        "accuracies": [
            0.8191881918819188,
            0.8056580565805658,
            0.8154981549815498,
            0.8351783517835178,
            0.8004926108374384,
            0.812807881773399,
            0.8115763546798029,
            0.8300492610837439,
            0.8017241379310345,
            0.8325123152709359
        ],
        "train_times": [
            42.883407399989665,
            43.13661879999563,
            51.59268790000351,
            45.86061850003898,
            41.2934743000078,
            38.331240899977274,
            42.49905260000378,
            39.94252659997437,
            44.406707200047094,
            44.7370060000103
        ],
        "predict_times": [
            0.39248689997475594,
            0.3475336999981664,
            0.37525989999994636,
            0.4383864999981597,
            0.3860982999904081,
            0.31660200003534555,
            0.3585375999682583,
            0.39829660003306344,
            0.4284544000402093,
            0.43825869995635003
        ]
    }
}