{
    "model_name": "parameterless_knn_spread_hnbf",
    "dataset": "mushroom",
    "hyperparameters": {
        "metric": "spread",
        "n_optimizer_calls": 25,
        "support_samples_method": "hnbf"
    },
    "metrics": {
        "accuracy_mean": 0.6966989620635123,
        "accuracy_std": 0.03928920963500397,
        "train_time_mean": 56.41943697000388,
        "train_time_std": 6.680573121961988,
        "predict_time_mean": 0.4085234700120054,
        "predict_time_std": 0.07652165925504145
    },
    "fold_metrics": {
        "accuracies": [
            0.7170971709717097,
            0.6285362853628537,
            0.7097170971709718,
            0.7490774907749077,
            0.6810344827586207,
            0.6859605911330049,
            0.6354679802955665,
            0.7253694581280788,
            0.6884236453201971,
            0.7463054187192119
        ],
        "train_times": [
            52.15336090000346,
            61.42828940000618,
            53.707648399984464,
            49.83520489995135,
            56.214479900023434,
            61.1590251000016,
            68.98681730002863,
            62.793599000026006,
            45.80479500000365,
            52.111149800010026
        ],
        "predict_times": [
            0.34109330002684146,
            0.36257340002339333,
            0.3566471000085585,
            0.3607558000367135,
            0.4364316999563016,
            0.5495509000029415,
            0.35235800000373274,
            0.5548847000463866,
            0.403045299986843,
            0.367894500028342
        ]
    }
}