{
    "model_name": "parameterless_knn_convex_hull_intra",
    "dataset": "mushroom",
    "hyperparameters": {
        "metric": "convex_hull_intra",
        "n_optimizer_calls": 25
    },
    "metrics": {
        "accuracy_mean": 0.5582203297402433,
        "accuracy_std": 0.016977384337581555,
        "train_time_mean": 6.945753432095808,
        "train_time_std": 0.9448193295034676,
        "predict_time_mean": 0.022708933896501547,
        "predict_time_std": 0.018312662975348434
    },
    "fold_metrics": {
        "accuracies": [
            0.5498154981549815,
            0.5584255842558425,
            0.5448954489544895,
            0.5977859778597786,
            0.5467980295566502,
            0.5443349753694581,
            0.5492610837438424,
            0.5763546798029556,
            0.5443349753694581,
            0.5701970443349754
        ],
        "train_times": [
            7.040013669990003,
            6.5342334379965905,
            8.87890694399539,
            7.449732766996021,
            5.3750867010094225,
            6.283827487990493,
            6.709518495990778,
            7.953489808991435,
            7.147421838002629,
            6.0853031699953135
        ],
        "predict_times": [
            0.0429377209948143,
            0.00988747100927867,
            0.04153043599217199,
            0.04670639299729373,
            0.006209675993886776,
            0.012246222991961986,
            0.0484622509975452,
            0.006015006991219707,
            0.005170463002286851,
            0.007923697994556278
        ]
    }
}