{
    "model_name": "parameterless_knn_silhouette",
    "dataset": "mushroom",
    "hyperparameters": {
        "metric": "silhouette",
        "n_optimizer_calls": 25
    },
    "metrics": {
        "accuracy_mean": 0.579886875223432,
        "accuracy_std": 0.020942895530723316,
        "train_time_mean": 6.442856352499803,
        "train_time_std": 1.0304019679760323,
        "predict_time_mean": 0.021209354701568373,
        "predict_time_std": 0.0269079648080656
    },
    "fold_metrics": {
        "accuracies": [
            0.6063960639606396,
            0.5522755227552275,
            0.5510455104551045,
            0.6088560885608856,
            0.5665024630541872,
            0.5812807881773399,
            0.5677339901477833,
            0.5997536945812808,
            0.5665024630541872,
            0.5985221674876847
        ],
        "train_times": [
            7.862006919996929,
            5.204090816987446,
            8.12149744501221,
            6.8010881719965255,
            4.825399563997053,
            6.820296756006428,
            5.986064196011284,
            5.677105737995589,
            6.046449795991066,
            7.0845641210034955
        ],
        "predict_times": [
            0.0786638189892983,
            0.00245351399644278,
            0.056824781000614166,
            0.002878077997593209,
            0.003074505992117338,
            0.003934001011657529,
            0.002818164008203894,
            0.013354930008063093,
            0.04572264100715984,
            0.002369113004533574
        ]
    }
}