{
    "model_name": "parameterless_knn_opposite_hyperplane",
    "dataset": "mushroom",
    "hyperparameters": {
        "metric": "opposite_hyperplane",
        "n_optimizer_calls": 25
    },
    "metrics": {
        "accuracy_mean": 0.5848057125891457,
        "accuracy_std": 0.020175901902261893,
        "train_time_mean": 5.1740118771020205,
        "train_time_std": 0.15444107591269943,
        "predict_time_mean": 0.0029057747015031055,
        "predict_time_std": 0.00020825408591376384
    },
    "fold_metrics": {
        "accuracies": [
            0.6039360393603936,
            0.6076260762607626,
            0.5571955719557196,
            0.6088560885608856,
            0.5665024630541872,
            0.5812807881773399,
            0.5677339901477833,
            0.5997536945812808,
            0.5566502463054187,
            0.5985221674876847
        ],
        "train_times": [
            5.235085695996531,
            5.186654860997805,
            4.758531698011211,
            5.213855271998909,
            5.122439932994894,
            5.199884921006742,
            5.18705031000718,
            5.226504058999126,
            5.205507810998824,
            5.4046042100089835
        ],
        "predict_times": [
            0.0029456760094035417,
            0.0028503320063464344,
            0.003129919001366943,
            0.0028795989928767085,
            0.0031166559929260984,
            0.003021712996996939,
            0.0024416590022156015,
            0.002651262009749189,
            0.00291535300493706,
            0.0031055779982125387
        ]
    }
}