{
    "model_name": "parameterless_knn_opposite_hyperplane",
    "dataset": "mushroom",
    "hyperparameters": {
        "metric": "opposite_hyperplane",
        "n_optimizer_calls": 25
    },
    "metrics": {
        "accuracy_mean": 0.5848057125891457,
        "accuracy_std": 0.020175901902261893,
        "train_time_mean": 5.156704223301494,
        "train_time_std": 0.15852645776829685,
        "predict_time_mean": 0.0028372829023282976,
        "predict_time_std": 0.00022085861665092983
    },
    "fold_metrics": {
        "accuracies": [
            0.6039360393603936,
            0.6076260762607626,
            0.5571955719557196,
            0.6088560885608856,
            0.5665024630541872,
            0.5812807881773399,
            0.5677339901477833,
            0.5997536945812808,
            0.5566502463054187,
            0.5985221674876847
        ],
        "train_times": [
            5.222708611996495,
            5.201763018005295,
            4.761412999010645,
            5.169665273002465,
            5.15392808400793,
            5.227597159988363,
            5.177053213992622,
            5.091365349013358,
            5.1258664689958096,
            5.435682055001962
        ],
        "predict_times": [
            0.0030098040006123483,
            0.0026952610060106963,
            0.0031183640094241127,
            0.0028861320024589077,
            0.0026508680020924658,
            0.002629091002745554,
            0.0024149039963958785,
            0.002944774998468347,
            0.002894591001677327,
            0.003129039003397338
        ]
    }
}