{
    "model_name": "parameterless_knn_opposite_hyperplane_margin_clustering",
    "dataset": "mushroom",
    "hyperparameters": {
        "metric": "opposite_hyperplane",
        "n_optimizer_calls": 25,
        "support_samples_method": "margin_clustering"
    },
    "metrics": {
        "accuracy_mean": 0.9975377032095443,
        "accuracy_std": 0.0013492091654163725,
        "train_time_mean": 124.8307308800111,
        "train_time_std": 36.86453026149327,
        "predict_time_mean": 0.5822621899831575,
        "predict_time_std": 0.2739947404242494
    },
    "fold_metrics": {
        "accuracies": [
            0.998769987699877,
            0.997539975399754,
            1.0,
            0.997539975399754,
            0.9987684729064039,
            0.9950738916256158,
            0.9963054187192119,
            0.9975369458128078,
            0.9975369458128078,
            0.9963054187192119
        ],
        "train_times": [
            191.45935380004812,
            138.32184679998318,
            149.20293889997993,
            159.219385400007,
            141.92052879999392,
            125.81510800000979,
            106.88532490003854,
            72.70355520001613,
            87.92416160000721,
            74.85510540002724
        ],
        "predict_times": [
            0.9546085000038147,
            0.7640876999939792,
            0.9718054999830201,
            0.8416719999513589,
            0.5915293000289239,
            0.5319184999680147,
            0.3157369999680668,
            0.3320399999502115,
            0.34769570000935346,
            0.1715276999748312
        ]
    }
}