{
    "model_name": "parameterless_knn_spread_margin_clustering",
    "dataset": "mushroom",
    "hyperparameters": {
        "metric": "spread",
        "n_optimizer_calls": 25,
        "support_samples_method": "margin_clustering"
    },
    "metrics": {
        "accuracy_mean": 0.8988201273638351,
        "accuracy_std": 0.014607936539863847,
        "train_time_mean": 154.508295800013,
        "train_time_std": 69.18424264737502,
        "predict_time_mean": 0.6002031599986367,
        "predict_time_std": 0.38785367982949553
    },
    "fold_metrics": {
        "accuracies": [
            0.923739237392374,
            0.8782287822878229,
            0.8966789667896679,
            0.8819188191881919,
            0.9137931034482759,
            0.9027093596059114,
            0.9100985221674877,
            0.8842364532019704,
            0.9088669950738916,
            0.8879310344827587
        ],
        "train_times": [
            261.76120190002257,
            236.3405089000007,
            205.21291820000624,
            205.9658673000522,
            163.69188060000306,
            138.46092729998054,
            135.8252482000389,
            72.78094869997585,
            71.26037820003694,
            53.78307870001299
        ],
        "predict_times": [
            1.3005165999638848,
            1.089651699992828,
            0.9010237999609672,
            0.8170393999898806,
            0.4822351000038907,
            0.3965619000373408,
            0.5293737000320107,
            0.16204840003047138,
            0.16250350000336766,
            0.16107749997172505
        ]
    }
}