{
    "model_name": "parameterless_knn_convex_hull_inter_margin_clustering",
    "dataset": "mushroom",
    "hyperparameters": {
        "metric": "convex_hull_inter",
        "n_optimizer_calls": 25,
        "support_samples_method": "margin_clustering"
    },
    "metrics": {
        "accuracy_mean": 0.8785105338738116,
        "accuracy_std": 0.011879280861805036,
        "train_time_mean": 136.68715855000772,
        "train_time_std": 43.63520155979614,
        "predict_time_mean": 0.7319019800110255,
        "predict_time_std": 0.2927316830828151
    },
    "fold_metrics": {
        "accuracies": [
            0.8954489544895449,
            0.8634686346863468,
            0.8806888068880688,
            0.8548585485854858,
            0.8866995073891626,
            0.874384236453202,
            0.8879310344827587,
            0.874384236453202,
            0.8903940886699507,
            0.8768472906403941
        ],
        "train_times": [
            220.84203330002492,
            158.03051319997758,
            171.75280240003485,
            163.45834080001805,
            161.27123800001573,
            123.5298084000242,
            105.77181020000717,
            91.46403809997719,
            101.37981459998991,
            69.37118650000775
        ],
        "predict_times": [
            1.2162971000070684,
            1.0121284000342712,
            1.0982392000150867,
            0.9272037000046112,
            0.5453255000174977,
            0.6368234999827109,
            0.5040563000366092,
            0.49794490000931546,
            0.6003089000005275,
            0.2806923000025563
        ]
    }
}