{
    "model_name": "parameterless_knn_spread",
    "dataset": "mushroom",
    "hyperparameters": {
        "metric": "spread",
        "n_optimizer_calls": 25
    },
    "metrics": {
        "accuracy_mean": 0.5848057125891457,
        "accuracy_std": 0.020175901902261893,
        "train_time_mean": 6.340079141402384,
        "train_time_std": 1.0505092258231763,
        "predict_time_mean": 0.01813815609930316,
        "predict_time_std": 0.022776728118793284
    },
    "fold_metrics": {
        "accuracies": [
            0.6039360393603936,
            0.6076260762607626,
            0.5571955719557196,
            0.6088560885608856,
            0.5665024630541872,
            0.5812807881773399,
            0.5677339901477833,
            0.5997536945812808,
            0.5566502463054187,
            0.5985221674876847
        ],
        "train_times": [
            7.637149786009104,
            5.4541938320035115,
            7.480865012999857,
            5.751613718006411,
            5.961600691007334,
            6.863470401993254,
            5.212080267010606,
            5.105316308996407,
            8.175541630000225,
            5.758959765997133
        ],
        "predict_times": [
            0.06269963299564552,
            0.0028872870025224984,
            0.0461276040005032,
            0.0027425010048318654,
            0.04815880599198863,
            0.00259585099411197,
            0.004516618006164208,
            0.002607271002489142,
            0.0024323929974343628,
            0.00661359699734021
        ]
    }
}