{
    "model_name": "parameterless_knn_opposite_hyperplane_hnbf",
    "dataset": "mushroom",
    "hyperparameters": {
        "metric": "opposite_hyperplane",
        "n_optimizer_calls": 25,
        "support_samples_method": "hnbf"
    },
    "metrics": {
        "accuracy_mean": 0.5739725155872248,
        "accuracy_std": 0.04421441947292512,
        "train_time_mean": 47.78846946000122,
        "train_time_std": 4.366968573946855,
        "predict_time_mean": 0.3902611499943305,
        "predict_time_std": 0.06574495243509378
    },
    "fold_metrics": {
        "accuracies": [
            0.6199261992619927,
            0.5350553505535055,
            0.5670356703567035,
            0.6211562115621156,
            0.5369458128078818,
            0.6699507389162561,
            0.5517241379310345,
            0.5566502463054187,
            0.5455665024630542,
            0.5357142857142857
        ],
        "train_times": [
            46.95362580002984,
            47.38742220000131,
            44.514629999990575,
            45.13011130003724,
            45.50584489997709,
            48.76246830000309,
            56.23670459998539,
            51.937211599957664,
            51.59474140004022,
            39.86193449998973
        ],
        "predict_times": [
            0.49425339995650575,
            0.33372789999702945,
            0.3590597999864258,
            0.27918279997538775,
            0.43498390004970133,
            0.366383999993559,
            0.5018016999820247,
            0.3717863000347279,
            0.3942543999874033,
            0.36717729998053983
        ]
    }
}