{
    "model_name": "sklearn_knn_wrapper",
    "dataset": "mushroom",
    "hyperparameters": {
        "n_optimizer_calls": 10
    },
    "metrics": {
        "accuracy_mean": 0.9932303879689043,
        "accuracy_std": 0.0034478011887866273,
        "train_time_mean": 27.041282880000654,
        "train_time_std": 4.638331876045864,
        "predict_time_mean": 0.3752498500001821,
        "predict_time_std": 0.1132082956714073
    }
}