{
    "model_name": "sklearn_knn_wrapper",
    "dataset": "mushroom",
    "hyperparameters": {
        "n_optimizer_calls": 25
    },
    "metrics": {
        "accuracy_mean": 1.0,
        "accuracy_std": 0.0,
        "train_time_mean": 53.76389049870049,
        "train_time_std": 2.3969958187986102,
        "predict_time_mean": 0.11317781459802063,
        "predict_time_std": 0.07127552030284737
    },
    "fold_metrics": {
        "accuracies": [
            1.0,
            1.0,
            1.0,
            1.0,
            1.0,
            1.0,
            1.0,
            1.0,
            1.0,
            1.0
        ],
        "train_times": [
            55.276294494993635,
            50.14204573900497,
            57.85555456399743,
            53.99727592601266,
            53.08565174099931,
            50.00014242599718,
            53.93343498300237,
            56.322701384997345,
            52.111737308994634,
            54.914066419005394
        ],
        "predict_times": [
            0.023836848995415494,
            0.17846435599494725,
            0.1751866160047939,
            0.023750284992274828,
            0.028402702999301255,
            0.17499866501020733,
            0.15740568899491336,
            0.18263479799497873,
            0.1574079010024434,
            0.029690283990930766
        ]
    }
}