{
    "model_name": "sklearn_knn_wrapper",
    "dataset": "mushroom",
    "hyperparameters": {
        "n_optimizer_calls": 25
    },
    "metrics": {
        "accuracy_mean": 1.0,
        "accuracy_std": 0.0,
        "train_time_mean": 134.35709986999282,
        "train_time_std": 62.79509491106644,
        "predict_time_mean": 0.2533237399999052,
        "predict_time_std": 0.1539666322730021
    },
    "fold_metrics": {
        "accuracies": [
            1.0,
            1.0,
            1.0,
            1.0,
            1.0,
            1.0,
            1.0,
            1.0,
            1.0,
            1.0
        ],
        "train_times": [
            224.7346944999881,
            237.31729279999854,
            186.95823369995924,
            161.81251299998257,
            147.17941669997526,
            90.61849600001005,
            81.75155529996846,
            82.11913559999084,
            72.51804300001822,
            58.56161810003687
        ],
        "predict_times": [
            0.3077519999933429,
            0.2830592999816872,
            0.2627652999944985,
            0.559115500014741,
            0.4511555000208318,
            0.14756489999126643,
            0.25932820001617074,
            0.12137459998484701,
            0.12075810000533238,
            0.020363999996334314
        ]
    }
}