{
    "model_name": "sklearn_knn_wrapper",
    "dataset": "mushroom",
    "hyperparameters": {
        "n_optimizer_calls": 25
    },
    "metrics": {
        "accuracy_mean": 1.0,
        "accuracy_std": 0.0,
        "train_time_mean": 53.629374477799864,
        "train_time_std": 2.3356570012176205,
        "predict_time_mean": 0.11528023389982991,
        "predict_time_std": 0.07188851849951923
    },
    "fold_metrics": {
        "accuracies": [
            1.0,
            1.0,
            1.0,
            1.0,
            1.0,
            1.0,
            1.0,
            1.0,
            1.0,
            1.0
        ],
        "train_times": [
            54.72313978499733,
            49.53900898799475,
            57.01707738099503,
            54.26058128000295,
            53.37179682699207,
            49.94737419299781,
            53.89910394400067,
            56.35307574500621,
            52.243536731999484,
            54.93904990301235
        ],
        "predict_times": [
            0.0237897009938024,
            0.18427994799276348,
            0.17630242599989288,
            0.023710114997811615,
            0.02374751601018943,
            0.17649572099617217,
            0.15781862199946772,
            0.18351134000113234,
            0.16270037200592924,
            0.04044657800113782
        ]
    }
}