{
    "model_name": "parameterless_knn_convex_hull_intra_hnbf",
    "dataset": "iris",
    "hyperparameters": {
        "metric": "convex_hull_intra",
        "n_optimizer_calls": 25,
        "support_samples_method": "hnbf"
    },
    "metrics": {
        "accuracy_mean": 0.49333333333333335,
        "accuracy_std": 0.07423685817106694,
        "train_time_mean": 8.901931700005662,
        "train_time_std": 1.2198214830134149,
        "predict_time_mean": 0.004843880009138957,
        "predict_time_std": 0.009869301964722596
    },
    "fold_metrics": {
        "accuracies": [
            0.5333333333333333,
            0.5333333333333333,
            0.4,
            0.5333333333333333,
            0.4666666666666667,
            0.6,
            0.4,
            0.4,
            0.6,
            0.4666666666666667
        ],
        "train_times": [
            7.6466009999858215,
            7.1072430000058375,
            7.403118000016548,
            9.968456600036006,
            8.551909500034526,
            9.967025900026783,
            10.4192822999903,
            8.789888800005428,
            8.534160599985626,
            10.63163129996974
        ],
        "predict_times": [
            0.0015475000254809856,
            0.001581299991812557,
            0.0016926000243984163,
            0.001482799998484552,
            0.0015652000438421965,
            0.0015491999802179635,
            0.001556800038088113,
            0.0015721999807283282,
            0.034451199986506253,
            0.0014400000218302011
        ]
    }
}