{
    "model_name": "parameterless_knn_convex_hull_inter_margin_clustering",
    "dataset": "iris",
    "hyperparameters": {
        "metric": "convex_hull_inter",
        "n_optimizer_calls": 25,
        "support_samples_method": "margin_clustering"
    },
    "metrics": {
        "accuracy_mean": 0.8266666666666668,
        "accuracy_std": 0.07423685817106697,
        "train_time_mean": 1.6702847299980932,
        "train_time_std": 0.05227470686580755,
        "predict_time_mean": 0.0014887999976053834,
        "predict_time_std": 0.0001626165990204095
    },
    "fold_metrics": {
        "accuracies": [
            0.8,
            0.8,
            0.8,
            0.8666666666666667,
            0.8,
            0.9333333333333333,
            0.6666666666666666,
            0.9333333333333333,
            0.8666666666666667,
            0.8
        ],
        "train_times": [
            1.5865871000569314,
            1.6136913999798708,
            1.6835142000345513,
            1.6510852999635972,
            1.7900502999546006,
            1.6865922999568284,
            1.6773970000213012,
            1.6928779000299983,
            1.6851579999784008,
            1.635893800004851
        ],
        "predict_times": [
            0.00131430005421862,
            0.0013979999930597842,
            0.0017021999810822308,
            0.0016754000098444521,
            0.0012243000091984868,
            0.001582199998665601,
            0.0015187999815680087,
            0.0013339999713934958,
            0.0014492999762296677,
            0.0016895000007934868
        ]
    }
}