{
    "model_name": "parameterless_knn_dissimilarity_gabriel_graph",
    "dataset": "iris",
    "hyperparameters": {
        "metric": "dissimilarity",
        "n_optimizer_calls": 25,
        "support_samples_method": "gabriel_graph"
    },
    "metrics": {
        "accuracy_mean": 0.7866666666666667,
        "accuracy_std": 0.12578641509408806,
        "train_time_mean": 14.21912596001639,
        "train_time_std": 1.1716509847641876,
        "predict_time_mean": 0.0015591499977745116,
        "predict_time_std": 0.00010849158490818351
    },
    "fold_metrics": {
        "accuracies": [
            0.8666666666666667,
            0.8666666666666667,
            0.8,
            0.6666666666666666,
            0.4666666666666667,
            0.8666666666666667,
            0.8666666666666667,
            0.7333333333333333,
            0.8666666666666667,
            0.8666666666666667
        ],
        "train_times": [
            15.305258300038986,
            12.051551799988374,
            13.93014770001173,
            13.96969989995705,
            13.43536560004577,
            15.428674500028137,
            15.904352799989283,
            15.378383700037375,
            13.19295580004109,
            13.594869500026107
        ],
        "predict_times": [
            0.00137929996708408,
            0.0017381000216118991,
            0.0015240000211633742,
            0.0015583999920636415,
            0.0016025000368244946,
            0.0013611000031232834,
            0.0016265999875031412,
            0.0016119999927468598,
            0.0016183999832719564,
            0.0015710999723523855
        ]
    }
}