{
    "model_name": "parameterless_knn_convex_hull_intra_margin_clustering",
    "dataset": "iris",
    "hyperparameters": {
        "metric": "convex_hull_intra",
        "n_optimizer_calls": 25,
        "support_samples_method": "margin_clustering"
    },
    "metrics": {
        "accuracy_mean": 0.8333333333333334,
        "accuracy_std": 0.074535599249993,
        "train_time_mean": 11.927799529995536,
        "train_time_std": 1.6507100833130839,
        "predict_time_mean": 0.004340159997809678,
        "predict_time_std": 0.008049597054571022
    },
    "fold_metrics": {
        "accuracies": [
            0.8,
            0.8,
            0.8,
            0.8666666666666667,
            0.8,
            0.9333333333333333,
            0.6666666666666666,
            0.9333333333333333,
            0.8666666666666667,
            0.8666666666666667
        ],
        "train_times": [
            12.507408700010274,
            9.833686099969782,
            13.346950899984222,
            12.559307099960279,
            13.258285099989735,
            9.60865340003511,
            11.547843499982264,
            11.166372500010766,
            10.382589199987706,
            15.066898800025228
        ],
        "predict_times": [
            0.0017009999719448388,
            0.001642799994442612,
            0.0015127999940887094,
            0.0016821000026538968,
            0.0017472000326961279,
            0.001721500011626631,
            0.028487699979450554,
            0.0014964999863877892,
            0.0016836000140756369,
            0.0017263999907299876
        ]
    }
}