{
    "model_name": "parameterless_knn_spread_margin_clustering",
    "dataset": "iris",
    "hyperparameters": {
        "metric": "spread",
        "n_optimizer_calls": 25,
        "support_samples_method": "margin_clustering"
    },
    "metrics": {
        "accuracy_mean": 0.8333333333333334,
        "accuracy_std": 0.06831300510639733,
        "train_time_mean": 15.647755509999115,
        "train_time_std": 1.491347427845963,
        "predict_time_mean": 0.006168250006157905,
        "predict_time_std": 0.013490693607393044
    },
    "fold_metrics": {
        "accuracies": [
            0.8666666666666667,
            0.8,
            0.7333333333333333,
            0.8666666666666667,
            0.7333333333333333,
            0.9333333333333333,
            0.8,
            0.8,
            0.9333333333333333,
            0.8666666666666667
        ],
        "train_times": [
            16.54017739999108,
            16.863595799950417,
            18.399073100008536,
            13.825639999995474,
            16.38631140004145,
            15.829680200025905,
            16.237245799973607,
            14.46053420001408,
            14.70777039998211,
            13.22752680000849
        ],
        "predict_times": [
            0.0016024000360630453,
            0.0015878000413067639,
            0.0015771999605931342,
            0.0014418999780900776,
            0.0015672000008635223,
            0.046635599981527776,
            0.0016696000238880515,
            0.0017103999853134155,
            0.0016371000092476606,
            0.002253300044685602
        ]
    }
}