{
    "model_name": "parameterless_knn_spread_gabriel_graph",
    "dataset": "iris",
    "hyperparameters": {
        "metric": "spread",
        "n_optimizer_calls": 25,
        "support_samples_method": "gabriel_graph"
    },
    "metrics": {
        "accuracy_mean": 0.8266666666666668,
        "accuracy_std": 0.11623730516108463,
        "train_time_mean": 4.016985210007988,
        "train_time_std": 0.19104398652776655,
        "predict_time_mean": 0.001507520000450313,
        "predict_time_std": 0.0002902389563288833
    },
    "fold_metrics": {
        "accuracies": [
            0.8666666666666667,
            0.8666666666666667,
            0.8,
            0.8666666666666667,
            0.5333333333333333,
            1.0,
            0.8666666666666667,
            0.7333333333333333,
            0.8666666666666667,
            0.8666666666666667
        ],
        "train_times": [
            3.653461600013543,
            4.130238700017799,
            4.270931700011715,
            3.7416137999971397,
            4.243100699968636,
            4.1464067999622785,
            4.080537700036075,
            3.9493640000000596,
            3.97959310002625,
            3.9746040000463836
        ],
        "predict_times": [
            0.0015528000076301396,
            0.0016119999927468598,
            0.0011464999988675117,
            0.0010967000271193683,
            0.001519199984613806,
            0.0016326000331901014,
            0.0017097999807447195,
            0.001567100000102073,
            0.0020909999730065465,
            0.0011475000064820051
        ]
    }
}