{
    "model_name": "parameterless_knn_dissimilarity_gabriel_graph",
    "dataset": "iris",
    "hyperparameters": {
        "metric": "dissimilarity",
        "n_optimizer_calls": 25,
        "support_samples_method": "gabriel_graph"
    },
    "metrics": {
        "accuracy_mean": 0.7866666666666667,
        "accuracy_std": 0.12578641509408806,
        "train_time_mean": 3.4352908100001516,
        "train_time_std": 0.23980215812415778,
        "predict_time_mean": 0.0012829999905079603,
        "predict_time_std": 0.00017231903323276923
    },
    "fold_metrics": {
        "accuracies": [
            0.8666666666666667,
            0.8666666666666667,
            0.8,
            0.6666666666666666,
            0.4666666666666667,
            0.8666666666666667,
            0.8666666666666667,
            0.7333333333333333,
            0.8666666666666667,
            0.8666666666666667
        ],
        "train_times": [
            3.8392274000216275,
            3.2447660000179894,
            3.2072949999710545,
            3.5530540999607183,
            3.1122011999832466,
            3.8393297999864444,
            3.4753636000095867,
            3.3779077000217512,
            3.2439725000294857,
            3.4597907999996096
        ],
        "predict_times": [
            0.0011131999781355262,
            0.0013629999593831599,
            0.0015493999817408621,
            0.0014096000231802464,
            0.0012092000106349587,
            0.0010986999841406941,
            0.001115199993364513,
            0.001291799999307841,
            0.0015641999780200422,
            0.0011156999971717596
        ]
    }
}