{
    "model_name": "parameterless_knn_convex_hull_intra_gabriel_graph",
    "dataset": "iris",
    "hyperparameters": {
        "metric": "convex_hull_intra",
        "n_optimizer_calls": 25,
        "support_samples_method": "gabriel_graph"
    },
    "metrics": {
        "accuracy_mean": 0.7066666666666667,
        "accuracy_std": 0.15832456116050558,
        "train_time_mean": 14.53194745000801,
        "train_time_std": 4.635296680008365,
        "predict_time_mean": 0.004079559992533177,
        "predict_time_std": 0.007327063978447822
    },
    "fold_metrics": {
        "accuracies": [
            0.5333333333333333,
            0.8666666666666667,
            0.8,
            0.8666666666666667,
            0.7333333333333333,
            0.6666666666666666,
            0.8,
            0.4,
            0.8666666666666667,
            0.5333333333333333
        ],
        "train_times": [
            27.59162830002606,
            12.642740300041623,
            11.720406400039792,
            12.323905099998228,
            10.721881499979645,
            13.964631299953908,
            12.535694300022442,
            12.884897799987812,
            16.995055500010494,
            13.938634000020102
        ],
        "predict_times": [
            0.0016404999769292772,
            0.0015835999511182308,
            0.0015131999971345067,
            0.0015505999908782542,
            0.02605970000149682,
            0.0016950000426732004,
            0.0017645999905653298,
            0.0016831999528221786,
            0.0016110000433400273,
            0.0016941999783739448
        ]
    }
}