{
    "model_name": "parameterless_knn_convex_hull_intra_hnbf",
    "dataset": "iris",
    "hyperparameters": {
        "metric": "convex_hull_intra",
        "n_optimizer_calls": 25,
        "support_samples_method": "hnbf"
    },
    "metrics": {
        "accuracy_mean": 0.49333333333333335,
        "accuracy_std": 0.07423685817106694,
        "train_time_mean": 2.6418068000057247,
        "train_time_std": 0.11425735627266971,
        "predict_time_mean": 0.0013036299962550402,
        "predict_time_std": 0.00018023594921475698
    },
    "fold_metrics": {
        "accuracies": [
            0.5333333333333333,
            0.5333333333333333,
            0.4,
            0.5333333333333333,
            0.4666666666666667,
            0.6,
            0.4,
            0.4,
            0.6,
            0.4666666666666667
        ],
        "train_times": [
            2.7196339000365697,
            2.664290399989113,
            2.7735644999775104,
            2.690694799995981,
            2.5960601000115275,
            2.7518356000073254,
            2.5014666999923065,
            2.548123700020369,
            2.4197970000095665,
            2.752601300016977
        ],
        "predict_times": [
            0.0011159999994561076,
            0.0011195999686606228,
            0.0012614000006578863,
            0.0012514999834820628,
            0.0016795999836176634,
            0.0013485999661497772,
            0.0011674000415951014,
            0.0012303999974392354,
            0.0015915000112727284,
            0.0012703000102192163
        ]
    }
}