{
    "model_name": "parameterless_knn_convex_hull_inter_gabriel_graph",
    "dataset": "iris",
    "hyperparameters": {
        "metric": "convex_hull_inter",
        "n_optimizer_calls": 25,
        "support_samples_method": "gabriel_graph"
    },
    "metrics": {
        "accuracy_mean": 0.5066666666666666,
        "accuracy_std": 0.09977753031397175,
        "train_time_mean": 8.302535950008314,
        "train_time_std": 0.7145539387950878,
        "predict_time_mean": 0.002039130008779466,
        "predict_time_std": 0.0008406805949686802
    },
    "fold_metrics": {
        "accuracies": [
            0.5333333333333333,
            0.5333333333333333,
            0.4666666666666667,
            0.5333333333333333,
            0.4,
            0.6666666666666666,
            0.4,
            0.3333333333333333,
            0.6,
            0.6
        ],
        "train_times": [
            8.574239099980332,
            7.467755899997428,
            6.623576299985871,
            8.668159599998035,
            8.726140700047836,
            8.679299900017213,
            8.181814500014298,
            9.16780330002075,
            8.119710900005884,
            8.816859300015494
        ],
        "predict_times": [
            0.0026493999757803977,
            0.0015112000401131809,
            0.004369500034954399,
            0.0016586999990977347,
            0.0017467000288888812,
            0.0017744999495334923,
            0.001982600020710379,
            0.001553500012960285,
            0.001498199999332428,
            0.001647000026423484
        ]
    }
}