{
    "model_name": "parameterless_knn_opposite_hyperplane_margin_clustering",
    "dataset": "iris",
    "hyperparameters": {
        "metric": "opposite_hyperplane",
        "n_optimizer_calls": 25,
        "support_samples_method": "margin_clustering"
    },
    "metrics": {
        "accuracy_mean": 0.7466666666666667,
        "accuracy_std": 0.0653197264742181,
        "train_time_mean": 2.579257529991446,
        "train_time_std": 0.21069244232715756,
        "predict_time_mean": 0.001396740006748587,
        "predict_time_std": 0.00019203187435572224
    },
    "fold_metrics": {
        "accuracies": [
            0.8,
            0.8,
            0.7333333333333333,
            0.8666666666666667,
            0.6666666666666666,
            0.6666666666666666,
            0.6666666666666666,
            0.7333333333333333,
            0.7333333333333333,
            0.8
        ],
        "train_times": [
            2.6420474000042304,
            2.6747919999761507,
            2.6688367999740876,
            2.6728418999700807,
            2.642818399996031,
            2.126211700029671,
            2.553562499990221,
            2.791255199990701,
            2.2366058999905363,
            2.7836034999927506
        ],
        "predict_times": [
            0.0010978999780490994,
            0.0016021000337786973,
            0.0015265000401996076,
            0.001184099994134158,
            0.0011027000145986676,
            0.0014527000021189451,
            0.0014953000354580581,
            0.0015787999727763236,
            0.0015937000280246139,
            0.0013335999683476985
        ]
    }
}