{
    "model_name": "parameterless_knn_convex_hull_inter_hnbf",
    "dataset": "iris",
    "hyperparameters": {
        "metric": "convex_hull_inter",
        "n_optimizer_calls": 25,
        "support_samples_method": "hnbf"
    },
    "metrics": {
        "accuracy_mean": 0.5,
        "accuracy_std": 0.0683130051063973,
        "train_time_mean": 7.832203229994048,
        "train_time_std": 0.30598739849178763,
        "predict_time_mean": 0.0015788699965924025,
        "predict_time_std": 0.00019487222613985835
    },
    "fold_metrics": {
        "accuracies": [
            0.4666666666666667,
            0.4666666666666667,
            0.4,
            0.5333333333333333,
            0.4666666666666667,
            0.6,
            0.4,
            0.6,
            0.5333333333333333,
            0.5333333333333333
        ],
        "train_times": [
            8.19696530001238,
            7.650353399978485,
            7.85288209997816,
            8.087527299998328,
            8.322317499958444,
            7.832428099995013,
            7.780917399970349,
            7.584906900010537,
            7.814161200018134,
            7.199573100020643
        ],
        "predict_times": [
            0.0014889999874867499,
            0.0021391999907791615,
            0.0014487000298686326,
            0.0015577999874949455,
            0.0015882999869063497,
            0.001409500022418797,
            0.001557400042656809,
            0.001568599953316152,
            0.0015528000076301396,
            0.0014773999573662877
        ]
    }
}