{
    "model_name": "parameterless_knn_spread_hnbf",
    "dataset": "iris",
    "hyperparameters": {
        "metric": "spread",
        "n_optimizer_calls": 25,
        "support_samples_method": "hnbf"
    },
    "metrics": {
        "accuracy_mean": 0.5066666666666666,
        "accuracy_std": 0.09043106644167022,
        "train_time_mean": 14.060643009986961,
        "train_time_std": 1.623442700517526,
        "predict_time_mean": 0.005521490005776286,
        "predict_time_std": 0.009634578534404588
    },
    "fold_metrics": {
        "accuracies": [
            0.4666666666666667,
            0.4666666666666667,
            0.4,
            0.5333333333333333,
            0.4,
            0.6666666666666666,
            0.4,
            0.6,
            0.6,
            0.5333333333333333
        ],
        "train_times": [
            13.835359599965159,
            14.790179099945817,
            16.7056229999871,
            16.590137200022582,
            13.251087600016035,
            14.724600399960764,
            11.892273199977353,
            14.293611200002488,
            12.097030000004452,
            12.426528799987864
        ],
        "predict_times": [
            0.0039246000233106315,
            0.0015918000135570765,
            0.00164899998344481,
            0.0015999000170268118,
            0.03415109997149557,
            0.0015762000111863017,
            0.005727000010665506,
            0.0016453000134788454,
            0.00162240001372993,
            0.0017275999998673797
        ]
    }
}