{
    "model_name": "parameterless_knn_dissimilarity_margin_clustering",
    "dataset": "iris",
    "hyperparameters": {
        "metric": "dissimilarity",
        "n_optimizer_calls": 25,
        "support_samples_method": "margin_clustering"
    },
    "metrics": {
        "accuracy_mean": 0.8400000000000001,
        "accuracy_std": 0.06110100926607787,
        "train_time_mean": 3.5776696600019933,
        "train_time_std": 0.5092846796594962,
        "predict_time_mean": 0.0013303899962920696,
        "predict_time_std": 0.0001823565263814761
    },
    "fold_metrics": {
        "accuracies": [
            0.8,
            0.8,
            0.7333333333333333,
            0.8666666666666667,
            0.8,
            0.9333333333333333,
            0.8,
            0.9333333333333333,
            0.8666666666666667,
            0.8666666666666667
        ],
        "train_times": [
            3.178990199987311,
            3.3358164000092074,
            3.1797068000305444,
            2.9620164000079967,
            3.2878131000325084,
            4.16207249998115,
            4.29243840003619,
            3.079667799989693,
            4.1754195999819785,
            4.122755399963353
        ],
        "predict_times": [
            0.001423700014129281,
            0.001142999972216785,
            0.0016234999638982117,
            0.0011480999528430402,
            0.001282599987462163,
            0.0012045000330545008,
            0.0015662999940104783,
            0.0011813000310212374,
            0.0011768999975174665,
            0.0015540000167675316
        ]
    }
}