{
    "model_name": "parameterless_knn_opposite_hyperplane_gabriel_graph",
    "dataset": "iris",
    "hyperparameters": {
        "metric": "opposite_hyperplane",
        "n_optimizer_calls": 25,
        "support_samples_method": "gabriel_graph"
    },
    "metrics": {
        "accuracy_mean": 0.8400000000000001,
        "accuracy_std": 0.07423685817106697,
        "train_time_mean": 3.39400222999393,
        "train_time_std": 0.21503504877836027,
        "predict_time_mean": 0.001253280002856627,
        "predict_time_std": 0.00012467150465052222
    },
    "fold_metrics": {
        "accuracies": [
            0.8666666666666667,
            0.8,
            0.8,
            0.8666666666666667,
            0.7333333333333333,
            1.0,
            0.8666666666666667,
            0.7333333333333333,
            0.8666666666666667,
            0.8666666666666667
        ],
        "train_times": [
            3.6287460000021383,
            3.3299683000077493,
            3.143276299990248,
            3.4256158000207506,
            3.7774674000102095,
            3.1367852999828756,
            3.4037511000060476,
            3.621071799949277,
            3.1249465000000782,
            3.3483937999699265
        ],
        "predict_times": [
            0.0014307000092230737,
            0.001095399959012866,
            0.0011893000337295234,
            0.0011620000004768372,
            0.001207799999974668,
            0.0013327000197023153,
            0.0013940000208094716,
            0.001108099997509271,
            0.0014322999631986022,
            0.0011805000249296427
        ]
    }
}