{
    "model_name": "parameterless_knn_silhouette_gabriel_graph",
    "dataset": "iris",
    "hyperparameters": {
        "metric": "silhouette",
        "n_optimizer_calls": 25,
        "support_samples_method": "gabriel_graph"
    },
    "metrics": {
        "accuracy_mean": 0.7133333333333332,
        "accuracy_std": 0.08969082698049143,
        "train_time_mean": 15.426793539995561,
        "train_time_std": 0.8297804004530337,
        "predict_time_mean": 0.004782420006813481,
        "predict_time_std": 0.009588850561636247
    },
    "fold_metrics": {
        "accuracies": [
            0.8,
            0.7333333333333333,
            0.7333333333333333,
            0.8666666666666667,
            0.7333333333333333,
            0.6,
            0.6,
            0.6666666666666666,
            0.8,
            0.6
        ],
        "train_times": [
            14.733384399965871,
            15.93676360003883,
            15.28537740005413,
            17.115979599999264,
            15.96435109997401,
            15.011739199981093,
            14.789157899969723,
            14.578562399954535,
            16.343862999987323,
            14.508756800030824
        ],
        "predict_times": [
            0.03354790003504604,
            0.0016497999895364046,
            0.0016220000106841326,
            0.001417200022842735,
            0.0015756000066176057,
            0.0015232000150717795,
            0.001545800012536347,
            0.001713800011202693,
            0.001540199969895184,
            0.0016886999947018921
        ]
    }
}