{
    "model_name": "parameterless_knn_spread_gabriel_graph",
    "dataset": "iris",
    "hyperparameters": {
        "metric": "spread",
        "n_optimizer_calls": 25,
        "support_samples_method": "gabriel_graph"
    },
    "metrics": {
        "accuracy_mean": 0.8266666666666668,
        "accuracy_std": 0.11623730516108463,
        "train_time_mean": 15.131327569985297,
        "train_time_std": 1.1432541271097632,
        "predict_time_mean": 0.0019940000085625796,
        "predict_time_std": 0.0012081479564269024
    },
    "fold_metrics": {
        "accuracies": [
            0.8666666666666667,
            0.8666666666666667,
            0.8,
            0.8666666666666667,
            0.5333333333333333,
            1.0,
            0.8666666666666667,
            0.7333333333333333,
            0.8666666666666667,
            0.8666666666666667
        ],
        "train_times": [
            15.083538999955636,
            16.451359699945897,
            17.66080840001814,
            14.664505199994892,
            15.336242599994875,
            14.7442259999807,
            15.347027399984654,
            14.663834400009364,
            13.53128990001278,
            13.830443099956028
        ],
        "predict_times": [
            0.001511800044681877,
            0.005615100031718612,
            0.0015530000091530383,
            0.0015625000232830644,
            0.0016005000215955079,
            0.001596699992660433,
            0.001685100025497377,
            0.001623599964659661,
            0.0015313999610953033,
            0.001660300011280924
        ]
    }
}