{
    "model_name": "parameterless_knn_opposite_hyperplane_margin_clustering",
    "dataset": "iris",
    "hyperparameters": {
        "metric": "opposite_hyperplane",
        "n_optimizer_calls": 25,
        "support_samples_method": "margin_clustering"
    },
    "metrics": {
        "accuracy_mean": 0.7466666666666667,
        "accuracy_std": 0.0653197264742181,
        "train_time_mean": 10.453026310005225,
        "train_time_std": 2.9539889445108254,
        "predict_time_mean": 0.0016932300059124827,
        "predict_time_std": 0.00021361590555050235
    },
    "fold_metrics": {
        "accuracies": [
            0.8,
            0.8,
            0.7333333333333333,
            0.8666666666666667,
            0.6666666666666666,
            0.6666666666666666,
            0.6666666666666666,
            0.7333333333333333,
            0.7333333333333333,
            0.8
        ],
        "train_times": [
            18.683791199990083,
            10.01031659997534,
            10.1502072000294,
            11.02014620002592,
            8.716118199983612,
            7.822861000022385,
            9.648090699978638,
            7.964224199997261,
            9.244246100017335,
            11.270261700032279
        ],
        "predict_times": [
            0.0019736000103875995,
            0.0015344000421464443,
            0.0021152999834157526,
            0.0017507000011391938,
            0.0018698000349104404,
            0.001526299980469048,
            0.0015961999888531864,
            0.0016198999946936965,
            0.0014841000083833933,
            0.0014620000147260725
        ]
    }
}