{
    "model_name": "parameterless_knn_spread_hnbf",
    "dataset": "iris",
    "hyperparameters": {
        "metric": "spread",
        "n_optimizer_calls": 25,
        "support_samples_method": "hnbf"
    },
    "metrics": {
        "accuracy_mean": 0.5066666666666666,
        "accuracy_std": 0.09043106644167022,
        "train_time_mean": 3.449242299993057,
        "train_time_std": 0.29876825290197445,
        "predict_time_mean": 0.0013345300045330077,
        "predict_time_std": 0.00018466375160930851
    },
    "fold_metrics": {
        "accuracies": [
            0.4666666666666667,
            0.4666666666666667,
            0.4,
            0.5333333333333333,
            0.4,
            0.6666666666666666,
            0.4,
            0.6,
            0.6,
            0.5333333333333333
        ],
        "train_times": [
            3.2210701999720186,
            3.422595799958799,
            4.008315200044308,
            3.7631601000321098,
            3.2586095000151545,
            3.685866799962241,
            3.1834812999586575,
            3.655836299993098,
            3.0051587999914773,
            3.2883290000027046
        ],
        "predict_times": [
            0.0016349000507034361,
            0.0014462000108323991,
            0.001177600002847612,
            0.0011581999715417624,
            0.0011063999845646322,
            0.001487000030465424,
            0.0013470000121742487,
            0.001243299979250878,
            0.0011532999924384058,
            0.001591400010511279
        ]
    }
}