{
    "model_name": "parameterless_knn_spread_margin_clustering",
    "dataset": "iris",
    "hyperparameters": {
        "metric": "spread",
        "n_optimizer_calls": 25,
        "support_samples_method": "margin_clustering"
    },
    "metrics": {
        "accuracy_mean": 0.8333333333333334,
        "accuracy_std": 0.06831300510639733,
        "train_time_mean": 3.816223119996721,
        "train_time_std": 0.23704499370513718,
        "predict_time_mean": 0.0012754199968185275,
        "predict_time_std": 0.0001496884210932779
    },
    "fold_metrics": {
        "accuracies": [
            0.8666666666666667,
            0.8,
            0.7333333333333333,
            0.8666666666666667,
            0.7333333333333333,
            0.9333333333333333,
            0.8,
            0.8,
            0.9333333333333333,
            0.8666666666666667
        ],
        "train_times": [
            3.60029490001034,
            3.784939699980896,
            4.0686295999912545,
            3.490103900025133,
            4.078560499998275,
            4.088216600008309,
            3.980876499961596,
            3.716646699991543,
            3.9276133999810554,
            3.4263494000188075
        ],
        "predict_times": [
            0.0011755999876186252,
            0.0011678999871946871,
            0.00119270000141114,
            0.0011487999581731856,
            0.0013337000273168087,
            0.0015446000033989549,
            0.0011338000185787678,
            0.0015432999935001135,
            0.0013321000151336193,
            0.0011816999758593738
        ]
    }
}