{
    "model_name": "parameterless_knn_convex_hull_intra_gabriel_graph",
    "dataset": "iris",
    "hyperparameters": {
        "metric": "convex_hull_intra",
        "n_optimizer_calls": 25,
        "support_samples_method": "gabriel_graph"
    },
    "metrics": {
        "accuracy_mean": 0.7066666666666667,
        "accuracy_std": 0.15832456116050558,
        "train_time_mean": 4.165265080000973,
        "train_time_std": 0.5810062556003257,
        "predict_time_mean": 0.001439529994968325,
        "predict_time_std": 0.00024287302919943335
    },
    "fold_metrics": {
        "accuracies": [
            0.5333333333333333,
            0.8666666666666667,
            0.8,
            0.8666666666666667,
            0.7333333333333333,
            0.6666666666666666,
            0.8,
            0.4,
            0.8666666666666667,
            0.5333333333333333
        ],
        "train_times": [
            4.985598500003107,
            4.161774900043383,
            3.4613429000019096,
            4.077642999996897,
            3.2552139000035822,
            5.033808999985922,
            3.6440565999946557,
            4.068317600002047,
            4.74197729997104,
            4.22291710000718
        ],
        "predict_times": [
            0.0015985000063665211,
            0.0014587999903596938,
            0.001297099981456995,
            0.0015694000176154077,
            0.0010831999825313687,
            0.0017921000253409147,
            0.001656699983868748,
            0.0010999999940395355,
            0.0011824999819509685,
            0.001656999986153096
        ]
    }
}