{
    "model_name": "parameterless_knn_dissimilarity_hnbf",
    "dataset": "iris",
    "hyperparameters": {
        "metric": "dissimilarity",
        "n_optimizer_calls": 25,
        "support_samples_method": "hnbf"
    },
    "metrics": {
        "accuracy_mean": 0.5266666666666666,
        "accuracy_std": 0.09165151389911678,
        "train_time_mean": 3.3225969400024042,
        "train_time_std": 0.47585905409697854,
        "predict_time_mean": 0.0012763800099492074,
        "predict_time_std": 0.00017862156186504086
    },
    "fold_metrics": {
        "accuracies": [
            0.5333333333333333,
            0.4666666666666667,
            0.4,
            0.5333333333333333,
            0.6666666666666666,
            0.6666666666666666,
            0.4,
            0.6,
            0.4666666666666667,
            0.5333333333333333
        ],
        "train_times": [
            2.917916400008835,
            3.1026154999854043,
            4.4242856000200845,
            3.4932244999799877,
            2.7597687000525184,
            3.080644099973142,
            2.9683064999990165,
            3.1094151999568567,
            3.667265399999451,
            3.7025275000487454
        ],
        "predict_times": [
            0.0011819000355899334,
            0.00115130003541708,
            0.0011199999717064202,
            0.001173499971628189,
            0.0013770999503321946,
            0.0011048000305891037,
            0.0014402000233530998,
            0.0015771000180393457,
            0.0010965000255964696,
            0.001541400037240237
        ]
    }
}