{
    "model_name": "parameterless_knn_dissimilarity_hnbf",
    "dataset": "iris",
    "hyperparameters": {
        "metric": "dissimilarity",
        "n_optimizer_calls": 25,
        "support_samples_method": "hnbf"
    },
    "metrics": {
        "accuracy_mean": 0.5266666666666666,
        "accuracy_std": 0.09165151389911678,
        "train_time_mean": 13.290209259995027,
        "train_time_std": 1.5459033118704313,
        "predict_time_mean": 0.001562769990414381,
        "predict_time_std": 6.807771031072334e-05
    },
    "fold_metrics": {
        "accuracies": [
            0.5333333333333333,
            0.4666666666666667,
            0.4,
            0.5333333333333333,
            0.6666666666666666,
            0.6666666666666666,
            0.4,
            0.6,
            0.4666666666666667,
            0.5333333333333333
        ],
        "train_times": [
            14.354140299954452,
            13.246053999988362,
            12.132774199999403,
            14.6848804000183,
            10.443106100021396,
            12.820505399955437,
            11.645266600011382,
            12.947331300005317,
            15.051441900024656,
            15.57659239997156
        ],
        "predict_times": [
            0.0014927000156603754,
            0.0015876999823376536,
            0.001601099967956543,
            0.001630100014153868,
            0.001437300001271069,
            0.001644300005864352,
            0.001470399962272495,
            0.0015777999651618302,
            0.0015629999688826501,
            0.001623300020582974
        ]
    }
}