{
    "model_name": "parameterless_knn_convex_hull_intra_margin_clustering",
    "dataset": "iris",
    "hyperparameters": {
        "metric": "convex_hull_intra",
        "n_optimizer_calls": 25,
        "support_samples_method": "margin_clustering"
    },
    "metrics": {
        "accuracy_mean": 0.8333333333333334,
        "accuracy_std": 0.074535599249993,
        "train_time_mean": 3.627143770002294,
        "train_time_std": 0.5515016532130279,
        "predict_time_mean": 0.0013614699884783477,
        "predict_time_std": 0.00022422053882207386
    },
    "fold_metrics": {
        "accuracies": [
            0.8,
            0.8,
            0.8,
            0.8666666666666667,
            0.8,
            0.9333333333333333,
            0.6666666666666666,
            0.9333333333333333,
            0.8666666666666667,
            0.8666666666666667
        ],
        "train_times": [
            3.6634113999898545,
            2.869698300026357,
            3.984168700000737,
            3.8083952000015415,
            3.6891150000155903,
            3.231625900021754,
            3.197746899968479,
            4.031214500020724,
            2.989324799971655,
            4.806737000006251
        ],
        "predict_times": [
            0.0012039000284858048,
            0.0011294999858364463,
            0.0013266999740153551,
            0.0011866999557241797,
            0.001727399998344481,
            0.0013948999694548547,
            0.001734199991915375,
            0.0011613999959081411,
            0.0015724999830126762,
            0.0011775000020861626
        ]
    }
}