{
    "model_name": "parameterless_knn_dissimilarity_margin_clustering",
    "dataset": "iris",
    "hyperparameters": {
        "metric": "dissimilarity",
        "n_optimizer_calls": 25,
        "support_samples_method": "margin_clustering"
    },
    "metrics": {
        "accuracy_mean": 0.8400000000000001,
        "accuracy_std": 0.06110100926607787,
        "train_time_mean": 14.871119639993413,
        "train_time_std": 2.241070256701859,
        "predict_time_mean": 0.0037126699986401944,
        "predict_time_std": 0.005991638806613098
    },
    "fold_metrics": {
        "accuracies": [
            0.8,
            0.8,
            0.7333333333333333,
            0.8666666666666667,
            0.8,
            0.9333333333333333,
            0.8,
            0.9333333333333333,
            0.8666666666666667,
            0.8666666666666667
        ],
        "train_times": [
            13.463741799991112,
            14.13551599998027,
            12.19372320000548,
            12.604670500033535,
            12.406851899984758,
            16.720957899990026,
            17.57616880000569,
            13.936096599965822,
            18.082770599983633,
            17.5906990999938
        ],
        "predict_times": [
            0.0016191999893635511,
            0.0018350000027567148,
            0.0014856000198051333,
            0.021666000015102327,
            0.0025550000136718154,
            0.0015358999953605235,
            0.0015771999605931342,
            0.001617400033865124,
            0.0016331999795511365,
            0.0016021999763324857
        ]
    }
}