{
    "model_name": "parameterless_knn_silhouette_margin_clustering",
    "dataset": "iris",
    "hyperparameters": {
        "metric": "silhouette",
        "n_optimizer_calls": 25,
        "support_samples_method": "margin_clustering"
    },
    "metrics": {
        "accuracy_mean": 0.6799999999999999,
        "accuracy_std": 0.09797958971132711,
        "train_time_mean": 14.022631369990995,
        "train_time_std": 0.9835955597348816,
        "predict_time_mean": 0.005130080011440441,
        "predict_time_std": 0.010579035760716162
    },
    "fold_metrics": {
        "accuracies": [
            0.7333333333333333,
            0.8,
            0.7333333333333333,
            0.5333333333333333,
            0.7333333333333333,
            0.6666666666666666,
            0.6666666666666666,
            0.7333333333333333,
            0.7333333333333333,
            0.4666666666666667
        ],
        "train_times": [
            12.73264649999328,
            14.478100700012874,
            13.07878779998282,
            15.88292459998047,
            14.434994499955792,
            14.883338200044818,
            14.518929199955892,
            14.132290199981071,
            12.618076900020242,
            13.466225099982694
        ],
        "predict_times": [
            0.001602599979378283,
            0.001477799960412085,
            0.0015580999897792935,
            0.0019230000325478613,
            0.001485500019043684,
            0.001709100033622235,
            0.001457400037907064,
            0.0015806000446900725,
            0.001641899987589568,
            0.036864800029434264
        ]
    }
}