{
    "model_name": "parameterless_knn_convex_hull_inter_gabriel_graph",
    "dataset": "iris",
    "hyperparameters": {
        "metric": "convex_hull_inter",
        "n_optimizer_calls": 25,
        "support_samples_method": "gabriel_graph"
    },
    "metrics": {
        "accuracy_mean": 0.5066666666666666,
        "accuracy_std": 0.09977753031397175,
        "train_time_mean": 2.0463841699995102,
        "train_time_std": 0.062308277151167005,
        "predict_time_mean": 0.0013801300025079398,
        "predict_time_std": 0.00011792405512344638
    },
    "fold_metrics": {
        "accuracies": [
            0.5333333333333333,
            0.5333333333333333,
            0.4666666666666667,
            0.5333333333333333,
            0.4,
            0.6666666666666666,
            0.4,
            0.3333333333333333,
            0.6,
            0.6
        ],
        "train_times": [
            2.0363586000166833,
            2.1039535000454634,
            2.159990000014659,
            2.071366099989973,
            2.1123518999665976,
            2.0394544000155292,
            1.975207599985879,
            2.026195899990853,
            1.9788819999666885,
            1.9600817000027746
        ],
        "predict_times": [
            0.001268699998036027,
            0.0012083000037819147,
            0.0016378999571315944,
            0.0014326999662443995,
            0.0013654000358656049,
            0.001361300004646182,
            0.0015221000066958368,
            0.0013583999825641513,
            0.0013342000311240554,
            0.0013123000389896333
        ]
    }
}