{
    "model_name": "parameterless_knn_silhouette_margin_clustering",
    "dataset": "iris",
    "hyperparameters": {
        "metric": "silhouette",
        "n_optimizer_calls": 25,
        "support_samples_method": "margin_clustering"
    },
    "metrics": {
        "accuracy_mean": 0.6799999999999999,
        "accuracy_std": 0.09797958971132711,
        "train_time_mean": 3.2988232200033965,
        "train_time_std": 0.14699232636939208,
        "predict_time_mean": 0.001420099992537871,
        "predict_time_std": 0.0002072605082407277
    },
    "fold_metrics": {
        "accuracies": [
            0.7333333333333333,
            0.8,
            0.7333333333333333,
            0.5333333333333333,
            0.7333333333333333,
            0.6666666666666666,
            0.6666666666666666,
            0.7333333333333333,
            0.7333333333333333,
            0.4666666666666667
        ],
        "train_times": [
            3.1176375999930315,
            3.4283283000113443,
            3.115599500015378,
            3.4089787999982946,
            3.202958900015801,
            3.486934899992775,
            3.4670407000230625,
            3.4190028999582864,
            3.1521020000218414,
            3.1896486000041477
        ],
        "predict_times": [
            0.0016172999748960137,
            0.001593399967532605,
            0.0012518999865278602,
            0.0011249000090174377,
            0.0016118999919854105,
            0.0011611999943852425,
            0.001602599979378283,
            0.0011444000410847366,
            0.0015430999919772148,
            0.0015502999885939062
        ]
    }
}