{
    "model_name": "parameterless_knn_opposite_hyperplane_hnbf",
    "dataset": "iris",
    "hyperparameters": {
        "metric": "opposite_hyperplane",
        "n_optimizer_calls": 25,
        "support_samples_method": "hnbf"
    },
    "metrics": {
        "accuracy_mean": 0.4666666666666667,
        "accuracy_std": 0.17126976771553504,
        "train_time_mean": 2.741100729990285,
        "train_time_std": 0.9241597454723404,
        "predict_time_mean": 0.0012129000097047538,
        "predict_time_std": 0.00045895308463187476
    },
    "fold_metrics": {
        "accuracies": [
            0.5333333333333333,
            0.5333333333333333,
            0.4,
            0.5333333333333333,
            0.0,
            0.6666666666666666,
            0.4,
            0.5333333333333333,
            0.5333333333333333,
            0.5333333333333333
        ],
        "train_times": [
            3.166299299977254,
            2.842646099976264,
            2.990489699994214,
            3.123874499986414,
            0.0,
            2.8634727000026032,
            3.3404888000222854,
            2.97960849996889,
            3.089078699995298,
            3.0150489999796264
        ],
        "predict_times": [
            0.0010831000399775803,
            0.0014573000371456146,
            0.0016882999916560948,
            0.0010599999804981053,
            0.0,
            0.0011476000072434545,
            0.0016835000133141875,
            0.0014367999974638224,
            0.001179700018838048,
            0.0013927000109106302
        ]
    }
}