{
    "model_name": "parameterless_knn_opposite_hyperplane_gabriel_graph",
    "dataset": "iris",
    "hyperparameters": {
        "metric": "opposite_hyperplane",
        "n_optimizer_calls": 25,
        "support_samples_method": "gabriel_graph"
    },
    "metrics": {
        "accuracy_mean": 0.8400000000000001,
        "accuracy_std": 0.07423685817106697,
        "train_time_mean": 11.793047609983478,
        "train_time_std": 1.3007687661489773,
        "predict_time_mean": 0.0015819699969142676,
        "predict_time_std": 6.840007859757174e-05
    },
    "fold_metrics": {
        "accuracies": [
            0.8666666666666667,
            0.8,
            0.8,
            0.8666666666666667,
            0.7333333333333333,
            1.0,
            0.8666666666666667,
            0.7333333333333333,
            0.8666666666666667,
            0.8666666666666667
        ],
        "train_times": [
            12.769261399982497,
            11.440571799990721,
            12.833086800004821,
            10.428505000018049,
            13.714156299945898,
            8.870690099953208,
            11.403467199997976,
            12.426564199966379,
            11.950542000005953,
            12.093631299969275
        ],
        "predict_times": [
            0.0015791000332683325,
            0.0016203999985009432,
            0.0015293000033125281,
            0.0016716999816708267,
            0.0016425999929197133,
            0.0016204999992623925,
            0.0016534999595023692,
            0.0014472000184468925,
            0.001519199984613806,
            0.0015361999976448715
        ]
    }
}