{
    "model_name": "parameterless_knn_convex_hull_inter_margin_clustering",
    "dataset": "iris",
    "hyperparameters": {
        "metric": "convex_hull_inter",
        "n_optimizer_calls": 25,
        "support_samples_method": "margin_clustering"
    },
    "metrics": {
        "accuracy_mean": 0.8266666666666668,
        "accuracy_std": 0.07423685817106697,
        "train_time_mean": 7.279395399993518,
        "train_time_std": 0.6476798860287105,
        "predict_time_mean": 0.004233669990208,
        "predict_time_std": 0.006017066796253857
    },
    "fold_metrics": {
        "accuracies": [
            0.8,
            0.8,
            0.8,
            0.8666666666666667,
            0.8,
            0.9333333333333333,
            0.6666666666666666,
            0.9333333333333333,
            0.8666666666666667,
            0.8
        ],
        "train_times": [
            6.249191100010648,
            7.4992985999560915,
            7.177445399982389,
            6.65008549997583,
            6.176549099967815,
            7.654284299991559,
            7.781737099983729,
            7.7845542000140995,
            8.005537000019103,
            7.815271700033918
        ],
        "predict_times": [
            0.0016499999910593033,
            0.0017090000328607857,
            0.0016441000043414533,
            0.021811200014781207,
            0.0017268999945372343,
            0.0014888999867253006,
            0.001740999985486269,
            0.006264299969188869,
            0.0016537999617867172,
            0.0026474999613128603
        ]
    }
}