{
    "model_name": "parameterless_knn_convex_hull_inter_hnbf",
    "dataset": "iris",
    "hyperparameters": {
        "metric": "convex_hull_inter",
        "n_optimizer_calls": 25,
        "support_samples_method": "hnbf"
    },
    "metrics": {
        "accuracy_mean": 0.5,
        "accuracy_std": 0.0683130051063973,
        "train_time_mean": 1.435315359995002,
        "train_time_std": 0.021562824046723866,
        "predict_time_mean": 0.0013845400011632592,
        "predict_time_std": 0.000161454885782844
    },
    "fold_metrics": {
        "accuracies": [
            0.4666666666666667,
            0.4666666666666667,
            0.4,
            0.5333333333333333,
            0.4666666666666667,
            0.6,
            0.4,
            0.6,
            0.5333333333333333,
            0.5333333333333333
        ],
        "train_times": [
            1.4471327000064775,
            1.4209233000292443,
            1.4055904999841005,
            1.4179633000167087,
            1.4632678999914788,
            1.4607821999816224,
            1.4227850000024773,
            1.4677933999919333,
            1.4135792999877594,
            1.4333359999582171
        ],
        "predict_times": [
            0.0011180000146850944,
            0.0011629000073298812,
            0.0013990000006742775,
            0.0015720999799668789,
            0.0013901999918743968,
            0.0012427999754436314,
            0.0016446000081487,
            0.0014228999498300254,
            0.0015106000355444849,
            0.001382300048135221
        ]
    }
}