{
    "model_name": "parameterless_knn_silhouette_gabriel_graph",
    "dataset": "iris",
    "hyperparameters": {
        "metric": "silhouette",
        "n_optimizer_calls": 25,
        "support_samples_method": "gabriel_graph"
    },
    "metrics": {
        "accuracy_mean": 0.7133333333333332,
        "accuracy_std": 0.08969082698049143,
        "train_time_mean": 3.7676054299983663,
        "train_time_std": 0.21148796777230525,
        "predict_time_mean": 0.0013772000034805386,
        "predict_time_std": 0.00022381297374423113
    },
    "fold_metrics": {
        "accuracies": [
            0.8,
            0.7333333333333333,
            0.7333333333333333,
            0.8666666666666667,
            0.7333333333333333,
            0.6,
            0.6,
            0.6666666666666666,
            0.8,
            0.6
        ],
        "train_times": [
            3.7594362000236288,
            3.4622965999878943,
            3.4716868000105023,
            3.922555099998135,
            4.183285099978093,
            3.6433675999869592,
            3.723000999947544,
            3.684342300053686,
            3.9515369000146165,
            3.874546699982602
        ],
        "predict_times": [
            0.0016249999753199518,
            0.0010808000224642456,
            0.0015154000138863921,
            0.0011169000063091516,
            0.0013853000127710402,
            0.001624799973797053,
            0.0015382000128738582,
            0.0016175000346265733,
            0.0011616999981924891,
            0.0011063999845646322
        ]
    }
}