{
    "model_name": "parameterless_knn_silhouette_hnbf",
    "dataset": "iris",
    "hyperparameters": {
        "metric": "silhouette",
        "n_optimizer_calls": 25,
        "support_samples_method": "hnbf"
    },
    "metrics": {
        "accuracy_mean": 0.5933333333333334,
        "accuracy_std": 0.23560796062763054,
        "train_time_mean": 2.5586680400127078,
        "train_time_std": 0.8654961461249865,
        "predict_time_mean": 0.0011843000014778227,
        "predict_time_std": 0.0004380127226721499
    },
    "fold_metrics": {
        "accuracies": [
            0.7333333333333333,
            0.7333333333333333,
            0.4,
            0.6,
            0.0,
            0.8,
            0.5333333333333333,
            0.6666666666666666,
            0.8666666666666667,
            0.6
        ],
        "train_times": [
            2.8084607000346296,
            2.9573085000156425,
            2.5945494000334293,
            3.1346844999934547,
            0.0,
            2.887291599996388,
            2.825269400025718,
            2.884148599987384,
            2.6183512000134215,
            2.876616500027012
        ],
        "predict_times": [
            0.0011297999881207943,
            0.0011947000166401267,
            0.0011320000048726797,
            0.0015657999902032316,
            0.0,
            0.001595200039446354,
            0.0011289000394754112,
            0.001145699992775917,
            0.0015795999788679183,
            0.001371299964375794
        ]
    }
}