{
    "model_name": "parameterless_knn_accuracy",
    "dataset": "iris",
    "hyperparameters": {
        "metric": "accuracy"
    },
    "metrics": {
        "accuracy_mean": 0.82,
        "accuracy_std": 0.07333333333333336,
        "train_time_mean": 5.783082849999483,
        "train_time_std": 2.150083347932155,
        "predict_time_mean": 0.0023419900018780025,
        "predict_time_std": 0.0008443322806596163
    }
}