{
    "model_name": "sklearn_knn_wrapper",
    "dataset": "iris",
    "hyperparameters": {
        "n_optimizer_calls": 10
    },
    "metrics": {
        "accuracy_mean": 0.8266666666666668,
        "accuracy_std": 0.06798692684790382,
        "train_time_mean": 0.46589066999986245,
        "train_time_std": 0.06375330388496706,
        "predict_time_mean": 0.0011135900003864663,
        "predict_time_std": 0.00022523113643159267
    }
}