{
    "model_name": "sklearn_knn_wrapper",
    "dataset": "iris",
    "hyperparameters": {
        "n_optimizer_calls": 25
    },
    "metrics": {
        "accuracy_mean": 0.8466666666666667,
        "accuracy_std": 0.08459051693633014,
        "train_time_mean": 23.783813359984197,
        "train_time_std": 7.002802100709344,
        "predict_time_mean": 0.004719510005088523,
        "predict_time_std": 0.010521029029951747
    },
    "fold_metrics": {
        "accuracies": [
            0.8,
            0.8,
            0.7333333333333333,
            0.8666666666666667,
            0.7333333333333333,
            1.0,
            0.8,
            0.9333333333333333,
            0.8666666666666667,
            0.9333333333333333
        ],
        "train_times": [
            28.343571999983396,
            24.213887899997644,
            12.364163299964275,
            23.570827799965627,
            37.52197110000998,
            26.20802639995236,
            23.76650620001601,
            15.614052399992943,
            16.92420469998615,
            29.310921799973585
        ],
        "predict_times": [
            0.0007861999911256135,
            0.00120449997484684,
            0.0012320000096224248,
            0.0011808000272139907,
            0.0007985999691300094,
            0.00190100003965199,
            0.0013494999730028212,
            0.036270400043576956,
            0.0011770999990403652,
            0.0012950000236742198
        ]
    }
}