{
    "model_name": "sklearn_knn_wrapper",
    "dataset": "iris",
    "hyperparameters": {
        "n_optimizer_calls": 25
    },
    "metrics": {
        "accuracy_mean": 0.8466666666666667,
        "accuracy_std": 0.08459051693633014,
        "train_time_mean": 3.9496165600023234,
        "train_time_std": 0.1911449388984225,
        "predict_time_mean": 0.0009426499949768185,
        "predict_time_std": 0.00018261099800129092
    },
    "fold_metrics": {
        "accuracies": [
            0.8,
            0.8,
            0.7333333333333333,
            0.8666666666666667,
            0.7333333333333333,
            1.0,
            0.8,
            0.9333333333333333,
            0.8666666666666667,
            0.9333333333333333
        ],
        "train_times": [
            3.9423442000406794,
            4.07966689998284,
            4.0200120999943465,
            3.675387299968861,
            4.275305000017397,
            3.8995407999609597,
            4.066003000014462,
            3.5824008000199683,
            3.9081696000066586,
            4.04733590001706
        ],
        "predict_times": [
            0.0008055999642238021,
            0.0009381999843753874,
            0.001111400022637099,
            0.0010902000358328223,
            0.0005230000242590904,
            0.0011993999942205846,
            0.0008957000100053847,
            0.0008762999786995351,
            0.0009203999652527273,
            0.0010662999702617526
        ]
    }
}