{
    "model_name": "parameterless_knn_convex_hull_inter_margin_clustering",
    "dataset": "abalone",
    "hyperparameters": {
        "metric": "convex_hull_inter",
        "n_optimizer_calls": 25,
        "support_samples_method": "margin_clustering"
    },
    "metrics": {
        "accuracy_mean": 0.1965549091827017,
        "accuracy_std": 0.01212471820432463,
        "train_time_mean": 11.19673989920002,
        "train_time_std": 1.734744228492981,
        "predict_time_mean": 0.061712318600007164,
        "predict_time_std": 0.03473919334315448
    },
    "fold_metrics": {
        "accuracies": [
            0.19617224880382775,
            0.18421052631578946,
            0.1937799043062201,
            0.20813397129186603,
            0.18660287081339713,
            0.18181818181818182,
            0.215311004784689,
            0.18225419664268586,
            0.20623501199040767,
            0.21103117505995203
        ],
        "train_times": [
            9.384551442999964,
            9.955547355000135,
            9.986690242000122,
            9.337943772000017,
            11.793446808999988,
            13.188244340999972,
            14.69873325399999,
            12.29222522200007,
            9.665564788999973,
            11.664451764999967
        ],
        "predict_times": [
            0.03681421400006002,
            0.06599519199994575,
            0.07244390400001066,
            0.03674212600003557,
            0.10143954499994834,
            0.03615713500016682,
            0.02444231800018315,
            0.10604614199996831,
            0.018458373999919786,
            0.11858423599983325
        ]
    }
}