{
    "model_name": "parameterless_knn_convex_hull_inter",
    "dataset": "yeast",
    "hyperparameters": {
        "metric": "convex_hull_inter",
        "n_optimizer_calls": 25
    },
    "metrics": {
        "accuracy_mean": 0.5171056538151588,
        "accuracy_std": 0.01619411839906322,
        "train_time_mean": 6.1991440821992,
        "train_time_std": 0.5917829793510637,
        "predict_time_mean": 0.015057313299621455,
        "predict_time_std": 0.014244414001642048
    },
    "fold_metrics": {
        "accuracies": [
            0.5116851168511685,
            0.5362853628536285,
            0.5030750307503075,
            0.5510455104551045,
            0.5012315270935961,
            0.5233990147783252,
            0.5086206896551724,
            0.5073891625615764,
            0.5,
            0.5283251231527094
        ],
        "train_times": [
            7.34386054398783,
            6.388409538005362,
            5.745036820997484,
            5.540634030010551,
            5.630004323000321,
            6.791935312998248,
            6.147327345999656,
            6.120381654996891,
            5.499560092997854,
            6.784291158997803
        ],
        "predict_times": [
            0.03118657899904065,
            0.0050161539984401315,
            0.006607311996049248,
            0.0052253640023991466,
            0.0062593940092483535,
            0.008026449999306351,
            0.004853253994951956,
            0.0357532740017632,
            0.005288379994453862,
            0.042356972000561655
        ]
    }
}