{
    "model_name": "parameterless_knn_convex_hull_intra_margin_clustering",
    "dataset": "yeast",
    "hyperparameters": {
        "metric": "convex_hull_intra",
        "n_optimizer_calls": 25,
        "support_samples_method": "margin_clustering"
    },
    "metrics": {
        "accuracy_mean": 0.8782643799344397,
        "accuracy_std": 0.012185569090105753,
        "train_time_mean": 119.91056319001363,
        "train_time_std": 27.155076351869813,
        "predict_time_mean": 0.7548462099861354,
        "predict_time_std": 0.29967744029041765
    },
    "fold_metrics": {
        "accuracies": [
            0.8966789667896679,
            0.8634686346863468,
            0.8794587945879458,
            0.8536285362853628,
            0.8866995073891626,
            0.875615763546798,
            0.8866995073891626,
            0.875615763546798,
            0.8903940886699507,
            0.874384236453202
        ],
        "train_times": [
            134.36579980002716,
            111.65318190003745,
            86.72188440000173,
            173.86272770003416,
            126.21770330000436,
            153.78762479999568,
            124.98659610003233,
            89.68314660002943,
            105.07246930000838,
            92.75449799996568
        ],
        "predict_times": [
            1.3528757999883965,
            0.5166948999976739,
            0.8752547999611124,
            1.1953133000060916,
            0.8104783000308089,
            0.8116682000108995,
            0.5107794999494217,
            0.47761519998311996,
            0.5255875999573618,
            0.47219449997646734
        ]
    }
}