{
    "model_name": "parameterless_knn_opposite_hyperplane",
    "dataset": "yeast",
    "hyperparameters": {
        "metric": "opposite_hyperplane",
        "n_optimizer_calls": 25
    },
    "metrics": {
        "accuracy_mean": 0.5848057125891457,
        "accuracy_std": 0.020175901902261893,
        "train_time_mean": 5.170760406796762,
        "train_time_std": 0.1336259554974569,
        "predict_time_mean": 0.0029408153000986203,
        "predict_time_std": 0.0001316386561178012
    },
    "fold_metrics": {
        "accuracies": [
            0.6039360393603936,
            0.6076260762607626,
            0.5571955719557196,
            0.6088560885608856,
            0.5665024630541872,
            0.5812807881773399,
            0.5677339901477833,
            0.5997536945812808,
            0.5566502463054187,
            0.5985221674876847
        ],
        "train_times": [
            5.220853834005538,
            5.18307554499188,
            4.829016092990059,
            5.172875956995995,
            5.189577757992083,
            5.1902852920029545,
            5.16447821399197,
            5.246021739993012,
            5.117448396005784,
            5.393971238998347
        ],
        "predict_times": [
            0.002703841993934475,
            0.0028699289978249,
            0.0028804800094803795,
            0.0028518440085463226,
            0.0031018659938126802,
            0.003156017992296256,
            0.0028350450011203066,
            0.003036599009647034,
            0.0029426349938148633,
            0.0030298950005089864
        ]
    }
}