{
    "model_name": "parameterless_knn_convex_hull_intra",
    "dataset": "yeast",
    "hyperparameters": {
        "metric": "convex_hull_intra",
        "n_optimizer_calls": 25
    },
    "metrics": {
        "accuracy_mean": 0.5582203297402433,
        "accuracy_std": 0.016977384337581555,
        "train_time_mean": 6.888468946500507,
        "train_time_std": 0.9534288027596931,
        "predict_time_mean": 0.023949697603529784,
        "predict_time_std": 0.018046689989215516
    },
    "fold_metrics": {
        "accuracies": [
            0.5498154981549815,
            0.5584255842558425,
            0.5448954489544895,
            0.5977859778597786,
            0.5467980295566502,
            0.5443349753694581,
            0.5492610837438424,
            0.5763546798029556,
            0.5443349753694581,
            0.5701970443349754
        ],
        "train_times": [
            7.064071326996782,
            6.492793671000982,
            8.801713936991291,
            7.333418213005643,
            5.270992048011976,
            6.092970662008156,
            6.710010530005093,
            7.902989368987619,
            7.1448741700005485,
            6.070855537996977
        ],
        "predict_times": [
            0.04328996500407811,
            0.006834904997958802,
            0.047549006005283445,
            0.0460639840021031,
            0.005623236007522792,
            0.014780952988076024,
            0.04603568100719713,
            0.01298429400776513,
            0.005185341011383571,
            0.011149611003929749
        ]
    }
}