{
    "model_name": "parameterless_knn_convex_hull_inter_margin_clustering",
    "dataset": "yeast",
    "hyperparameters": {
        "metric": "convex_hull_inter",
        "n_optimizer_calls": 25,
        "support_samples_method": "margin_clustering"
    },
    "metrics": {
        "accuracy_mean": 0.8785105338738116,
        "accuracy_std": 0.011879280861805036,
        "train_time_mean": 103.88139688001247,
        "train_time_std": 9.174046590033155,
        "predict_time_mean": 0.6248855199839454,
        "predict_time_std": 0.09743768766399559
    },
    "fold_metrics": {
        "accuracies": [
            0.8954489544895449,
            0.8634686346863468,
            0.8806888068880688,
            0.8548585485854858,
            0.8866995073891626,
            0.874384236453202,
            0.8879310344827587,
            0.874384236453202,
            0.8903940886699507,
            0.8768472906403941
        ],
        "train_times": [
            109.35008850001032,
            100.80254930001684,
            81.89578449999681,
            110.41315770003712,
            112.19159359997138,
            109.08688200003235,
            101.98801630001981,
            93.73529189999681,
            107.88772020000033,
            111.46288480004296
        ],
        "predict_times": [
            0.770548400003463,
            0.47591919999103993,
            0.49632189999101683,
            0.647546699969098,
            0.6692040999769233,
            0.5744116999558173,
            0.7775160999735817,
            0.5777501999982633,
            0.5828503000084311,
            0.6767865999718197
        ]
    }
}