{
    "model_name": "parameterless_knn_spread",
    "dataset": "yeast",
    "hyperparameters": {
        "metric": "spread",
        "n_optimizer_calls": 25
    },
    "metrics": {
        "accuracy_mean": 0.5848057125891457,
        "accuracy_std": 0.020175901902261893,
        "train_time_mean": 6.36074030190066,
        "train_time_std": 1.0360708162394263,
        "predict_time_mean": 0.019517066501430237,
        "predict_time_std": 0.02572916258109609
    },
    "fold_metrics": {
        "accuracies": [
            0.6039360393603936,
            0.6076260762607626,
            0.5571955719557196,
            0.6088560885608856,
            0.5665024630541872,
            0.5812807881773399,
            0.5677339901477833,
            0.5997536945812808,
            0.5566502463054187,
            0.5985221674876847
        ],
        "train_times": [
            7.707345303002512,
            5.511758125998313,
            7.5399735840037465,
            5.983844948001206,
            6.088021586998366,
            6.672765965005965,
            5.193519553999067,
            4.977869918002398,
            8.081533876000321,
            5.8507701579947025
        ],
        "predict_times": [
            0.05318884000007529,
            0.0027944390021730214,
            0.0722803649987327,
            0.00257957901339978,
            0.04802115100028459,
            0.0029266680066939443,
            0.0029623269947478548,
            0.0043647949933074415,
            0.0026076770009240136,
            0.0034448240039637312
        ]
    }
}