{
    "model_name": "parameterless_knn_opposite_hyperplane",
    "dataset": "yeast",
    "hyperparameters": {
        "metric": "opposite_hyperplane"
    },
    "metrics": {
        "accuracy_mean": 0.5078001470858614,
        "accuracy_std": 0.028546788651726836,
        "train_time_mean": 2.3899689800011403,
        "train_time_std": 0.236478011603672,
        "predict_time_mean": 0.019343259999732253,
        "predict_time_std": 0.004899260525406444
    }
}