{
    "model_name": "parameterless_knn_dissimilarity",
    "dataset": "yeast",
    "hyperparameters": {
        "metric": "dissimilarity",
        "n_optimizer_calls": 25
    },
    "metrics": {
        "accuracy_mean": 0.5284316131338654,
        "accuracy_std": 0.011732999779688266,
        "train_time_mean": 2.6726938676976717,
        "train_time_std": 0.029032628397376112,
        "predict_time_mean": 0.005641035705048125,
        "predict_time_std": 0.00047124180316027034
    },
    "fold_metrics": {
        "accuracies": [
            0.5215252152521526,
            0.5387453874538746,
            0.5227552275522755,
            0.5522755227552275,
            0.5233990147783252,
            0.5283251231527094,
            0.5147783251231527,
            0.5295566502463054,
            0.5123152709359606,
            0.5406403940886699
        ],
        "train_times": [
            2.677486587999738,
            2.6481146040023305,
            2.6846855179901468,
            2.6722528819955187,
            2.694816723000258,
            2.722538898990024,
            2.6361121850059135,
            2.675623472998268,
            2.619675754001946,
            2.6956320509925717
        ],
        "predict_times": [
            0.005452531011542305,
            0.005225797009188682,
            0.006218172013177536,
            0.005152116995304823,
            0.006422265010769479,
            0.005789050992461853,
            0.005005142011214048,
            0.00568177000968717,
            0.005292497997288592,
            0.006171013999846764
        ]
    }
}