{
    "model_name": "parameterless_knn_dissimilarity",
    "dataset": "yeast",
    "hyperparameters": {
        "metric": "dissimilarity",
        "n_optimizer_calls": 25
    },
    "metrics": {
        "accuracy_mean": 0.5284316131338654,
        "accuracy_std": 0.011732999779688266,
        "train_time_mean": 2.663941462300136,
        "train_time_std": 0.03182328424560206,
        "predict_time_mean": 0.005567629700817633,
        "predict_time_std": 0.00043752801292641104
    },
    "fold_metrics": {
        "accuracies": [
            0.5215252152521526,
            0.5387453874538746,
            0.5227552275522755,
            0.5522755227552275,
            0.5233990147783252,
            0.5283251231527094,
            0.5147783251231527,
            0.5295566502463054,
            0.5123152709359606,
            0.5406403940886699
        ],
        "train_times": [
            2.673046883995994,
            2.648858411004767,
            2.675900148009532,
            2.640955341994413,
            2.678848384995945,
            2.7095616120059276,
            2.627996390001499,
            2.680317391990684,
            2.601990377996117,
            2.701939681006479
        ],
        "predict_times": [
            0.00547809099953156,
            0.005175245998543687,
            0.005976018001092598,
            0.005125287992996164,
            0.006274800005485304,
            0.005826287000672892,
            0.004820347006898373,
            0.005742018009186722,
            0.005292585992719978,
            0.005965616001049057
        ]
    }
}