{
    "model_name": "parameterless_knn_convex_hull_intra_hnbf",
    "dataset": "yeast",
    "hyperparameters": {
        "metric": "convex_hull_intra",
        "n_optimizer_calls": 25,
        "support_samples_method": "hnbf"
    },
    "metrics": {
        "accuracy_mean": 0.5563751598107114,
        "accuracy_std": 0.020310068241594197,
        "train_time_mean": 24.283760000008623,
        "train_time_std": 3.802120499367914,
        "predict_time_mean": 0.21314540000166743,
        "predict_time_std": 0.06554282972977706
    },
    "fold_metrics": {
        "accuracies": [
            0.5498154981549815,
            0.5313653136531366,
            0.5535055350553506,
            0.5990159901599016,
            0.5344827586206896,
            0.5541871921182266,
            0.5467980295566502,
            0.5677339901477833,
            0.583743842364532,
            0.5431034482758621
        ],
        "train_times": [
            28.31623880000552,
            19.845973999996204,
            19.286886500020046,
            20.784872299991548,
            27.608482000010554,
            27.221237600024324,
            27.872431499999948,
            28.239818800007924,
            24.191989900020417,
            19.469668600009754
        ],
        "predict_times": [
            0.160682900052052,
            0.14415079995524138,
            0.13927939999848604,
            0.22106380003970116,
            0.3602734999731183,
            0.20244620001176372,
            0.273495500034187,
            0.24003029998857528,
            0.23466249997727573,
            0.1553690999862738
        ]
    }
}