{
    "model_name": "parameterless_knn_silhouette_margin_clustering",
    "dataset": "yeast",
    "hyperparameters": {
        "metric": "silhouette",
        "n_optimizer_calls": 25,
        "support_samples_method": "margin_clustering"
    },
    "metrics": {
        "accuracy_mean": 0.9493212210447227,
        "accuracy_std": 0.14383266721424628,
        "train_time_mean": 147.41225490000798,
        "train_time_std": 34.06994959946221,
        "predict_time_mean": 0.6100597199925687,
        "predict_time_std": 0.17810010184153005
    },
    "fold_metrics": {
        "accuracies": [
            0.998769987699877,
            0.997539975399754,
            0.5178351783517835,
            0.997539975399754,
            0.9987684729064039,
            0.9950738916256158,
            0.9963054187192119,
            0.9975369458128078,
            0.9975369458128078,
            0.9963054187192119
        ],
        "train_times": [
            144.4744932000176,
            118.89858039998217,
            154.69234499998856,
            131.99439190002158,
            219.75606550002703,
            162.54427910002414,
            192.06528979999712,
            115.20642150001368,
            126.77016930002719,
            107.72051329998067
        ],
        "predict_times": [
            0.5255393999977969,
            0.7350790000054985,
            0.7472277000197209,
            0.5351417999481782,
            0.772017799958121,
            0.9815708000096492,
            0.41410449997056276,
            0.4912764000473544,
            0.47726449999026954,
            0.4213752999785356
        ]
    }
}