{
    "model_name": "parameterless_knn_opposite_hyperplane",
    "dataset": "yeast",
    "hyperparameters": {
        "metric": "opposite_hyperplane",
        "n_optimizer_calls": 25
    },
    "metrics": {
        "accuracy_mean": 0.5848057125891457,
        "accuracy_std": 0.020175901902261893,
        "train_time_mean": 5.188208933900751,
        "train_time_std": 0.12217192378406372,
        "predict_time_mean": 0.0029395702993497254,
        "predict_time_std": 0.00016832083292335874
    },
    "fold_metrics": {
        "accuracies": [
            0.6039360393603936,
            0.6076260762607626,
            0.5571955719557196,
            0.6088560885608856,
            0.5665024630541872,
            0.5812807881773399,
            0.5677339901477833,
            0.5997536945812808,
            0.5566502463054187,
            0.5985221674876847
        ],
        "train_times": [
            5.2287064580013976,
            5.2308563019905705,
            4.941603610001039,
            5.135672827003873,
            5.0956047939980635,
            5.233919965001405,
            5.184942888998194,
            5.210811149008805,
            5.166143722002744,
            5.453827623001416
        ],
        "predict_times": [
            0.003113443002803251,
            0.0028764140006387606,
            0.0032176480017369613,
            0.002733350993366912,
            0.003006704995641485,
            0.003177294012857601,
            0.002839066000888124,
            0.0028827159985667095,
            0.002760089992079884,
            0.002788975994917564
        ]
    }
}