{
    "model_name": "parameterless_knn_spread",
    "dataset": "yeast",
    "hyperparameters": {
        "metric": "spread",
        "n_optimizer_calls": 25
    },
    "metrics": {
        "accuracy_mean": 0.5848057125891457,
        "accuracy_std": 0.020175901902261893,
        "train_time_mean": 6.349864408600842,
        "train_time_std": 1.0520743383236493,
        "predict_time_mean": 0.0130460886968649,
        "predict_time_std": 0.01983354064150112
    },
    "fold_metrics": {
        "accuracies": [
            0.6039360393603936,
            0.6076260762607626,
            0.5571955719557196,
            0.6088560885608856,
            0.5665024630541872,
            0.5812807881773399,
            0.5677339901477833,
            0.5997536945812808,
            0.5566502463054187,
            0.5985221674876847
        ],
        "train_times": [
            7.719993878999958,
            5.580536066001514,
            7.537819567005499,
            5.78586752100091,
            6.021541624999372,
            6.757734175000223,
            5.113196559992502,
            5.041344465003931,
            8.107084463001229,
            5.833525765003287
        ],
        "predict_times": [
            0.04884783500165213,
            0.0022642819967586547,
            0.05616104199725669,
            0.0028312119975453243,
            0.00669541499519255,
            0.0026262239989591762,
            0.0028148629935458302,
            0.0023781089985277504,
            0.0028407270001480356,
            0.003001177989062853
        ]
    }
}