{
    "model_name": "parameterless_knn_opposite_hyperplane_hnbf",
    "dataset": "yeast",
    "hyperparameters": {
        "metric": "opposite_hyperplane",
        "n_optimizer_calls": 25,
        "support_samples_method": "hnbf"
    },
    "metrics": {
        "accuracy_mean": 0.5739725155872248,
        "accuracy_std": 0.04421441947292512,
        "train_time_mean": 28.469871069997318,
        "train_time_std": 7.728495127767946,
        "predict_time_mean": 0.2579452899983153,
        "predict_time_std": 0.11103081010262483
    },
    "fold_metrics": {
        "accuracies": [
            0.6199261992619927,
            0.5350553505535055,
            0.5670356703567035,
            0.6211562115621156,
            0.5369458128078818,
            0.6699507389162561,
            0.5517241379310345,
            0.5566502463054187,
            0.5455665024630542,
            0.5357142857142857
        ],
        "train_times": [
            30.015238899970427,
            37.63547540002037,
            43.054154800018296,
            23.44028649997199,
            19.94987269997364,
            22.112533800012898,
            20.017749799997546,
            21.96726220002165,
            32.79726399999345,
            33.7088725999929
        ],
        "predict_times": [
            0.40567140001803637,
            0.46243049995973706,
            0.12196140002924949,
            0.21134989999700338,
            0.1801393000059761,
            0.1708064000122249,
            0.1978139000129886,
            0.19003289996180683,
            0.2507208000170067,
            0.3885263999691233
        ]
    }
}