{
    "model_name": "parameterless_knn_spread_margin_clustering",
    "dataset": "yeast",
    "hyperparameters": {
        "metric": "spread",
        "n_optimizer_calls": 25,
        "support_samples_method": "margin_clustering"
    },
    "metrics": {
        "accuracy_mean": 0.8988201273638351,
        "accuracy_std": 0.014607936539863847,
        "train_time_mean": 154.39210538000333,
        "train_time_std": 33.765450866440595,
        "predict_time_mean": 0.6392214700055774,
        "predict_time_std": 0.23407193152639677
    },
    "fold_metrics": {
        "accuracies": [
            0.923739237392374,
            0.8782287822878229,
            0.8966789667896679,
            0.8819188191881919,
            0.9137931034482759,
            0.9027093596059114,
            0.9100985221674877,
            0.8842364532019704,
            0.9088669950738916,
            0.8879310344827587
        ],
        "train_times": [
            154.86966289998963,
            132.73867079999764,
            168.08909050002694,
            174.30543200002285,
            194.1397905999911,
            215.16063820000272,
            149.24910549999913,
            116.9958331999951,
            143.38665790000232,
            94.98617220000597
        ],
        "predict_times": [
            0.7828204000252299,
            0.6758303000242449,
            0.5609974000253715,
            1.1052775999996811,
            0.5714680999517441,
            0.960496100015007,
            0.41951789997983724,
            0.5681207000161521,
            0.35617580002872273,
            0.39151039998978376
        ]
    }
}