{
    "model_name": "parameterless_knn_convex_hull_intra",
    "dataset": "yeast",
    "hyperparameters": {
        "metric": "convex_hull_intra",
        "n_optimizer_calls": 25
    },
    "metrics": {
        "accuracy_mean": 0.5582203297402433,
        "accuracy_std": 0.016977384337581555,
        "train_time_mean": 6.937249412700476,
        "train_time_std": 1.0008468796100742,
        "predict_time_mean": 0.022746093700698113,
        "predict_time_std": 0.019845085573402088
    },
    "fold_metrics": {
        "accuracies": [
            0.5498154981549815,
            0.5584255842558425,
            0.5448954489544895,
            0.5977859778597786,
            0.5467980295566502,
            0.5443349753694581,
            0.5492610837438424,
            0.5763546798029556,
            0.5443349753694581,
            0.5701970443349754
        ],
        "train_times": [
            7.140593396004988,
            6.609877069000504,
            8.948854126996594,
            7.388278073005495,
            5.230965476992424,
            6.146485880002729,
            6.703618892992381,
            8.046148695008014,
            7.098725817995728,
            6.058946699005901
        ],
        "predict_times": [
            0.04511206698953174,
            0.007062678007059731,
            0.008827398996800184,
            0.05093997600488365,
            0.005540692000067793,
            0.03995506100181956,
            0.05103090799821075,
            0.006318200001260266,
            0.005144523995113559,
            0.007529432012233883
        ]
    }
}