{
    "model_name": "parameterless_knn_silhouette_hnbf",
    "dataset": "yeast",
    "hyperparameters": {
        "metric": "silhouette",
        "n_optimizer_calls": 25,
        "support_samples_method": "hnbf"
    },
    "metrics": {
        "accuracy_mean": 0.8164685316803908,
        "accuracy_std": 0.0119459703377962,
        "train_time_mean": 23.025563470018096,
        "train_time_std": 2.2337877961274053,
        "predict_time_mean": 0.2028271700022742,
        "predict_time_std": 0.07010488475778173
    },
    "fold_metrics": {
        "accuracies": [
            0.8191881918819188,
            0.8056580565805658,
            0.8154981549815498,
            0.8351783517835178,
            0.8004926108374384,
            0.812807881773399,
            0.8115763546798029,
            0.8300492610837439,
            0.8017241379310345,
            0.8325123152709359
        ],
        "train_times": [
            22.932847600022797,
            20.45435960002942,
            19.36555640003644,
            23.57730810000794,
            23.485310500022024,
            20.080940400017425,
            24.01445210003294,
            24.515853700053412,
            26.549064699967857,
            25.279941599990707
        ],
        "predict_times": [
            0.2304112000274472,
            0.09972830000333488,
            0.13852390000829473,
            0.1519001999986358,
            0.15567049995297566,
            0.2652403999818489,
            0.327335599984508,
            0.2005940000526607,
            0.29262359999120235,
            0.16624400002183393
        ]
    }
}