{
    "model_name": "parameterless_knn_convex_hull_inter",
    "dataset": "yeast",
    "hyperparameters": {
        "metric": "convex_hull_inter",
        "n_optimizer_calls": 25
    },
    "metrics": {
        "accuracy_mean": 0.5171056538151588,
        "accuracy_std": 0.01619411839906322,
        "train_time_mean": 6.161977041199862,
        "train_time_std": 0.5343959228801956,
        "predict_time_mean": 0.012537928699748591,
        "predict_time_std": 0.013217492321354642
    },
    "fold_metrics": {
        "accuracies": [
            0.5116851168511685,
            0.5362853628536285,
            0.5030750307503075,
            0.5510455104551045,
            0.5012315270935961,
            0.5233990147783252,
            0.5086206896551724,
            0.5073891625615764,
            0.5,
            0.5283251231527094
        ],
        "train_times": [
            7.334084437999991,
            6.331922291996307,
            5.923450565998792,
            5.650530600003549,
            5.7060519229999045,
            6.661552418998326,
            6.130933884996921,
            5.961999462000676,
            5.433168345000013,
            6.486076482004137
        ],
        "predict_times": [
            0.031067047995748,
            0.0055413439986296,
            0.006413145994883962,
            0.009183932997984812,
            0.006446822997531854,
            0.0055159860057756305,
            0.004840641006012447,
            0.006570773999555968,
            0.00466267199954018,
            0.045136920001823455
        ]
    }
}