{
    "model_name": "parameterless_knn_opposite_hyperplane_margin_clustering",
    "dataset": "yeast",
    "hyperparameters": {
        "metric": "opposite_hyperplane",
        "n_optimizer_calls": 25,
        "support_samples_method": "margin_clustering"
    },
    "metrics": {
        "accuracy_mean": 0.9975377032095443,
        "accuracy_std": 0.0013492091654163725,
        "train_time_mean": 97.19545686999336,
        "train_time_std": 13.688433598903922,
        "predict_time_mean": 0.4549709600047208,
        "predict_time_std": 0.09706806650494118
    },
    "fold_metrics": {
        "accuracies": [
            0.998769987699877,
            0.997539975399754,
            1.0,
            0.997539975399754,
            0.9987684729064039,
            0.9950738916256158,
            0.9963054187192119,
            0.9975369458128078,
            0.9975369458128078,
            0.9963054187192119
        ],
        "train_times": [
            100.00035659997957,
            107.96307800000068,
            77.16107830003602,
            105.47904579999158,
            100.20759519998683,
            118.63023259997135,
            100.29849179997109,
            77.84447759995237,
            105.91663600003812,
            78.45357680000598
        ],
        "predict_times": [
            0.4083929000189528,
            0.5435900000156835,
            0.3843747999635525,
            0.4212963000172749,
            0.5081247999914922,
            0.6940849000238813,
            0.430871200049296,
            0.3478121000225656,
            0.4294364999514073,
            0.38172609999310225
        ]
    }
}