{
    "model_name": "parameterless_knn_dissimilarity_margin_clustering",
    "dataset": "yeast",
    "hyperparameters": {
        "metric": "dissimilarity",
        "n_optimizer_calls": 25,
        "support_samples_method": "margin_clustering"
    },
    "metrics": {
        "accuracy_mean": 0.8945126606438478,
        "accuracy_std": 0.016082564278807724,
        "train_time_mean": 103.29402010001358,
        "train_time_std": 11.702491129364102,
        "predict_time_mean": 0.6781978900020477,
        "predict_time_std": 0.11523071687950819
    },
    "fold_metrics": {
        "accuracies": [
            0.9212792127921279,
            0.8733087330873309,
            0.8954489544895449,
            0.8671586715867159,
            0.9088669950738916,
            0.8990147783251231,
            0.9027093596059114,
            0.8817733990147784,
            0.9076354679802956,
            0.8879310344827587
        ],
        "train_times": [
            118.19477660005214,
            89.38906970003154,
            92.6898019000073,
            99.83760480000637,
            112.46323420002591,
            116.37365999998292,
            106.68459560000338,
            91.95772370003397,
            117.40206589997979,
            87.94766860001255
        ],
        "predict_times": [
            0.6912005000049248,
            0.7176752000232227,
            0.4353873999789357,
            0.705637699982617,
            0.5636231999960728,
            0.8811114000272937,
            0.6233263000031002,
            0.7442232000175864,
            0.7717946000047959,
            0.6479993999819271
        ]
    }
}