{
    "model_name": "parameterless_knn_silhouette",
    "dataset": "yeast",
    "hyperparameters": {
        "metric": "silhouette",
        "n_optimizer_calls": 25
    },
    "metrics": {
        "accuracy_mean": 0.579886875223432,
        "accuracy_std": 0.020942895530723316,
        "train_time_mean": 6.4936306659001275,
        "train_time_std": 0.9683440210963786,
        "predict_time_mean": 0.016404383201734162,
        "predict_time_std": 0.019863938300594408
    },
    "fold_metrics": {
        "accuracies": [
            0.6063960639606396,
            0.5522755227552275,
            0.5510455104551045,
            0.6088560885608856,
            0.5665024630541872,
            0.5812807881773399,
            0.5677339901477833,
            0.5997536945812808,
            0.5665024630541872,
            0.5985221674876847
        ],
        "train_times": [
            7.83951968299516,
            5.25127290499222,
            8.011017832992366,
            6.746130512008676,
            4.968732619003276,
            6.834657205996336,
            6.335832486001891,
            5.759752183003002,
            6.033316913002636,
            7.156074319005711
        ],
        "predict_times": [
            0.054475196011480875,
            0.0028780639986507595,
            0.05125447901082225,
            0.006127492000814527,
            0.0028755210078088567,
            0.002641110011609271,
            0.002895336991059594,
            0.007963486990774982,
            0.030013898998731747,
            0.0029192469955887645
        ]
    }
}