{
    "model_name": "parameterless_knn_spread_hnbf",
    "dataset": "yeast",
    "hyperparameters": {
        "metric": "spread",
        "n_optimizer_calls": 25,
        "support_samples_method": "hnbf"
    },
    "metrics": {
        "accuracy_mean": 0.6966989620635123,
        "accuracy_std": 0.03928920963500397,
        "train_time_mean": 29.085238329990535,
        "train_time_std": 3.715399025411473,
        "predict_time_mean": 0.1924185700016096,
        "predict_time_std": 0.05899405510027396
    },
    "fold_metrics": {
        "accuracies": [
            0.7170971709717097,
            0.6285362853628537,
            0.7097170971709718,
            0.7490774907749077,
            0.6810344827586207,
            0.6859605911330049,
            0.6354679802955665,
            0.7253694581280788,
            0.6884236453201971,
            0.7463054187192119
        ],
        "train_times": [
            25.160423299996182,
            24.54000849998556,
            27.040185899997596,
            34.2324611999793,
            33.05148709996138,
            30.5974009000347,
            27.41098669997882,
            23.972445099963807,
            33.436668500013184,
            31.410316099994816
        ],
        "predict_times": [
            0.09017829998629168,
            0.10707109997747466,
            0.309225199976936,
            0.20712930004810914,
            0.17311710002832115,
            0.18940860003931448,
            0.24010369996540248,
            0.19816989998798817,
            0.21503610000945628,
            0.1947463999968022
        ]
    }
}