{
    "model_name": "parameterless_knn_silhouette",
    "dataset": "yeast",
    "hyperparameters": {
        "metric": "silhouette",
        "n_optimizer_calls": 25
    },
    "metrics": {
        "accuracy_mean": 0.579886875223432,
        "accuracy_std": 0.020942895530723316,
        "train_time_mean": 6.42142702400015,
        "train_time_std": 1.00030383730956,
        "predict_time_mean": 0.0181718991996604,
        "predict_time_std": 0.02136435269078827
    },
    "fold_metrics": {
        "accuracies": [
            0.6063960639606396,
            0.5522755227552275,
            0.5510455104551045,
            0.6088560885608856,
            0.5665024630541872,
            0.5812807881773399,
            0.5677339901477833,
            0.5997536945812808,
            0.5665024630541872,
            0.5985221674876847
        ],
        "train_times": [
            7.781154805998085,
            5.1457337780011585,
            8.008507146994816,
            6.766132288001245,
            4.785759239006438,
            6.733230680998531,
            6.25874200600083,
            5.6826094930002,
            6.013717996000196,
            7.038682805999997
        ],
        "predict_times": [
            0.059088687994517386,
            0.002701304998481646,
            0.05478645900439005,
            0.005993347993353382,
            0.0028269239992368966,
            0.003120253997622058,
            0.0028448859957279637,
            0.014282617004937492,
            0.033033743005944416,
            0.003040768002392724
        ]
    }
}