{
    "model_name": "parameterless_knn_dissimilarity_hnbf",
    "dataset": "yeast",
    "hyperparameters": {
        "metric": "dissimilarity",
        "n_optimizer_calls": 25,
        "support_samples_method": "hnbf"
    },
    "metrics": {
        "accuracy_mean": 0.8161007398251321,
        "accuracy_std": 0.01544613610466857,
        "train_time_mean": 28.0067856599926,
        "train_time_std": 4.344723441455325,
        "predict_time_mean": 0.17891646001371556,
        "predict_time_std": 0.046121492750251895
    },
    "fold_metrics": {
        "accuracies": [
            0.8130381303813038,
            0.7896678966789668,
            0.8142681426814268,
            0.8450184501845018,
            0.8029556650246306,
            0.8054187192118226,
            0.8165024630541872,
            0.8288177339901478,
            0.8103448275862069,
            0.8349753694581281
        ],
        "train_times": [
            36.014495000010356,
            29.454470600001514,
            23.03435490000993,
            24.718717799987644,
            30.47871669998858,
            33.58509949996369,
            29.868588500015903,
            25.630473600002006,
            24.772266299987677,
            22.510673699958716
        ],
        "predict_times": [
            0.22681929997634143,
            0.15397980000125244,
            0.13379200000781566,
            0.10839270002907142,
            0.15671920002205297,
            0.1891763000166975,
            0.16865320003125817,
            0.25955870002508163,
            0.2381846000207588,
            0.15388880000682548
        ]
    }
}