{
    "model_name": "parameterless_knn_convex_hull_inter_hnbf",
    "dataset": "yeast",
    "hyperparameters": {
        "metric": "convex_hull_inter",
        "n_optimizer_calls": 25,
        "support_samples_method": "hnbf"
    },
    "metrics": {
        "accuracy_mean": 0.5620288234902053,
        "accuracy_std": 0.03032330057141521,
        "train_time_mean": 25.112964759999887,
        "train_time_std": 4.267211444943907,
        "predict_time_mean": 0.20349520000163465,
        "predict_time_std": 0.04912107983304778
    },
    "fold_metrics": {
        "accuracies": [
            0.5805658056580566,
            0.5313653136531366,
            0.6383763837638377,
            0.5756457564575646,
            0.5332512315270936,
            0.5467980295566502,
            0.5504926108374384,
            0.5504926108374384,
            0.5406403940886699,
            0.5726600985221675
        ],
        "train_times": [
            22.157334199990146,
            24.41796880000038,
            26.392282299988437,
            22.875308899965603,
            34.96312609995948,
            25.19601509999484,
            27.61514970002463,
            27.810494200035464,
            20.22605510003632,
            19.47591320000356
        ],
        "predict_times": [
            0.18395869998494163,
            0.23848220001673326,
            0.13337970001157373,
            0.3216897000093013,
            0.2134014000184834,
            0.16824969998560846,
            0.16621890000533313,
            0.21843589999480173,
            0.21227279998129234,
            0.1788630000082776
        ]
    }
}