{
    "model_name": "sklearn_knn_wrapper",
    "dataset": "yeast",
    "hyperparameters": {
        "n_optimizer_calls": 10
    },
    "metrics": {
        "accuracy_mean": 0.5909450266593124,
        "accuracy_std": 0.023155169758140127,
        "train_time_mean": 1.6529276199991727,
        "train_time_std": 0.23070397004080237,
        "predict_time_mean": 0.005776690000129747,
        "predict_time_std": 0.0013011402722367682
    }
}