{
    "model_name": "sklearn_knn_wrapper",
    "dataset": "yeast",
    "hyperparameters": {
        "n_optimizer_calls": 25
    },
    "metrics": {
        "accuracy_mean": 1.0,
        "accuracy_std": 0.0,
        "train_time_mean": 53.2910799011981,
        "train_time_std": 2.359663740695618,
        "predict_time_mean": 0.11445815470069647,
        "predict_time_std": 0.07334097676004875
    },
    "fold_metrics": {
        "accuracies": [
            1.0,
            1.0,
            1.0,
            1.0,
            1.0,
            1.0,
            1.0,
            1.0,
            1.0,
            1.0
        ],
        "train_times": [
            55.09511313198891,
            49.7088390019926,
            57.21465542100486,
            53.60380325000733,
            52.418920372001594,
            49.641507537991856,
            53.72247988299932,
            55.822266451999894,
            51.61201367600006,
            54.071200285994564
        ],
        "predict_times": [
            0.02373783900111448,
            0.18825589500193018,
            0.175461967010051,
            0.023766528989654034,
            0.023771098989527673,
            0.17491085900110193,
            0.15884553600335494,
            0.1851844880002318,
            0.16083278100995813,
            0.029814554000040516
        ]
    }
}