{
    "model_name": "sklearn_knn_wrapper",
    "dataset": "yeast",
    "hyperparameters": {
        "n_optimizer_calls": 25
    },
    "metrics": {
        "accuracy_mean": 1.0,
        "accuracy_std": 0.0,
        "train_time_mean": 53.83816735559958,
        "train_time_std": 2.7679078324791013,
        "predict_time_mean": 0.11467754250188592,
        "predict_time_std": 0.07278290957676854
    },
    "fold_metrics": {
        "accuracies": [
            1.0,
            1.0,
            1.0,
            1.0,
            1.0,
            1.0,
            1.0,
            1.0,
            1.0,
            1.0
        ],
        "train_times": [
            54.85407670799759,
            49.50078778099851,
            56.93457674900128,
            53.38861370999075,
            52.334081063003396,
            49.29309039399959,
            56.35283472800802,
            56.85925527999643,
            52.44444976199884,
            56.419907381001394
        ],
        "predict_times": [
            0.027178107004147023,
            0.1840235819981899,
            0.17569504400307778,
            0.023758954004733823,
            0.023722985002677888,
            0.176284494009451,
            0.16102882400446106,
            0.18762142999912612,
            0.15738732399768196,
            0.03007468099531252
        ]
    }
}