{
    "model_name": "sklearn_knn_wrapper",
    "dataset": "yeast",
    "hyperparameters": {
        "n_optimizer_calls": 25
    },
    "metrics": {
        "accuracy_mean": 1.0,
        "accuracy_std": 0.0,
        "train_time_mean": 104.43856752000283,
        "train_time_std": 33.65521903457574,
        "predict_time_mean": 0.24799433999578469,
        "predict_time_std": 0.09451881653662395
    },
    "fold_metrics": {
        "accuracies": [
            1.0,
            1.0,
            1.0,
            1.0,
            1.0,
            1.0,
            1.0,
            1.0,
            1.0,
            1.0
        ],
        "train_times": [
            166.5685264999629,
            123.85831420001341,
            153.07025730004534,
            116.00469760003034,
            93.9023470999673,
            99.46540290000848,
            86.32259970001178,
            76.55627190001542,
            72.38363870000467,
            56.253619299968705
        ],
        "predict_times": [
            0.18226239999057725,
            0.3078483000281267,
            0.4520137999788858,
            0.3053434999892488,
            0.25411159999202937,
            0.23719510005321354,
            0.2924219999695197,
            0.09373859997140244,
            0.1956913999747485,
            0.1593167000100948
        ]
    }
}