{
    "model_name": "parameterless_knn_convex_hull_inter",
    "dataset": "phoneme",
    "hyperparameters": {
        "metric": "convex_hull_inter",
        "n_optimizer_calls": 25
    },
    "metrics": {
        "accuracy_mean": 0.7768213870062299,
        "accuracy_std": 0.015807994346587195,
        "train_time_mean": 17.900974495396078,
        "train_time_std": 0.2867370610223565,
        "predict_time_mean": 0.1040108988963766,
        "predict_time_std": 0.012311440379308888
    },
    "fold_metrics": {
        "accuracies": [
            0.8077634011090573,
            0.7855822550831792,
            0.7781885397412199,
            0.7929759704251387,
            0.7833333333333333,
            0.7796296296296297,
            0.7648148148148148,
            0.7611111111111111,
            0.7555555555555555,
            0.7592592592592593
        ],
        "train_times": [
            17.775451045992668,
            18.084692196993274,
            18.271146702987608,
            17.78469968099671,
            17.98431573000562,
            18.391913511994062,
            17.70734485099092,
            17.361429251002846,
            17.69433225899411,
            17.954419724002946
        ],
        "predict_times": [
            0.11620121299347375,
            0.11995408299844712,
            0.09340808499837294,
            0.09854984199046157,
            0.1032412570057204,
            0.1014776949887164,
            0.09472021799592767,
            0.08116528700338677,
            0.10927814999013208,
            0.12211315899912734
        ]
    }
}