{
    "model_name": "parameterless_knn_convex_hull_intra_margin_clustering",
    "dataset": "phoneme",
    "hyperparameters": {
        "metric": "convex_hull_intra",
        "n_optimizer_calls": 25,
        "support_samples_method": "margin_clustering"
    },
    "metrics": {
        "accuracy_mean": 0.7163229958239201,
        "accuracy_std": 0.009088373021645165,
        "train_time_mean": 64.85709940999513,
        "train_time_std": 9.132080029145852,
        "predict_time_mean": 0.3523544300172944,
        "predict_time_std": 0.0999341770503001
    },
    "fold_metrics": {
        "accuracies": [
            0.7079482439926063,
            0.7208872458410351,
            0.7097966728280961,
            0.7171903881700554,
            0.7222222222222222,
            0.7092592592592593,
            0.7055555555555556,
            0.737037037037037,
            0.7111111111111111,
            0.7222222222222222
        ],
        "train_times": [
            74.8153592000017,
            78.3928233999759,
            70.63066680001793,
            70.68871999997646,
            68.23045510001248,
            68.66136389999883,
            53.9458609999856,
            52.77757289999863,
            57.14109849999659,
            53.28707329998724
        ],
        "predict_times": [
            0.5412233999813907,
            0.3351857000379823,
            0.45832969999173656,
            0.2679976000217721,
            0.3936632000259124,
            0.3651122000301257,
            0.35673790000146255,
            0.38428530003875494,
            0.2451790000195615,
            0.17583030002424493
        ]
    }
}