{
    "model_name": "parameterless_knn_opposite_hyperplane_margin_clustering",
    "dataset": "phoneme",
    "hyperparameters": {
        "metric": "opposite_hyperplane",
        "n_optimizer_calls": 25,
        "support_samples_method": "margin_clustering"
    },
    "metrics": {
        "accuracy_mean": 0.8160614773738619,
        "accuracy_std": 0.0400554298904982,
        "train_time_mean": 65.78163010998978,
        "train_time_std": 20.157163123481837,
        "predict_time_mean": 0.33798643000191075,
        "predict_time_std": 0.2021066957739801
    },
    "fold_metrics": {
        "accuracies": [
            0.8687615526802218,
            0.7356746765249538,
            0.833641404805915,
            0.8299445471349353,
            0.8833333333333333,
            0.8037037037037037,
            0.8222222222222222,
            0.8,
            0.8,
            0.7833333333333333
        ],
        "train_times": [
            95.78039499995066,
            93.7853128000279,
            80.06548280001152,
            78.26636020001024,
            72.16037209995557,
            62.1647180999862,
            44.29923109995434,
            38.448349500016775,
            48.32054339995375,
            44.52553610003088
        ],
        "predict_times": [
            0.6134259999962524,
            0.7119387999991886,
            0.45813189999898896,
            0.47107889998005703,
            0.32082389999413863,
            0.1697416999959387,
            0.10885100002633408,
            0.1674492000020109,
            0.18138760002329946,
            0.17703530000289902
        ]
    }
}