{
    "model_name": "parameterless_knn_spread_hnbf",
    "dataset": "phoneme",
    "hyperparameters": {
        "metric": "spread",
        "n_optimizer_calls": 25,
        "support_samples_method": "hnbf"
    },
    "metrics": {
        "accuracy_mean": 0.7805244061066612,
        "accuracy_std": 0.015182646607515957,
        "train_time_mean": 74.96545322999592,
        "train_time_std": 12.444083645219624,
        "predict_time_mean": 0.3271163200144656,
        "predict_time_std": 0.060463094935198226
    },
    "fold_metrics": {
        "accuracies": [
            0.7985212569316081,
            0.7818853974121996,
            0.7818853974121996,
            0.8059149722735675,
            0.7907407407407407,
            0.7814814814814814,
            0.7574074074074074,
            0.7796296296296297,
            0.7555555555555555,
            0.7722222222222223
        ],
        "train_times": [
            79.81524339999305,
            80.72463439998683,
            86.11931749997893,
            98.2739789999905,
            83.03786719997879,
            74.81599900004221,
            58.87274439999601,
            64.67745219997596,
            66.13195090001682,
            57.1853443
        ],
        "predict_times": [
            0.34702719998313114,
            0.3611759000341408,
            0.4377966000465676,
            0.41786129999672994,
            0.2917711000191048,
            0.24679579999065027,
            0.3278402000432834,
            0.2793385999975726,
            0.29169260000344366,
            0.2698639000300318
        ]
    }
}