{
    "model_name": "parameterless_knn_silhouette",
    "dataset": "phoneme",
    "hyperparameters": {
        "metric": "silhouette"
    },
    "metrics": {
        "accuracy_mean": 0.7755329636475662,
        "accuracy_std": 0.011022899292303217,
        "train_time_mean": 46.664244280001,
        "train_time_std": 3.9588853041505114,
        "predict_time_mean": 0.33039771000039764,
        "predict_time_std": 0.07366590246904628
    }
}