{
    "model_name": "parameterless_knn_convex_hull_intra_gabriel_graph",
    "dataset": "phoneme",
    "hyperparameters": {
        "metric": "convex_hull_intra",
        "n_optimizer_calls": 25,
        "support_samples_method": "gabriel_graph"
    },
    "metrics": {
        "accuracy_mean": 0.7857092489902101,
        "accuracy_std": 0.01420812166777204,
        "train_time_mean": 651.8578406400105,
        "train_time_std": 50.99890438861552,
        "predict_time_mean": 0.11099052000790835,
        "predict_time_std": 0.04887876242282772
    },
    "fold_metrics": {
        "accuracies": [
            0.8114602587800369,
            0.7763401109057301,
            0.7800369685767098,
            0.8022181146025879,
            0.8,
            0.7907407407407407,
            0.7777777777777778,
            0.7814814814814814,
            0.762962962962963,
            0.774074074074074
        ],
        "train_times": [
            799.1832122000051,
            671.0093141000252,
            621.4475591000519,
            629.1058091000305,
            626.8951949000475,
            636.7437900999794,
            627.671608100005,
            643.6542133999756,
            640.2876136999694,
            622.580091700016
        ],
        "predict_times": [
            0.2520529000321403,
            0.08478749997448176,
            0.08196189999580383,
            0.08663450001040474,
            0.09050950000528246,
            0.08293530001537874,
            0.11572040000464767,
            0.11863710003672168,
            0.08687810000265017,
            0.10978800000157207
        ]
    }
}