{
    "model_name": "parameterless_knn_dissimilarity",
    "dataset": "phoneme",
    "hyperparameters": {
        "metric": "dissimilarity",
        "n_optimizer_calls": 25
    },
    "metrics": {
        "accuracy_mean": 0.7616474977750393,
        "accuracy_std": 0.0187988165628548,
        "train_time_mean": 11.189230229001259,
        "train_time_std": 0.1317630305904205,
        "predict_time_mean": 0.1218260035981075,
        "predict_time_std": 0.0022641729790151307
    },
    "fold_metrics": {
        "accuracies": [
            0.7911275415896488,
            0.7578558225508318,
            0.7689463955637708,
            0.7855822550831792,
            0.7722222222222223,
            0.7722222222222223,
            0.7351851851851852,
            0.7537037037037037,
            0.7462962962962963,
            0.7333333333333333
        ],
        "train_times": [
            11.282369523003581,
            11.321550758002559,
            11.319173434996628,
            11.225880862999475,
            11.20420443698822,
            11.272144767994178,
            11.23532456799876,
            11.017789729012293,
            11.116754718008451,
            10.89710949100845
        ],
        "predict_times": [
            0.12108294099743944,
            0.12537349000922404,
            0.1211743389867479,
            0.12658535600348841,
            0.11960421199910343,
            0.1209704039938515,
            0.12208170900703408,
            0.11953603599977214,
            0.11981822799134534,
            0.12203332099306863
        ]
    }
}