{
    "model_name": "parameterless_knn_convex_hull_inter_gabriel_graph",
    "dataset": "phoneme",
    "hyperparameters": {
        "metric": "convex_hull_inter",
        "n_optimizer_calls": 25,
        "support_samples_method": "gabriel_graph"
    },
    "metrics": {
        "accuracy_mean": 0.7855237215033888,
        "accuracy_std": 0.01349013036505063,
        "train_time_mean": 663.0154532899905,
        "train_time_std": 58.5571345145291,
        "predict_time_mean": 0.1017006600042805,
        "predict_time_std": 0.020848691170895186
    },
    "fold_metrics": {
        "accuracies": [
            0.8114602587800369,
            0.7781885397412199,
            0.7818853974121996,
            0.800369685767098,
            0.7962962962962963,
            0.7907407407407407,
            0.7777777777777778,
            0.7814814814814814,
            0.762962962962963,
            0.774074074074074
        ],
        "train_times": [
            810.6057833000086,
            739.5767203999567,
            632.1908949000062,
            631.6507884999737,
            638.0708229999873,
            635.3935267999768,
            621.4348553000018,
            642.510766500025,
            644.708754399966,
            634.0116198000032
        ],
        "predict_times": [
            0.1459663999848999,
            0.08149220002815127,
            0.08510879997629672,
            0.08058730000630021,
            0.1088912999839522,
            0.08544380002422258,
            0.11772660003043711,
            0.11921460001030937,
            0.10892939998302609,
            0.08364620001520962
        ]
    }
}