{
    "model_name": "parameterless_knn_opposite_hyperplane",
    "dataset": "phoneme",
    "hyperparameters": {
        "metric": "opposite_hyperplane",
        "n_optimizer_calls": 25
    },
    "metrics": {
        "accuracy_mean": 0.9034086396932978,
        "accuracy_std": 0.008702624694039823,
        "train_time_mean": 10.35167027279822,
        "train_time_std": 0.16026867551701315,
        "predict_time_mean": 0.0052732795011252165,
        "predict_time_std": 0.0006035779933515398
    },
    "fold_metrics": {
        "accuracies": [
            0.9057301293900185,
            0.9057301293900185,
            0.9020332717190388,
            0.8798521256931608,
            0.9018518518518519,
            0.9111111111111111,
            0.9092592592592592,
            0.912962962962963,
            0.9018518518518519,
            0.9037037037037037
        ],
        "train_times": [
            10.651294843992218,
            10.33645508599875,
            10.431293956993613,
            10.314660342992283,
            10.136036928000976,
            10.285663587012095,
            10.201070693990914,
            10.596072511005332,
            10.372051785001531,
            10.192102992994478
        ],
        "predict_times": [
            0.00495853200845886,
            0.0051582669984782115,
            0.007049642998026684,
            0.005190205003600568,
            0.005133270999067463,
            0.00502376101212576,
            0.005211468989728019,
            0.004841137008043006,
            0.004974274997948669,
            0.005192234995774925
        ]
    }
}