{
    "model_name": "parameterless_knn_spread",
    "dataset": "phoneme",
    "hyperparameters": {
        "metric": "spread",
        "n_optimizer_calls": 25
    },
    "metrics": {
        "accuracy_mean": 0.8606568768398712,
        "accuracy_std": 0.019146077647895277,
        "train_time_mean": 14.917745836304675,
        "train_time_std": 0.39071350746798783,
        "predict_time_mean": 0.01682652669987874,
        "predict_time_std": 0.013545927479868231
    },
    "fold_metrics": {
        "accuracies": [
            0.8484288354898336,
            0.8650646950092421,
            0.8576709796672828,
            0.8817005545286506,
            0.8777777777777778,
            0.8685185185185185,
            0.8759259259259259,
            0.8111111111111111,
            0.8611111111111112,
            0.8592592592592593
        ],
        "train_times": [
            14.107813545007957,
            14.58488133600622,
            15.293337364011677,
            15.0797587929992,
            15.020551861001877,
            15.292089071008377,
            14.800409668998327,
            14.651896114010015,
            15.509991307000746,
            14.836729303002357
        ],
        "predict_times": [
            0.02212937400327064,
            0.014352792000863701,
            0.006961072998819873,
            0.05217976499989163,
            0.007316393996006809,
            0.007883112004492432,
            0.00900913200166542,
            0.02755788099602796,
            0.006890154996654019,
            0.013985589001094922
        ]
    }
}