{
    "model_name": "parameterless_knn_opposite_hyperplane",
    "dataset": "phoneme",
    "hyperparameters": {
        "metric": "opposite_hyperplane",
        "n_optimizer_calls": 25
    },
    "metrics": {
        "accuracy_mean": 0.9034086396932978,
        "accuracy_std": 0.008702624694039823,
        "train_time_mean": 10.334054483901127,
        "train_time_std": 0.12280459333806035,
        "predict_time_mean": 0.0050797857009456495,
        "predict_time_std": 9.613463792600881e-05
    },
    "fold_metrics": {
        "accuracies": [
            0.9057301293900185,
            0.9057301293900185,
            0.9020332717190388,
            0.8798521256931608,
            0.9018518518518519,
            0.9111111111111111,
            0.9092592592592592,
            0.912962962962963,
            0.9018518518518519,
            0.9037037037037037
        ],
        "train_times": [
            10.570896354998695,
            10.30876864399761,
            10.415292562000104,
            10.25278540700674,
            10.184592097997665,
            10.364503632998094,
            10.170906208004453,
            10.422200414002873,
            10.432690254005138,
            10.2179092639999
        ],
        "predict_times": [
            0.004929428003379144,
            0.005192544005694799,
            0.005048393999459222,
            0.0051798519998556,
            0.005153039004653692,
            0.0049365479935659096,
            0.005124228002387099,
            0.005024270009016618,
            0.005021384000428952,
            0.005188169991015457
        ]
    }
}