{
    "model_name": "parameterless_knn_convex_hull_intra",
    "dataset": "phoneme",
    "hyperparameters": {
        "metric": "convex_hull_intra",
        "n_optimizer_calls": 25
    },
    "metrics": {
        "accuracy_mean": 0.8223557198603408,
        "accuracy_std": 0.04292795806919141,
        "train_time_mean": 16.256351571000415,
        "train_time_std": 2.013126510084023,
        "predict_time_mean": 0.10849051490367856,
        "predict_time_std": 0.040965438678932445
    },
    "fold_metrics": {
        "accuracies": [
            0.8133086876155268,
            0.8835489833641405,
            0.7855822550831792,
            0.7966728280961183,
            0.8666666666666667,
            0.7944444444444444,
            0.7888888888888889,
            0.8796296296296297,
            0.7574074074074074,
            0.8574074074074074
        ],
        "train_times": [
            15.995738323996193,
            16.61080722301267,
            17.740404761003447,
            18.82099387899507,
            16.83256343600806,
            15.814966466001351,
            16.0562352489942,
            17.247897451001336,
            16.650864941999316,
            10.7930439789925
        ],
        "predict_times": [
            0.14557346999936271,
            0.1103480839956319,
            0.1419912139972439,
            0.11316763200738933,
            0.10746851400472224,
            0.1280133220134303,
            0.14685131500300486,
            0.05161480201059021,
            0.12560611600929406,
            0.014270679996116087
        ]
    }
}