{
    "model_name": "parameterless_knn_convex_hull_intra",
    "dataset": "phoneme",
    "hyperparameters": {
        "metric": "convex_hull_intra",
        "n_optimizer_calls": 25
    },
    "metrics": {
        "accuracy_mean": 0.8223557198603408,
        "accuracy_std": 0.04292795806919141,
        "train_time_mean": 16.20045697309979,
        "train_time_std": 2.029018897801851,
        "predict_time_mean": 0.10941714949731249,
        "predict_time_std": 0.040406071067172686
    },
    "fold_metrics": {
        "accuracies": [
            0.8133086876155268,
            0.8835489833641405,
            0.7855822550831792,
            0.7966728280961183,
            0.8666666666666667,
            0.7944444444444444,
            0.7888888888888889,
            0.8796296296296297,
            0.7574074074074074,
            0.8574074074074074
        ],
        "train_times": [
            15.901267043009284,
            16.709710783004994,
            17.696545957005583,
            18.796831087995088,
            16.76608906799811,
            15.73568100600096,
            16.019968583990703,
            17.053470593004022,
            16.634227442002157,
            10.690778166987002
        ],
        "predict_times": [
            0.1440348879987141,
            0.10934902499138843,
            0.14017364800383803,
            0.12322419900738169,
            0.10907366499304771,
            0.13261773900012486,
            0.14237430099456105,
            0.05340210399299394,
            0.12525875099527184,
            0.014663174995803274
        ]
    }
}