{
    "model_name": "parameterless_knn_spread_gabriel_graph",
    "dataset": "phoneme",
    "hyperparameters": {
        "metric": "spread",
        "n_optimizer_calls": 25,
        "support_samples_method": "gabriel_graph"
    },
    "metrics": {
        "accuracy_mean": 0.7857082220853016,
        "accuracy_std": 0.014580165860859666,
        "train_time_mean": 679.856177729991,
        "train_time_std": 108.97304130854,
        "predict_time_mean": 0.1053192000137642,
        "predict_time_std": 0.01924151387976373
    },
    "fold_metrics": {
        "accuracies": [
            0.8133086876155268,
            0.7781885397412199,
            0.7818853974121996,
            0.8022181146025879,
            0.7981481481481482,
            0.7907407407407407,
            0.774074074074074,
            0.7833333333333333,
            0.762962962962963,
            0.7722222222222223
        ],
        "train_times": [
            999.5023413000163,
            711.1063849999919,
            639.5747428999748,
            637.6504040000145,
            630.3793442999595,
            638.6036315999809,
            631.5959876999841,
            643.712024599954,
            638.7746025000233,
            627.662313400011
        ],
        "predict_times": [
            0.1410774000105448,
            0.08505280001554638,
            0.11212380003416911,
            0.11169380001956597,
            0.11775909998686984,
            0.11572130001150072,
            0.1196942999958992,
            0.08469490002607927,
            0.08451469999272376,
            0.08085990004474297
        ]
    }
}