{
    "model_name": "parameterless_knn_silhouette_gabriel_graph",
    "dataset": "phoneme",
    "hyperparameters": {
        "metric": "silhouette",
        "n_optimizer_calls": 25,
        "support_samples_method": "gabriel_graph"
    },
    "metrics": {
        "accuracy_mean": 0.8647230779763128,
        "accuracy_std": 0.014408369923084917,
        "train_time_mean": 673.9899629000167,
        "train_time_std": 97.10608247952399,
        "predict_time_mean": 0.099320809985511,
        "predict_time_std": 0.03684675319491841
    },
    "fold_metrics": {
        "accuracies": [
            0.8724584103512015,
            0.8798521256931608,
            0.8853974121996303,
            0.8576709796672828,
            0.8648148148148148,
            0.8444444444444444,
            0.8666666666666667,
            0.8814814814814815,
            0.8462962962962963,
            0.8481481481481481
        ],
        "train_times": [
            951.4311697999947,
            729.7547332000104,
            630.3083319000434,
            635.8778785000322,
            631.0135536000016,
            624.4040573000093,
            635.9764494000119,
            633.2971868000459,
            644.7301150999847,
            623.1061534000328
        ],
        "predict_times": [
            0.20409110002219677,
            0.08449429995380342,
            0.10495879995869473,
            0.07678159995703027,
            0.079930100007914,
            0.07982330000959337,
            0.10273699997924268,
            0.10682960000121966,
            0.076543600007426,
            0.07701869995798916
        ]
    }
}