{
    "model_name": "parameterless_knn_dissimilarity_gabriel_graph",
    "dataset": "phoneme",
    "hyperparameters": {
        "metric": "dissimilarity",
        "n_optimizer_calls": 25,
        "support_samples_method": "gabriel_graph"
    },
    "metrics": {
        "accuracy_mean": 0.7877411515027042,
        "accuracy_std": 0.013779415272812056,
        "train_time_mean": 663.0463733300043,
        "train_time_std": 65.52551285942113,
        "predict_time_mean": 0.07622873999061994,
        "predict_time_std": 0.02761458428476956
    },
    "fold_metrics": {
        "accuracies": [
            0.8170055452865065,
            0.7948243992606284,
            0.789279112754159,
            0.7966728280961183,
            0.7888888888888889,
            0.7925925925925926,
            0.7851851851851852,
            0.7685185185185185,
            0.7685185185185185,
            0.7759259259259259
        ],
        "train_times": [
            822.4301173000131,
            758.0322535999585,
            625.7051030999864,
            619.9886007000459,
            639.1169375000172,
            630.587116300012,
            629.1936200999771,
            637.6856123000034,
            642.3256043000147,
            625.3987681000144
        ],
        "predict_times": [
            0.15442909998819232,
            0.07893459999468178,
            0.05710969999199733,
            0.08095450000837445,
            0.06090719997882843,
            0.0599481999524869,
            0.06116949999704957,
            0.07466240000212565,
            0.07754909998038784,
            0.056623100012075156
        ]
    }
}