{
    "model_name": "parameterless_knn_opposite_hyperplane_gabriel_graph",
    "dataset": "phoneme",
    "hyperparameters": {
        "metric": "opposite_hyperplane",
        "n_optimizer_calls": 25,
        "support_samples_method": "gabriel_graph"
    },
    "metrics": {
        "accuracy_mean": 0.809569384541658,
        "accuracy_std": 0.031579861697378434,
        "train_time_mean": 646.3638427800033,
        "train_time_std": 52.57497792980972,
        "predict_time_mean": 0.08318861000007019,
        "predict_time_std": 0.03279965520918004
    },
    "fold_metrics": {
        "accuracies": [
            0.8188539741219963,
            0.8059149722735675,
            0.8872458410351202,
            0.8133086876155268,
            0.7981481481481482,
            0.8092592592592592,
            0.8314814814814815,
            0.7759259259259259,
            0.7722222222222223,
            0.7833333333333333
        ],
        "train_times": [
            802.7508011999889,
            642.8965808000066,
            624.8336292000022,
            633.2293401000206,
            620.2164475999889,
            624.2307231999584,
            630.1443482000032,
            636.7667958000093,
            628.3232855000533,
            620.2464762000018
        ],
        "predict_times": [
            0.13221329997759312,
            0.09559929999522865,
            0.046381100022699684,
            0.06791220000013709,
            0.09240219998173416,
            0.11349230003543198,
            0.020015400019474328,
            0.11681179999141023,
            0.06125359999714419,
            0.08580489997984841
        ]
    }
}