{
    "model_name": "parameterless_knn_convex_hull_inter_margin_clustering",
    "dataset": "phoneme",
    "hyperparameters": {
        "metric": "convex_hull_inter",
        "n_optimizer_calls": 25,
        "support_samples_method": "margin_clustering"
    },
    "metrics": {
        "accuracy_mean": 0.7181748476757719,
        "accuracy_std": 0.006691730880139267,
        "train_time_mean": 89.23894628000562,
        "train_time_std": 15.463954570206292,
        "predict_time_mean": 0.4785918099980336,
        "predict_time_std": 0.11533191355606869
    },
    "fold_metrics": {
        "accuracies": [
            0.7079482439926063,
            0.7190388170055453,
            0.7097966728280961,
            0.7190388170055453,
            0.7296296296296296,
            0.7222222222222222,
            0.7166666666666667,
            0.7277777777777777,
            0.7129629629629629,
            0.7166666666666667
        ],
        "train_times": [
            85.50598700001137,
            105.59002260002308,
            119.93037710001227,
            98.8220685000415,
            94.22261369996704,
            90.5580895000021,
            81.13022439996712,
            68.22386389999883,
            80.91619489999721,
            67.4900212000357
        ],
        "predict_times": [
            0.48919549997663125,
            0.7001915000146255,
            0.6608679000055417,
            0.4694929999532178,
            0.4948667000280693,
            0.31376700004329905,
            0.36723269999492913,
            0.478087899973616,
            0.41468889999669045,
            0.39752699999371544
        ]
    }
}