{
    "model_name": "parameterless_knn_silhouette_margin_clustering",
    "dataset": "phoneme",
    "hyperparameters": {
        "metric": "silhouette",
        "n_optimizer_calls": 25,
        "support_samples_method": "margin_clustering"
    },
    "metrics": {
        "accuracy_mean": 0.8734240432669267,
        "accuracy_std": 0.008122370709396238,
        "train_time_mean": 94.63330889999051,
        "train_time_std": 20.581293883407376,
        "predict_time_mean": 0.46788659000885674,
        "predict_time_std": 0.11108750836622767
    },
    "fold_metrics": {
        "accuracies": [
            0.878003696857671,
            0.8872458410351202,
            0.8743068391866913,
            0.8706099815157117,
            0.8722222222222222,
            0.8796296296296297,
            0.8740740740740741,
            0.8703703703703703,
            0.8537037037037037,
            0.8740740740740741
        ],
        "train_times": [
            110.92294180003228,
            114.69386429997394,
            138.28537080000388,
            85.56386340002064,
            100.77379999996629,
            91.98414219997358,
            77.94319149997318,
            74.5011494999635,
            84.3419062999892,
            67.32285920000868
        ],
        "predict_times": [
            0.6939286999986507,
            0.513599099998828,
            0.6363867000327446,
            0.4079957999638282,
            0.44457660004263744,
            0.40511670004343614,
            0.40619050001259893,
            0.356756100023631,
            0.47865860001184046,
            0.33565709996037185
        ]
    }
}