{
    "model_name": "parameterless_knn_convex_hull_intra_hnbf",
    "dataset": "phoneme",
    "hyperparameters": {
        "metric": "convex_hull_intra",
        "n_optimizer_calls": 25,
        "support_samples_method": "hnbf"
    },
    "metrics": {
        "accuracy_mean": 0.7799702197576505,
        "accuracy_std": 0.0139276509188072,
        "train_time_mean": 46.89126974999672,
        "train_time_std": 6.35550615052985,
        "predict_time_mean": 0.28963464000844397,
        "predict_time_std": 0.044160523458370744
    },
    "fold_metrics": {
        "accuracies": [
            0.7911275415896488,
            0.7837338262476895,
            0.7800369685767098,
            0.8059149722735675,
            0.7907407407407407,
            0.7796296296296297,
            0.7611111111111111,
            0.7796296296296297,
            0.7555555555555555,
            0.7722222222222223
        ],
        "train_times": [
            59.07001790002687,
            49.187016399984714,
            54.55696109996643,
            49.26438319997396,
            42.02791130001424,
            35.88877780002076,
            46.28363169997465,
            47.736293599999044,
            43.03075149998767,
            41.86695300001884
        ],
        "predict_times": [
            0.3053161999559961,
            0.3718370000133291,
            0.25001800002064556,
            0.2428265000344254,
            0.2669877000153065,
            0.3684143999707885,
            0.2940130000351928,
            0.2575242000166327,
            0.26037440000800416,
            0.27903500001411885
        ]
    }
}