{
    "model_name": "parameterless_knn_spread_margin_clustering",
    "dataset": "phoneme",
    "hyperparameters": {
        "metric": "spread",
        "n_optimizer_calls": 25,
        "support_samples_method": "margin_clustering"
    },
    "metrics": {
        "accuracy_mean": 0.7279773396316834,
        "accuracy_std": 0.013818235605502913,
        "train_time_mean": 89.4037203499931,
        "train_time_std": 11.690460644572566,
        "predict_time_mean": 0.3818621200043708,
        "predict_time_std": 0.09041165516163818
    },
    "fold_metrics": {
        "accuracies": [
            0.7264325323475046,
            0.7301293900184843,
            0.7282809611829945,
            0.7375231053604436,
            0.7592592592592593,
            0.7277777777777777,
            0.7037037037037037,
            0.7296296296296296,
            0.7129629629629629,
            0.7240740740740741
        ],
        "train_times": [
            114.82049529999495,
            93.32434919994557,
            89.11138169997139,
            79.01125610002782,
            91.32397440000204,
            103.86044499999844,
            81.25535730004776,
            84.40672169998288,
            83.64266199996928,
            73.28056079999078
        ],
        "predict_times": [
            0.40690470003755763,
            0.4584089000127278,
            0.361546800006181,
            0.3473524000146426,
            0.5631835999665782,
            0.2979630999616347,
            0.42502259998582304,
            0.4115276000229642,
            0.33437150000827387,
            0.212340000027325
        ]
    }
}