{
    "model_name": "parameterless_knn_silhouette_hnbf",
    "dataset": "phoneme",
    "hyperparameters": {
        "metric": "silhouette",
        "n_optimizer_calls": 25,
        "support_samples_method": "hnbf"
    },
    "metrics": {
        "accuracy_mean": 0.8279034024782639,
        "accuracy_std": 0.014306633886953763,
        "train_time_mean": 67.41813620000612,
        "train_time_std": 6.147279244405744,
        "predict_time_mean": 0.30038589000469074,
        "predict_time_std": 0.11951713339322537
    },
    "fold_metrics": {
        "accuracies": [
            0.8521256931608133,
            0.8262476894639557,
            0.8317929759704251,
            0.8114602587800369,
            0.837037037037037,
            0.8425925925925926,
            0.8388888888888889,
            0.8203703703703704,
            0.8092592592592592,
            0.8092592592592592
        ],
        "train_times": [
            69.34615649998887,
            70.74409849999938,
            70.70433630002663,
            74.95286870002747,
            74.63516780000646,
            62.709383200039156,
            68.53072889999021,
            66.41103640000802,
            53.36230099998647,
            62.78528469998855
        ],
        "predict_times": [
            0.42842840001685545,
            0.3849053000449203,
            0.006022799992933869,
            0.4095639000297524,
            0.4248933999915607,
            0.26737029996002093,
            0.27457539999159053,
            0.2650762000121176,
            0.2547334000119008,
            0.2882897999952547
        ]
    }
}