{
    "model_name": "parameterless_knn_dissimilarity",
    "dataset": "phoneme",
    "hyperparameters": {
        "metric": "dissimilarity",
        "n_optimizer_calls": 25
    },
    "metrics": {
        "accuracy_mean": 0.7616474977750393,
        "accuracy_std": 0.0187988165628548,
        "train_time_mean": 11.17625928450143,
        "train_time_std": 0.12958725981705257,
        "predict_time_mean": 0.12055568780342582,
        "predict_time_std": 0.0013458160674688253
    },
    "fold_metrics": {
        "accuracies": [
            0.7911275415896488,
            0.7578558225508318,
            0.7689463955637708,
            0.7855822550831792,
            0.7722222222222223,
            0.7722222222222223,
            0.7351851851851852,
            0.7537037037037037,
            0.7462962962962963,
            0.7333333333333333
        ],
        "train_times": [
            11.249287443002686,
            11.311725899999146,
            11.298682183987694,
            11.221178955005598,
            11.173503919009818,
            11.258426877000602,
            11.225793698002235,
            11.048441531005665,
            11.111544518993469,
            10.864007819007384
        ],
        "predict_times": [
            0.12068629699933808,
            0.12128089000179898,
            0.12272567799664102,
            0.12063647201284766,
            0.12050697400991339,
            0.12160948100790847,
            0.12121009000111371,
            0.11908950499491766,
            0.1202692780061625,
            0.11754221300361678
        ]
    }
}