{
    "model_name": "parameterless_knn_convex_hull_inter",
    "dataset": "phoneme",
    "hyperparameters": {
        "metric": "convex_hull_inter",
        "n_optimizer_calls": 25
    },
    "metrics": {
        "accuracy_mean": 0.7768213870062299,
        "accuracy_std": 0.015807994346587195,
        "train_time_mean": 17.987488646498242,
        "train_time_std": 0.35772893027987257,
        "predict_time_mean": 0.1034187461977126,
        "predict_time_std": 0.011919748398329565
    },
    "fold_metrics": {
        "accuracies": [
            0.8077634011090573,
            0.7855822550831792,
            0.7781885397412199,
            0.7929759704251387,
            0.7833333333333333,
            0.7796296296296297,
            0.7648148148148148,
            0.7611111111111111,
            0.7555555555555555,
            0.7592592592592593
        ],
        "train_times": [
            17.42463834800583,
            18.064593105998938,
            18.49965367099503,
            18.13912528399669,
            18.007107912999345,
            18.44525641600194,
            17.556442572007654,
            17.541765332993236,
            17.9357501189952,
            18.260553702988545
        ],
        "predict_times": [
            0.11519337999925483,
            0.12042084899439942,
            0.09295713898609392,
            0.09758211800362915,
            0.10238815800403245,
            0.10186126299959142,
            0.09490718098822981,
            0.08100333299080376,
            0.10894074600946624,
            0.11893329500162508
        ]
    }
}