{
    "model_name": "parameterless_knn_spread",
    "dataset": "phoneme",
    "hyperparameters": {
        "metric": "spread",
        "n_optimizer_calls": 25
    },
    "metrics": {
        "accuracy_mean": 0.8606568768398712,
        "accuracy_std": 0.019146077647895277,
        "train_time_mean": 14.934101576601098,
        "train_time_std": 0.4049926898808513,
        "predict_time_mean": 0.0167386733010062,
        "predict_time_std": 0.013483797081338914
    },
    "fold_metrics": {
        "accuracies": [
            0.8484288354898336,
            0.8650646950092421,
            0.8576709796672828,
            0.8817005545286506,
            0.8777777777777778,
            0.8685185185185185,
            0.8759259259259259,
            0.8111111111111111,
            0.8611111111111112,
            0.8592592592592593
        ],
        "train_times": [
            14.032242639994365,
            14.723065197002143,
            15.257988566998392,
            14.900172395005939,
            15.269805742995231,
            15.281243434001226,
            14.841261492008925,
            14.720109168003546,
            15.537539625001955,
            14.777587504999246
        ],
        "predict_times": [
            0.02271378500154242,
            0.0138580130005721,
            0.006928981994860806,
            0.05195617700519506,
            0.007195465994300321,
            0.007865765001042746,
            0.009016440002596937,
            0.026903620004304685,
            0.006842539005447179,
            0.014105946000199765
        ]
    }
}