{
    "model_name": "parameterless_knn_silhouette",
    "dataset": "phoneme",
    "hyperparameters": {
        "metric": "silhouette",
        "n_optimizer_calls": 25
    },
    "metrics": {
        "accuracy_mean": 0.8741709454371192,
        "accuracy_std": 0.014010401457847972,
        "train_time_mean": 14.453203043596295,
        "train_time_std": 0.4897338056137604,
        "predict_time_mean": 0.025754842496826313,
        "predict_time_std": 0.010525715078785093
    },
    "fold_metrics": {
        "accuracies": [
            0.866913123844732,
            0.8835489833641405,
            0.878003696857671,
            0.8484288354898336,
            0.8592592592592593,
            0.8722222222222222,
            0.8722222222222222,
            0.8796296296296297,
            0.9037037037037037,
            0.8777777777777778
        ],
        "train_times": [
            13.556107337004505,
            14.8687648819905,
            14.747450202994514,
            14.307789757993305,
            15.0949759449868,
            13.978949999989709,
            15.136066901992308,
            14.407135636007297,
            13.997430564995739,
            14.437359208008274
        ],
        "predict_times": [
            0.021605294998153113,
            0.025204457007930614,
            0.0219078199879732,
            0.031962413995643146,
            0.04574095198768191,
            0.014196530988556333,
            0.023500020004576072,
            0.02413975799572654,
            0.04035957700398285,
            0.008931600998039357
        ]
    }
}