{
    "model_name": "parameterless_knn_dissimilarity_hnbf",
    "dataset": "phoneme",
    "hyperparameters": {
        "metric": "dissimilarity",
        "n_optimizer_calls": 25,
        "support_samples_method": "hnbf"
    },
    "metrics": {
        "accuracy_mean": 0.7827483398370644,
        "accuracy_std": 0.013634106762025252,
        "train_time_mean": 51.114615690003845,
        "train_time_std": 7.827909231142242,
        "predict_time_mean": 0.2719802400039043,
        "predict_time_std": 0.06577284504242521
    },
    "fold_metrics": {
        "accuracies": [
            0.7985212569316081,
            0.7781885397412199,
            0.7781885397412199,
            0.8040665434380776,
            0.8,
            0.7870370370370371,
            0.7666666666666667,
            0.7777777777777778,
            0.7611111111111111,
            0.7759259259259259
        ],
        "train_times": [
            68.09333699999843,
            56.83087200002046,
            46.21972239995375,
            44.78427389997523,
            42.846572700014804,
            50.29826990002766,
            40.82709390000673,
            57.17579800001113,
            49.344081500021275,
            54.726135600009
        ],
        "predict_times": [
            0.4021081000100821,
            0.2169446999905631,
            0.25156170001719147,
            0.18732720002299175,
            0.23191219998989254,
            0.30018969997763634,
            0.20476649998454377,
            0.2770938000176102,
            0.2829075999907218,
            0.3649909000378102
        ]
    }
}