{
    "model_name": "parameterless_knn_silhouette",
    "dataset": "phoneme",
    "hyperparameters": {
        "metric": "silhouette",
        "n_optimizer_calls": 25
    },
    "metrics": {
        "accuracy_mean": 0.8741709454371192,
        "accuracy_std": 0.014010401457847972,
        "train_time_mean": 14.393459276095381,
        "train_time_std": 0.5564762700260792,
        "predict_time_mean": 0.025496809800097255,
        "predict_time_std": 0.010295697184017627
    },
    "fold_metrics": {
        "accuracies": [
            0.866913123844732,
            0.8835489833641405,
            0.878003696857671,
            0.8484288354898336,
            0.8592592592592593,
            0.8722222222222222,
            0.8722222222222222,
            0.8796296296296297,
            0.9037037037037037,
            0.8777777777777778
        ],
        "train_times": [
            13.496889260990429,
            14.81445809599245,
            14.94724531499378,
            14.228461046994198,
            15.139461362006841,
            13.858480276991031,
            15.132903715988505,
            14.12171009099984,
            13.82996949700464,
            14.365014098992106
        ],
        "predict_times": [
            0.02136634300404694,
            0.024874631999409758,
            0.022679818997858092,
            0.029023686991422437,
            0.04359504299645778,
            0.014129604009212926,
            0.024384139003814198,
            0.023483671000576578,
            0.04244946398830507,
            0.008981696009868756
        ]
    }
}