{
    "model_name": "parameterless_knn_opposite_hyperplane",
    "dataset": "phoneme",
    "hyperparameters": {
        "metric": "opposite_hyperplane"
    },
    "metrics": {
        "accuracy_mean": 0.7459269528308345,
        "accuracy_std": 0.014398034914943786,
        "train_time_mean": 36.57255992999999,
        "train_time_std": 4.848661243466766,
        "predict_time_mean": 0.571637730000657,
        "predict_time_std": 0.22144823832044108
    }
}