{
    "model_name": "parameterless_knn_dissimilarity_margin_clustering",
    "dataset": "phoneme",
    "hyperparameters": {
        "metric": "dissimilarity",
        "n_optimizer_calls": 25,
        "support_samples_method": "margin_clustering"
    },
    "metrics": {
        "accuracy_mean": 0.7542602861641678,
        "accuracy_std": 0.012520648327423339,
        "train_time_mean": 76.9802897799993,
        "train_time_std": 10.851483959225058,
        "predict_time_mean": 0.3642965800012462,
        "predict_time_std": 0.08286890429642445
    },
    "fold_metrics": {
        "accuracies": [
            0.7504621072088724,
            0.7375231053604436,
            0.7541589648798521,
            0.7523105360443623,
            0.7777777777777778,
            0.762962962962963,
            0.7462962962962963,
            0.7722222222222223,
            0.7388888888888889,
            0.75
        ],
        "train_times": [
            101.91273009998258,
            67.76379999995697,
            69.90778040001169,
            76.69867610000074,
            82.82702690002043,
            84.93680869997479,
            74.51241219998337,
            77.74426110001514,
            59.422266600013245,
            74.07713570003398
        ],
        "predict_times": [
            0.5081884000101127,
            0.3455328000127338,
            0.42290419997880235,
            0.22765809996053576,
            0.4503361000097357,
            0.4413469000137411,
            0.2854273000266403,
            0.3102002000086941,
            0.33031130000017583,
            0.32106049999129027
        ]
    }
}