{
    "model_name": "parameterless_knn_convex_hull_inter_hnbf",
    "dataset": "phoneme",
    "hyperparameters": {
        "metric": "convex_hull_inter",
        "n_optimizer_calls": 25,
        "support_samples_method": "hnbf"
    },
    "metrics": {
        "accuracy_mean": 0.7779355788320668,
        "accuracy_std": 0.013377206930108179,
        "train_time_mean": 50.41662133999635,
        "train_time_std": 7.51108157685098,
        "predict_time_mean": 0.32177132001379505,
        "predict_time_std": 0.06917235952776228
    },
    "fold_metrics": {
        "accuracies": [
            0.7874306839186691,
            0.7781885397412199,
            0.7800369685767098,
            0.8022181146025879,
            0.7907407407407407,
            0.7777777777777778,
            0.7592592592592593,
            0.7796296296296297,
            0.7555555555555555,
            0.7685185185185185
        ],
        "train_times": [
            65.14098530000774,
            43.52534150000429,
            51.077319799980614,
            49.96259690000443,
            43.65407210000558,
            37.124951599980704,
            51.695806799980346,
            58.91882960003568,
            51.082344399997965,
            51.98396539996611
        ],
        "predict_times": [
            0.41406239999923855,
            0.3351100000436418,
            0.23356640001293272,
            0.4401920000091195,
            0.3117626000312157,
            0.19663220003712922,
            0.2951887000235729,
            0.31088519998593256,
            0.34678449999773875,
            0.3335291999974288
        ]
    }
}