{
    "model_name": "parameterless_knn_opposite_hyperplane_hnbf",
    "dataset": "phoneme",
    "hyperparameters": {
        "metric": "opposite_hyperplane",
        "n_optimizer_calls": 25,
        "support_samples_method": "hnbf"
    },
    "metrics": {
        "accuracy_mean": 0.8164311631409598,
        "accuracy_std": 0.01726295934772742,
        "train_time_mean": 50.9116733099916,
        "train_time_std": 8.996213385388302,
        "predict_time_mean": 0.22434048000723122,
        "predict_time_std": 0.11805829977957827
    },
    "fold_metrics": {
        "accuracies": [
            0.8484288354898336,
            0.7948243992606284,
            0.8077634011090573,
            0.8207024029574861,
            0.8240740740740741,
            0.8425925925925926,
            0.7944444444444444,
            0.8166666666666667,
            0.8092592592592592,
            0.8055555555555556
        ],
        "train_times": [
            67.2908044999931,
            56.31691199995112,
            47.200189299997874,
            59.08071170002222,
            59.15726000000723,
            45.494229699950665,
            47.92724879999878,
            49.98193240002729,
            36.359082699986175,
            40.30836199998157
        ],
        "predict_times": [
            0.4347594999708235,
            0.29361730004893616,
            0.14830640004947782,
            0.40099220001138747,
            0.3056926999706775,
            0.1547846000175923,
            0.0851115999976173,
            0.14314230001764372,
            0.16241200000513345,
            0.11458619998302311
        ]
    }
}