{
    "model_name": "sklearn_knn_wrapper",
    "dataset": "phoneme",
    "hyperparameters": {
        "n_optimizer_calls": 25
    },
    "metrics": {
        "accuracy_mean": 0.9072923940576436,
        "accuracy_std": 0.010230872328065363,
        "train_time_mean": 30.198759683797835,
        "train_time_std": 1.5239750015635238,
        "predict_time_mean": 0.015310715403757058,
        "predict_time_std": 0.014911883373766586
    },
    "fold_metrics": {
        "accuracies": [
            0.9168207024029574,
            0.9131238447319778,
            0.9094269870609981,
            0.8817005545286506,
            0.9111111111111111,
            0.9111111111111111,
            0.9166666666666666,
            0.912962962962963,
            0.8981481481481481,
            0.9018518518518519
        ],
        "train_times": [
            33.109864166995976,
            28.015096126007847,
            29.960655289993156,
            30.04201832000399,
            28.150168988999212,
            29.287097823995282,
            32.30767809700046,
            30.651294201990822,
            30.562356684997212,
            29.901367137994384
        ],
        "predict_times": [
            0.03330419999838341,
            0.0024796970101306215,
            0.0340629410056863,
            0.0031805330072529614,
            0.0336329330020817,
            0.00322295400837902,
            0.0332793510024203,
            0.0035106419963994995,
            0.0031651580065954477,
            0.0032687450002413243
        ]
    }
}