{
    "model_name": "sklearn_knn_wrapper",
    "dataset": "phoneme",
    "hyperparameters": {
        "n_optimizer_calls": 25
    },
    "metrics": {
        "accuracy_mean": 0.8836013555144794,
        "accuracy_std": 0.010586975257483386,
        "train_time_mean": 59.006329730001745,
        "train_time_std": 14.513166587704601,
        "predict_time_mean": 0.0054077700071502475,
        "predict_time_std": 0.007497782687864889
    },
    "fold_metrics": {
        "accuracies": [
            0.8909426987060998,
            0.8983364140480592,
            0.8853974121996303,
            0.878003696857671,
            0.8888888888888888,
            0.8703703703703703,
            0.8907407407407407,
            0.8944444444444445,
            0.8740740740740741,
            0.8648148148148148
        ],
        "train_times": [
            68.13853419997031,
            82.01425359997666,
            77.30897969997022,
            69.93753840000136,
            66.25742819998413,
            44.56583050003974,
            50.46564180002315,
            41.74260759999743,
            43.35389640001813,
            46.278586900036316
        ],
        "predict_times": [
            0.0022354000248014927,
            0.02778760000364855,
            0.002521099988371134,
            0.0021799999522045255,
            0.004930900002364069,
            0.003164700057823211,
            0.0026746000512503088,
            0.0031917000305838883,
            0.0029664000030606985,
            0.0024252999573946
        ]
    }
}