{
    "model_name": "sklearn_knn_wrapper",
    "dataset": "phoneme",
    "hyperparameters": {
        "n_optimizer_calls": 10
    },
    "metrics": {
        "accuracy_mean": 0.8327100020538097,
        "accuracy_std": 0.015110892641321767,
        "train_time_mean": 18.13267771000028,
        "train_time_std": 0.35164189779698896,
        "predict_time_mean": 0.0595811600003799,
        "predict_time_std": 0.0035378716611477886
    }
}