{
    "model_name": "sklearn_knn_wrapper",
    "dataset": "phoneme",
    "hyperparameters": {
        "n_optimizer_calls": 25
    },
    "metrics": {
        "accuracy_mean": 0.9072923940576436,
        "accuracy_std": 0.010230872328065363,
        "train_time_mean": 30.191168518601625,
        "train_time_std": 1.519428706253417,
        "predict_time_mean": 0.015055727498838678,
        "predict_time_std": 0.014611921514547072
    },
    "fold_metrics": {
        "accuracies": [
            0.9168207024029574,
            0.9131238447319778,
            0.9094269870609981,
            0.8817005545286506,
            0.9111111111111111,
            0.9111111111111111,
            0.9166666666666666,
            0.912962962962963,
            0.8981481481481481,
            0.9018518518518519
        ],
        "train_times": [
            32.997722611995414,
            27.864851588004967,
            29.843060479004635,
            29.965811026006122,
            28.286841655004537,
            29.26789065799676,
            32.3279279970011,
            30.642311215007794,
            30.75924278999446,
            29.956025166000472
        ],
        "predict_times": [
            0.03272712499892805,
            0.0025035889993887395,
            0.03318948899686802,
            0.0032238239946309477,
            0.03296625199436676,
            0.003243024999392219,
            0.03291317699768115,
            0.003425048998906277,
            0.003141630004392937,
            0.0032241150038316846
        ]
    }
}