{
    "model_name": "parameterless_knn_dissimilarity_hnbf",
    "dataset": "car_evaluation",
    "hyperparameters": {
        "metric": "dissimilarity",
        "n_optimizer_calls": 25,
        "support_samples_method": "hnbf"
    },
    "metrics": {
        "accuracy_mean": 0.47976542546041134,
        "accuracy_std": 0.25852492813471584,
        "train_time_mean": 22.67886861000004,
        "train_time_std": 5.3171979924082295,
        "predict_time_mean": 0.49284656999996057,
        "predict_time_std": 0.3801268214401527
    },
    "fold_metrics": {
        "accuracies": [
            0.2254335260115607,
            0.6994219653179191,
            0.2254335260115607,
            0.7514450867052023,
            0.7630057803468208,
            0.21965317919075145,
            0.6994219653179191,
            0.21965317919075145,
            0.22093023255813954,
            0.7732558139534884
        ],
        "train_times": [
            16.772673799999893,
            27.510595500000136,
            20.735595699999976,
            25.904012500000135,
            22.856551300000092,
            13.267993500000102,
            25.930744600000025,
            32.44667909999998,
            18.711794099999906,
            22.652046000000155
        ],
        "predict_times": [
            0.6502344999998968,
            0.47530459999984487,
            0.2882675000000745,
            0.11184650000018337,
            0.02831940000010036,
            0.8971478999999363,
            1.1855553000000327,
            0.8835883999997804,
            0.36895499999991443,
            0.03924659999984215
        ]
    }
}