{
    "model_name": "parameterless_knn_spread_margin_clustering",
    "dataset": "car_evaluation",
    "hyperparameters": {
        "metric": "spread",
        "n_optimizer_calls": 25,
        "support_samples_method": "margin_clustering"
    },
    "metrics": {
        "accuracy_mean": 0.7037068154321817,
        "accuracy_std": 0.007060940002931613,
        "train_time_mean": 20.990488459999938,
        "train_time_std": 4.9547120581170905,
        "predict_time_mean": 0.04178514999996423,
        "predict_time_std": 0.03034348221668808
    },
    "fold_metrics": {
        "accuracies": [
            0.7167630057803468,
            0.6994219653179191,
            0.6994219653179191,
            0.7052023121387283,
            0.7052023121387283,
            0.6936416184971098,
            0.6936416184971098,
            0.7109826589595376,
            0.7034883720930233,
            0.7093023255813954
        ],
        "train_times": [
            32.004969200000005,
            15.224781699999994,
            18.807905199999823,
            15.990288199999895,
            25.4293439999999,
            19.66137159999994,
            25.96937559999992,
            17.764591999999993,
            19.8497547999998,
            19.202502300000106
        ],
        "predict_times": [
            0.020818499999904816,
            0.019079400000009628,
            0.02004909999982374,
            0.024945299999899362,
            0.0466463999998723,
            0.027816400000119756,
            0.09566730000005919,
            0.01925929999993059,
            0.039639500000021144,
            0.10393030000000181
        ]
    }
}