{
    "model_name": "parameterless_knn_convex_hull_intra",
    "dataset": "car_evaluation",
    "hyperparameters": {
        "metric": "convex_hull_intra",
        "n_optimizer_calls": 25
    },
    "metrics": {
        "accuracy_mean": 0.9195321951875254,
        "accuracy_std": 0.036288725505608146,
        "train_time_mean": 8.036666035400412,
        "train_time_std": 1.1067139085308488,
        "predict_time_mean": 0.03554933619889198,
        "predict_time_std": 0.032117078251015264
    },
    "fold_metrics": {
        "accuracies": [
            0.9190751445086706,
            0.9075144508670521,
            0.9364161849710982,
            0.8554913294797688,
            0.9595375722543352,
            0.9421965317919075,
            0.9421965317919075,
            0.9421965317919075,
            0.8488372093023255,
            0.9418604651162791
        ],
        "train_times": [
            9.874833207999473,
            9.005978442000924,
            8.76192207999702,
            7.220343706998392,
            8.192574586995761,
            6.650343526009237,
            6.9068720920040505,
            9.234841529992991,
            6.599533638000139,
            7.919417544006137
        ],
        "predict_times": [
            0.044340670996461995,
            0.08201973700488452,
            0.08032620498852339,
            0.004437789000803605,
            0.05507031799061224,
            0.003981923990068026,
            0.004355006996775046,
            0.010519750998355448,
            0.0026017150084953755,
            0.06784024501394015
        ]
    }
}