{
    "model_name": "parameterless_knn_convex_hull_intra",
    "dataset": "car_evaluation",
    "hyperparameters": {
        "metric": "convex_hull_intra",
        "n_optimizer_calls": 25
    },
    "metrics": {
        "accuracy_mean": 0.9195321951875254,
        "accuracy_std": 0.036288725505608146,
        "train_time_mean": 8.06769707090134,
        "train_time_std": 1.1044905520802362,
        "predict_time_mean": 0.015962608097470365,
        "predict_time_std": 0.022547138164997052
    },
    "fold_metrics": {
        "accuracies": [
            0.9190751445086706,
            0.9075144508670521,
            0.9364161849710982,
            0.8554913294797688,
            0.9595375722543352,
            0.9421965317919075,
            0.9421965317919075,
            0.9421965317919075,
            0.8488372093023255,
            0.9418604651162791
        ],
        "train_times": [
            9.662278289993992,
            9.128493651005556,
            8.968422845005989,
            7.282992908003507,
            8.323661314003402,
            6.693258080995292,
            6.969915781010059,
            9.18794161498954,
            6.428188471007161,
            8.031817752998904
        ],
        "predict_times": [
            0.009207221999531612,
            0.003873227004078217,
            0.0036934839881723747,
            0.009745275994646363,
            0.06961213299655356,
            0.003327672995510511,
            0.004350797011284158,
            0.002920786995673552,
            0.0025725759915076196,
            0.05032290599774569
        ]
    }
}