{
    "model_name": "parameterless_knn_convex_hull_inter_hnbf",
    "dataset": "car_evaluation",
    "hyperparameters": {
        "metric": "convex_hull_inter",
        "n_optimizer_calls": 25,
        "support_samples_method": "hnbf"
    },
    "metrics": {
        "accuracy_mean": 0.7002352466729399,
        "accuracy_std": 0.001626562710041668,
        "train_time_mean": 20.677607550000015,
        "train_time_std": 6.307198032151514,
        "predict_time_mean": 0.07607909000000745,
        "predict_time_std": 0.030553753502373996
    },
    "fold_metrics": {
        "accuracies": [
            0.6994219653179191,
            0.6994219653179191,
            0.6994219653179191,
            0.6994219653179191,
            0.6994219653179191,
            0.6994219653179191,
            0.6994219653179191,
            0.6994219653179191,
            0.7034883720930233,
            0.7034883720930233
        ],
        "train_times": [
            15.37031879999995,
            27.784530800000084,
            31.155122799999845,
            18.85909760000004,
            8.447921700000052,
            16.306747400000177,
            24.264573299999938,
            20.01867940000011,
            19.20949110000015,
            25.359592599999814
        ],
        "predict_times": [
            0.08896859999981643,
            0.09658170000011523,
            0.088941400000067,
            0.07151419999991049,
            0.028586399999994683,
            0.04377199999998993,
            0.07387850000009166,
            0.03351920000000064,
            0.11493800000016563,
            0.12009089999992284
        ]
    }
}