{
    "model_name": "parameterless_knn_dissimilarity",
    "dataset": "car_evaluation",
    "hyperparameters": {
        "metric": "dissimilarity",
        "n_optimizer_calls": 25
    },
    "metrics": {
        "accuracy_mean": 0.9125856970022852,
        "accuracy_std": 0.03146058867896363,
        "train_time_mean": 9.196730733400909,
        "train_time_std": 0.48871539645906664,
        "predict_time_mean": 0.0365257528013899,
        "predict_time_std": 0.03036525716477014
    },
    "fold_metrics": {
        "accuracies": [
            0.8786127167630058,
            0.9248554913294798,
            0.930635838150289,
            0.9190751445086706,
            0.9653179190751445,
            0.9075144508670521,
            0.9248554913294798,
            0.9017341040462428,
            0.8430232558139535,
            0.9302325581395349
        ],
        "train_times": [
            9.32521792499756,
            9.104344958992442,
            9.003127992007649,
            8.297433226005523,
            10.08700816000055,
            8.61162443899957,
            9.572350565998931,
            9.245912668004166,
            9.664532662005513,
            9.055754736997187
        ],
        "predict_times": [
            0.011357995012076572,
            0.05293060299300123,
            0.05497428998933174,
            0.07964334300777409,
            0.006956630008062348,
            0.05955373799952213,
            0.0806987520045368,
            0.011293807998299599,
            0.0042615580023266375,
            0.0035868109989678487
        ]
    }
}