{
    "model_name": "parameterless_knn_spread",
    "dataset": "car_evaluation",
    "hyperparameters": {
        "metric": "spread",
        "n_optimizer_calls": 25
    },
    "metrics": {
        "accuracy_mean": 0.7211419545637855,
        "accuracy_std": 0.10114824691444202,
        "train_time_mean": 8.273163606600429,
        "train_time_std": 0.6577870565317291,
        "predict_time_mean": 0.007712686501326971,
        "predict_time_std": 0.013155155443681227
    },
    "fold_metrics": {
        "accuracies": [
            0.5838150289017341,
            0.9421965317919075,
            0.6416184971098265,
            0.6820809248554913,
            0.7341040462427746,
            0.7745664739884393,
            0.653179190751445,
            0.6242774566473989,
            0.7674418604651163,
            0.8081395348837209
        ],
        "train_times": [
            7.736472375996527,
            8.759667581005488,
            9.022496083998703,
            7.8549768080119975,
            8.51406111200049,
            8.612557398999343,
            7.6757875780022005,
            6.897417507992941,
            8.717632692001644,
            8.94056692799495
        ],
        "predict_times": [
            0.0023120100086089224,
            0.006350108000333421,
            0.002837006002664566,
            0.0022339679999276996,
            0.006370608010911383,
            0.046906682997359894,
            0.0022857340081827715,
            0.002281505992868915,
            0.002974058996187523,
            0.002575182996224612
        ]
    }
}