{
    "model_name": "parameterless_knn_opposite_hyperplane",
    "dataset": "car_evaluation",
    "hyperparameters": {
        "metric": "opposite_hyperplane"
    },
    "metrics": {
        "accuracy_mean": 0.7002352466729399,
        "accuracy_std": 0.001626562710041668,
        "train_time_mean": 3.5686255700013136,
        "train_time_std": 0.7285428340619983,
        "predict_time_mean": 0.04204079999981332,
        "predict_time_std": 0.007709971271779902
    }
}