{
    "model_name": "parameterless_knn_spread_hnbf",
    "dataset": "car_evaluation",
    "hyperparameters": {
        "metric": "spread",
        "n_optimizer_calls": 25,
        "support_samples_method": "hnbf"
    },
    "metrics": {
        "accuracy_mean": 0.7002352466729399,
        "accuracy_std": 0.001626562710041668,
        "train_time_mean": 18.96579734000004,
        "train_time_std": 5.469906506672935,
        "predict_time_mean": 0.040590109999970994,
        "predict_time_std": 0.0162543833157855
    },
    "fold_metrics": {
        "accuracies": [
            0.6994219653179191,
            0.6994219653179191,
            0.6994219653179191,
            0.6994219653179191,
            0.6994219653179191,
            0.6994219653179191,
            0.6994219653179191,
            0.6994219653179191,
            0.7034883720930233,
            0.7034883720930233
        ],
        "train_times": [
            24.023101600000018,
            27.51132030000008,
            11.89920989999996,
            19.002793699999984,
            11.190032500000143,
            12.638828800000056,
            22.933617599999934,
            15.876123200000166,
            21.117699800000082,
            23.46524599999998
        ],
        "predict_times": [
            0.07293290000006891,
            0.05954040000005989,
            0.017548999999917214,
            0.03919239999981983,
            0.04079219999994166,
            0.04876400000011927,
            0.029460599999993065,
            0.021151700000018536,
            0.04615179999996144,
            0.030366099999810103
        ]
    }
}