{
    "model_name": "parameterless_knn_opposite_hyperplane",
    "dataset": "car_evaluation",
    "hyperparameters": {
        "metric": "opposite_hyperplane",
        "n_optimizer_calls": 25
    },
    "metrics": {
        "accuracy_mean": 0.7066070708428553,
        "accuracy_std": 0.09799660212981108,
        "train_time_mean": 6.196311866799078,
        "train_time_std": 0.17376381061186416,
        "predict_time_mean": 0.002655523298017215,
        "predict_time_std": 0.0002566806744739173
    },
    "fold_metrics": {
        "accuracies": [
            0.5838150289017341,
            0.9421965317919075,
            0.6416184971098265,
            0.6820809248554913,
            0.7341040462427746,
            0.7745664739884393,
            0.653179190751445,
            0.6242774566473989,
            0.7674418604651163,
            0.6627906976744186
        ],
        "train_times": [
            6.2503235139884055,
            6.552038756999536,
            6.147965504002059,
            6.06885876400338,
            6.104555669997353,
            6.06882165800198,
            6.116449659995851,
            5.944103627000004,
            6.288390596004319,
            6.421610917997896
        ],
        "predict_times": [
            0.0028041329933330417,
            0.0028723849973175675,
            0.002949729998363182,
            0.0022140979999676347,
            0.0023151839995989576,
            0.0027925739996135235,
            0.002774455992039293,
            0.002917880003224127,
            0.0025355749967275187,
            0.002379217999987304
        ]
    }
}