{
    "model_name": "parameterless_knn_spread_gabriel_graph",
    "dataset": "car_evaluation",
    "hyperparameters": {
        "metric": "spread",
        "n_optimizer_calls": 25,
        "support_samples_method": "gabriel_graph"
    },
    "metrics": {
        "accuracy_mean": 0.7002352466729399,
        "accuracy_std": 0.001626562710041668,
        "train_time_mean": 133.36043134000002,
        "train_time_std": 22.942984840231254,
        "predict_time_mean": 0.04087650000012673,
        "predict_time_std": 0.014407773245213881
    },
    "fold_metrics": {
        "accuracies": [
            0.6994219653179191,
            0.6994219653179191,
            0.6994219653179191,
            0.6994219653179191,
            0.6994219653179191,
            0.6994219653179191,
            0.6994219653179191,
            0.6994219653179191,
            0.7034883720930233,
            0.7034883720930233
        ],
        "train_times": [
            166.4221669000001,
            163.62021270000014,
            135.94955419999974,
            166.89307340000005,
            135.40434600000026,
            117.76702310000019,
            109.65136979999988,
            115.62886489999983,
            113.58634200000006,
            108.6813603999999
        ],
        "predict_times": [
            0.04696320000016385,
            0.04471980000016629,
            0.07266419999996288,
            0.05991230000017822,
            0.03243270000029952,
            0.03226360000007844,
            0.02823020000005272,
            0.03049230000033276,
            0.02704959999982748,
            0.0340371000002051
        ]
    }
}