{
    "model_name": "parameterless_knn_spread",
    "dataset": "car_evaluation",
    "hyperparameters": {
        "metric": "spread",
        "n_optimizer_calls": 25
    },
    "metrics": {
        "accuracy_mean": 0.7211419545637855,
        "accuracy_std": 0.10114824691444202,
        "train_time_mean": 8.177764587198908,
        "train_time_std": 0.6370284918570552,
        "predict_time_mean": 0.003304659898276441,
        "predict_time_std": 0.0020091477024338426
    },
    "fold_metrics": {
        "accuracies": [
            0.5838150289017341,
            0.9421965317919075,
            0.6416184971098265,
            0.6820809248554913,
            0.7341040462427746,
            0.7745664739884393,
            0.653179190751445,
            0.6242774566473989,
            0.7674418604651163,
            0.8081395348837209
        ],
        "train_times": [
            7.484314353001537,
            8.485143029000028,
            8.618339192995336,
            7.770878937997622,
            8.61686915899918,
            8.611115819992847,
            7.720482285993057,
            6.868664617999457,
            8.654397977006738,
            8.947440499003278
        ],
        "predict_times": [
            0.002344220003578812,
            0.002836555999238044,
            0.0024015649978537112,
            0.0027085479960078374,
            0.0029191600042395294,
            0.009273989999201149,
            0.0023357799946097657,
            0.002235837993794121,
            0.0030101839947747067,
            0.002980757999466732
        ]
    }
}