{
    "model_name": "parameterless_knn_opposite_hyperplane_gabriel_graph",
    "dataset": "car_evaluation",
    "hyperparameters": {
        "metric": "opposite_hyperplane",
        "n_optimizer_calls": 25,
        "support_samples_method": "gabriel_graph"
    },
    "metrics": {
        "accuracy_mean": 0.7002352466729399,
        "accuracy_std": 0.001626562710041668,
        "train_time_mean": 155.22577864999997,
        "train_time_std": 41.90789236960478,
        "predict_time_mean": 0.06825422000013077,
        "predict_time_std": 0.055596580852148
    },
    "fold_metrics": {
        "accuracies": [
            0.6994219653179191,
            0.6994219653179191,
            0.6994219653179191,
            0.6994219653179191,
            0.6994219653179191,
            0.6994219653179191,
            0.6994219653179191,
            0.6994219653179191,
            0.7034883720930233,
            0.7034883720930233
        ],
        "train_times": [
            239.20698100000004,
            173.58859329999996,
            170.54290579999997,
            182.1444580000002,
            196.81365659999983,
            136.08873859999994,
            121.1693495999998,
            114.60540270000001,
            113.6963682999999,
            104.40133259999993
        ],
        "predict_times": [
            0.10785650000002533,
            0.10275550000005751,
            0.07094370000004346,
            0.04329649999999674,
            0.20934540000007473,
            0.028664600000411156,
            0.03993270000000848,
            0.02860950000012963,
            0.021757500000148866,
            0.029380300000411808
        ]
    }
}