{
    "model_name": "parameterless_knn_opposite_hyperplane_margin_clustering",
    "dataset": "car_evaluation",
    "hyperparameters": {
        "metric": "opposite_hyperplane",
        "n_optimizer_calls": 25,
        "support_samples_method": "margin_clustering"
    },
    "metrics": {
        "accuracy_mean": 0.7297452614598736,
        "accuracy_std": 0.018641640307806143,
        "train_time_mean": 16.347324830000026,
        "train_time_std": 5.102177802677305,
        "predict_time_mean": 0.05897610000004079,
        "predict_time_std": 0.03183003574578935
    },
    "fold_metrics": {
        "accuracies": [
            0.7456647398843931,
            0.7341040462427746,
            0.7052023121387283,
            0.7283236994219653,
            0.7052023121387283,
            0.7687861271676301,
            0.7398843930635838,
            0.7109826589595376,
            0.7267441860465116,
            0.7325581395348837
        ],
        "train_times": [
            12.5908151000001,
            23.283141699999987,
            14.168055600000116,
            13.717158599999948,
            18.30285240000012,
            26.131291200000078,
            20.470398799999884,
            11.995041800000081,
            10.373482999999851,
            12.441010100000085
        ],
        "predict_times": [
            0.06392510000000584,
            0.09305510000012873,
            0.03698770000005425,
            0.03759800000011637,
            0.0933058999999048,
            0.12403349999999591,
            0.024191200000132085,
            0.04731930000002649,
            0.04045780000001287,
            0.02888740000003054
        ]
    }
}