{
    "model_name": "parameterless_knn_silhouette",
    "dataset": "car_evaluation",
    "hyperparameters": {
        "metric": "silhouette",
        "n_optimizer_calls": 25
    },
    "metrics": {
        "accuracy_mean": 0.7370311869874984,
        "accuracy_std": 0.1873333479639292,
        "train_time_mean": 10.092155300799641,
        "train_time_std": 0.6679432755304868,
        "predict_time_mean": 0.024595187498198355,
        "predict_time_std": 0.028621299582414737
    },
    "fold_metrics": {
        "accuracies": [
            0.791907514450867,
            0.9421965317919075,
            0.7687861271676301,
            0.7976878612716763,
            0.7861271676300579,
            0.7745664739884393,
            0.8208092485549133,
            0.6242774566473989,
            0.8430232558139535,
            0.22093023255813954
        ],
        "train_times": [
            10.021688841006835,
            9.053140514995903,
            10.961109367010067,
            10.435322285993607,
            11.016015956993215,
            10.518406073999358,
            9.98478031900595,
            10.179576003996772,
            9.835803905996727,
            8.915709738997975
        ],
        "predict_times": [
            0.08250027299800422,
            0.009990285994717851,
            0.007228969989228062,
            0.016917072993237525,
            0.018194778996985406,
            0.07971630799875129,
            0.013326088010217063,
            0.006366539004375227,
            0.009322525991592556,
            0.0023890330048743635
        ]
    }
}