{
    "model_name": "parameterless_knn_convex_hull_intra_margin_clustering",
    "dataset": "car_evaluation",
    "hyperparameters": {
        "metric": "convex_hull_intra",
        "n_optimizer_calls": 25,
        "support_samples_method": "margin_clustering"
    },
    "metrics": {
        "accuracy_mean": 0.7783236994219653,
        "accuracy_std": 0.055355985922589335,
        "train_time_mean": 19.57362105000002,
        "train_time_std": 5.338835692140945,
        "predict_time_mean": 0.031066479999935837,
        "predict_time_std": 0.014041903413875659
    },
    "fold_metrics": {
        "accuracies": [
            0.8786127167630058,
            0.7167630057803468,
            0.8323699421965318,
            0.815028901734104,
            0.7514450867052023,
            0.8265895953757225,
            0.6936416184971098,
            0.7687861271676301,
            0.7674418604651163,
            0.7325581395348837
        ],
        "train_times": [
            20.42861929999981,
            25.934275699999944,
            18.550106299999925,
            16.797295600000098,
            28.577612699999918,
            24.745730099999946,
            14.652041100000133,
            9.81594270000005,
            16.777786700000206,
            19.456800300000168
        ],
        "predict_times": [
            0.04168259999983093,
            0.051446700000042256,
            0.031029399999852103,
            0.024151800000026924,
            0.05569340000010925,
            0.02154959999984385,
            0.03649559999985286,
            0.016143599999850267,
            0.01439570000002277,
            0.018076399999927162
        ]
    }
}