{
    "model_name": "parameterless_knn_convex_hull_inter",
    "dataset": "car_evaluation",
    "hyperparameters": {
        "metric": "convex_hull_inter",
        "n_optimizer_calls": 25
    },
    "metrics": {
        "accuracy_mean": 0.7002352466729399,
        "accuracy_std": 0.001626562710041668,
        "train_time_mean": 5.446878234596807,
        "train_time_std": 0.6481848814088088,
        "predict_time_mean": 0.016892351399292238,
        "predict_time_std": 0.0038825156236567664
    },
    "fold_metrics": {
        "accuracies": [
            0.6994219653179191,
            0.6994219653179191,
            0.6994219653179191,
            0.6994219653179191,
            0.6994219653179191,
            0.6994219653179191,
            0.6994219653179191,
            0.6994219653179191,
            0.7034883720930233,
            0.7034883720930233
        ],
        "train_times": [
            5.045774484999129,
            5.424707608006429,
            5.153203770998516,
            6.885609251999995,
            6.368442103994312,
            4.811869061988546,
            5.04833120299736,
            4.762042381989886,
            5.503063652999117,
            5.465738825994777
        ],
        "predict_times": [
            0.015947463005431928,
            0.015534512989688665,
            0.014674043995910324,
            0.028289209003560245,
            0.015941033998387866,
            0.015386148996185511,
            0.014337443994008936,
            0.01601020600355696,
            0.015345157007686794,
            0.017458294998505153
        ]
    }
}