{
    "model_name": "parameterless_knn_dissimilarity",
    "dataset": "car_evaluation",
    "hyperparameters": {
        "metric": "dissimilarity",
        "n_optimizer_calls": 25
    },
    "metrics": {
        "accuracy_mean": 0.9125856970022852,
        "accuracy_std": 0.03146058867896363,
        "train_time_mean": 9.183476782799698,
        "train_time_std": 0.5747789959745858,
        "predict_time_mean": 0.0065799970994703475,
        "predict_time_std": 0.002292025620296633
    },
    "fold_metrics": {
        "accuracies": [
            0.8786127167630058,
            0.9248554913294798,
            0.930635838150289,
            0.9190751445086706,
            0.9653179190751445,
            0.9075144508670521,
            0.9248554913294798,
            0.9017341040462428,
            0.8430232558139535,
            0.9302325581395349
        ],
        "train_times": [
            9.245867695004563,
            8.975580792990513,
            9.062920701006078,
            8.372438453996438,
            10.380537884004298,
            8.296616577994428,
            9.612231852006516,
            9.30697852600133,
            9.557896150989109,
            9.023699194003711
        ],
        "predict_times": [
            0.009413489999133162,
            0.01023006800096482,
            0.007058071991195902,
            0.004004709000582807,
            0.006958477999432944,
            0.0077256229997146875,
            0.005745034999563359,
            0.007887301006121561,
            0.003600110998377204,
            0.0031770839996170253
        ]
    }
}