{
    "model_name": "parameterless_knn_convex_hull_intra_hnbf",
    "dataset": "car_evaluation",
    "hyperparameters": {
        "metric": "convex_hull_intra",
        "n_optimizer_calls": 25,
        "support_samples_method": "hnbf"
    },
    "metrics": {
        "accuracy_mean": 0.37077564188735046,
        "accuracy_std": 0.22826086045344257,
        "train_time_mean": 12.469577050000021,
        "train_time_std": 3.3611823466259425,
        "predict_time_mean": 0.28670061000002534,
        "predict_time_std": 0.3913572397263424
    },
    "fold_metrics": {
        "accuracies": [
            0.2254335260115607,
            0.6994219653179191,
            0.2254335260115607,
            0.6994219653179191,
            0.21965317919075145,
            0.21965317919075145,
            0.21965317919075145,
            0.7572254335260116,
            0.22093023255813954,
            0.22093023255813954
        ],
        "train_times": [
            9.742092599999978,
            12.425500600000078,
            7.431888800000024,
            18.714737100000093,
            16.285381400000006,
            9.610631300000023,
            10.877535999999964,
            15.042673400000012,
            14.426819600000044,
            10.138509699999986
        ],
        "predict_times": [
            0.047786500000029264,
            0.6339576000000307,
            0.03105809999988196,
            1.1403866000000562,
            0.028731999999990876,
            0.022366500000089218,
            0.1194054000000051,
            0.7943241000000398,
            0.0347686000000067,
            0.014220700000123543
        ]
    }
}