{
    "model_name": "parameterless_knn_convex_hull_inter_gabriel_graph",
    "dataset": "car_evaluation",
    "hyperparameters": {
        "metric": "convex_hull_inter",
        "n_optimizer_calls": 25,
        "support_samples_method": "gabriel_graph"
    },
    "metrics": {
        "accuracy_mean": 0.7002352466729399,
        "accuracy_std": 0.001626562710041668,
        "train_time_mean": 146.64431773,
        "train_time_std": 31.476985963804225,
        "predict_time_mean": 0.072911739999995,
        "predict_time_std": 0.04222374939673661
    },
    "fold_metrics": {
        "accuracies": [
            0.6994219653179191,
            0.6994219653179191,
            0.6994219653179191,
            0.6994219653179191,
            0.6994219653179191,
            0.6994219653179191,
            0.6994219653179191,
            0.6994219653179191,
            0.7034883720930233,
            0.7034883720930233
        ],
        "train_times": [
            175.903636,
            143.3630432,
            179.6622708,
            211.09627160000036,
            149.38536169999998,
            129.0539200999997,
            138.29729960000031,
            119.37331029999996,
            111.47587329999988,
            108.83219069999996
        ],
        "predict_times": [
            0.11954670000000078,
            0.0957615999996051,
            0.1705840999998145,
            0.06012909999981275,
            0.07584470000028887,
            0.0538672000002407,
            0.04930119999971794,
            0.04193100000020422,
            0.026649100000213366,
            0.035502700000051846
        ]
    }
}