{
    "model_name": "parameterless_knn_convex_hull_intra_gabriel_graph",
    "dataset": "car_evaluation",
    "hyperparameters": {
        "metric": "convex_hull_intra",
        "n_optimizer_calls": 25,
        "support_samples_method": "gabriel_graph"
    },
    "metrics": {
        "accuracy_mean": 0.7690516198413765,
        "accuracy_std": 0.04104859978984322,
        "train_time_mean": 135.46064429999998,
        "train_time_std": 21.41887872741349,
        "predict_time_mean": 0.029555690000006508,
        "predict_time_std": 0.014235940472110149
    },
    "fold_metrics": {
        "accuracies": [
            0.8034682080924855,
            0.7167630057803468,
            0.8323699421965318,
            0.8092485549132948,
            0.7167630057803468,
            0.7687861271676301,
            0.791907514450867,
            0.791907514450867,
            0.7441860465116279,
            0.7151162790697675
        ],
        "train_times": [
            164.9976701999999,
            161.33052010000006,
            121.4311017,
            125.40920640000013,
            170.10669570000027,
            128.87992609999992,
            141.3376171,
            116.42278589999978,
            116.75458260000005,
            107.9363371999998
        ],
        "predict_times": [
            0.023353900000074646,
            0.04153580000001966,
            0.033355500000197935,
            0.017506300000150077,
            0.018250799999805167,
            0.022282500000073924,
            0.05812740000010308,
            0.013955200000054901,
            0.04794679999986329,
            0.01924269999972239
        ]
    }
}