{
    "model_name": "parameterless_knn_convex_hull_inter",
    "dataset": "car_evaluation",
    "hyperparameters": {
        "metric": "convex_hull_inter",
        "n_optimizer_calls": 25
    },
    "metrics": {
        "accuracy_mean": 0.7002352466729399,
        "accuracy_std": 0.001626562710041668,
        "train_time_mean": 5.416408870399755,
        "train_time_std": 0.6457127299584817,
        "predict_time_mean": 0.016357448398775887,
        "predict_time_std": 0.0039392475463171156
    },
    "fold_metrics": {
        "accuracies": [
            0.6994219653179191,
            0.6994219653179191,
            0.6994219653179191,
            0.6994219653179191,
            0.6994219653179191,
            0.6994219653179191,
            0.6994219653179191,
            0.6994219653179191,
            0.7034883720930233,
            0.7034883720930233
        ],
        "train_times": [
            5.04028422900592,
            5.411260373992263,
            5.130179776009754,
            6.819852636996075,
            6.375839658998302,
            4.784958559990628,
            5.063927192008123,
            4.686617725994438,
            5.41759096099122,
            5.433577590010827
        ],
        "predict_times": [
            0.014712402000441216,
            0.01536557100189384,
            0.014560308001819067,
            0.027933421995840035,
            0.015794822000316344,
            0.015055790994665585,
            0.014172299997881055,
            0.013764002986135893,
            0.015552223005215637,
            0.016663642003550194
        ]
    }
}