{
    "model_name": "parameterless_knn_dissimilarity_gabriel_graph",
    "dataset": "car_evaluation",
    "hyperparameters": {
        "metric": "dissimilarity",
        "n_optimizer_calls": 25,
        "support_samples_method": "gabriel_graph"
    },
    "metrics": {
        "accuracy_mean": 0.7228222879419277,
        "accuracy_std": 0.015032710182562784,
        "train_time_mean": 161.44031335,
        "train_time_std": 32.94282620827112,
        "predict_time_mean": 0.03200778000004902,
        "predict_time_std": 0.014193723472842123
    },
    "fold_metrics": {
        "accuracies": [
            0.7225433526011561,
            0.7052023121387283,
            0.7225433526011561,
            0.7283236994219653,
            0.7225433526011561,
            0.6994219653179191,
            0.7109826589595376,
            0.7341040462427746,
            0.7558139534883721,
            0.7267441860465116
        ],
        "train_times": [
            194.90993759999992,
            191.29012609999995,
            202.32385120000004,
            174.14847370000007,
            173.01689020000003,
            187.37984749999987,
            130.69477469999993,
            120.10637720000022,
            129.12287149999975,
            111.40998380000019
        ],
        "predict_times": [
            0.02724520000015218,
            0.03390349999995124,
            0.027081700000053388,
            0.041104599999925995,
            0.029476900000190653,
            0.056931400000394206,
            0.054562799999985145,
            0.019765500000175962,
            0.01790229999960502,
            0.012103900000056456
        ]
    }
}