{
    "model_name": "parameterless_knn_silhouette_margin_clustering",
    "dataset": "car_evaluation",
    "hyperparameters": {
        "metric": "silhouette",
        "n_optimizer_calls": 25,
        "support_samples_method": "margin_clustering"
    },
    "metrics": {
        "accuracy_mean": 0.8657514450867051,
        "accuracy_std": 0.02333147125121838,
        "train_time_mean": 16.049857300000053,
        "train_time_std": 1.6853038532989588,
        "predict_time_mean": 0.035072909999985316,
        "predict_time_std": 0.00626598581782541
    },
    "fold_metrics": {
        "accuracies": [
            0.8554913294797688,
            0.8497109826589595,
            0.8670520231213873,
            0.8323699421965318,
            0.8728323699421965,
            0.8439306358381503,
            0.8670520231213873,
            0.9190751445086706,
            0.8895348837209303,
            0.8604651162790697
        ],
        "train_times": [
            16.549365399999942,
            15.868539000000055,
            14.919211500000074,
            18.50642650000009,
            17.58267469999987,
            17.744050500000185,
            16.082051099999944,
            12.173082400000112,
            15.414358400000083,
            15.658813500000178
        ],
        "predict_times": [
            0.0380600000000868,
            0.03842020000001867,
            0.039116200000080426,
            0.035000899999886315,
            0.03970849999996062,
            0.02808229999982359,
            0.03333700000007411,
            0.03526329999999689,
            0.020419899999978952,
            0.04332079999994676
        ]
    }
}