{
    "model_name": "parameterless_knn_opposite_hyperplane",
    "dataset": "car_evaluation",
    "hyperparameters": {
        "metric": "opposite_hyperplane",
        "n_optimizer_calls": 25
    },
    "metrics": {
        "accuracy_mean": 0.7066070708428553,
        "accuracy_std": 0.09799660212981108,
        "train_time_mean": 6.248519835200568,
        "train_time_std": 0.20222627697488144,
        "predict_time_mean": 0.0027215568989049643,
        "predict_time_std": 0.0001471814031091203
    },
    "fold_metrics": {
        "accuracies": [
            0.5838150289017341,
            0.9421965317919075,
            0.6416184971098265,
            0.6820809248554913,
            0.7341040462427746,
            0.7745664739884393,
            0.653179190751445,
            0.6242774566473989,
            0.7674418604651163,
            0.6627906976744186
        ],
        "train_times": [
            6.293454475991894,
            6.4837905280001,
            6.194853947003139,
            6.215120456006844,
            6.135016227999586,
            6.081643325989717,
            6.081473060999997,
            5.963520183009678,
            6.356434153000009,
            6.67989199400472
        ],
        "predict_times": [
            0.002792405997752212,
            0.0028402729949448258,
            0.0028066469967598096,
            0.002812159000313841,
            0.0027874180086655542,
            0.002342353996937163,
            0.002806596996379085,
            0.002764798002317548,
            0.002697001997148618,
            0.002565914997830987
        ]
    }
}