{
    "model_name": "parameterless_knn_silhouette",
    "dataset": "car_evaluation",
    "hyperparameters": {
        "metric": "silhouette",
        "n_optimizer_calls": 25
    },
    "metrics": {
        "accuracy_mean": 0.7370311869874984,
        "accuracy_std": 0.1873333479639292,
        "train_time_mean": 10.60405376719864,
        "train_time_std": 0.9062890090669717,
        "predict_time_mean": 0.020938193798065184,
        "predict_time_std": 0.02257383236375572
    },
    "fold_metrics": {
        "accuracies": [
            0.791907514450867,
            0.9421965317919075,
            0.7687861271676301,
            0.7976878612716763,
            0.7861271676300579,
            0.7745664739884393,
            0.8208092485549133,
            0.6242774566473989,
            0.8430232558139535,
            0.22093023255813954
        ],
        "train_times": [
            9.963396544000716,
            9.12856780400034,
            10.900589922996005,
            10.71954893200018,
            11.421985695007606,
            11.557276627994725,
            12.092403994989581,
            10.680064885003958,
            10.233027837995905,
            9.343675427997368
        ],
        "predict_times": [
            0.05242511798860505,
            0.0029595229862025008,
            0.0065329760109307244,
            0.01720191800268367,
            0.018016283996985294,
            0.0030364919948624447,
            0.01599843500298448,
            0.07424123800592497,
            0.01664994200109504,
            0.0023200119903776795
        ]
    }
}