{
    "model_name": "parameterless_knn_silhouette_gabriel_graph",
    "dataset": "car_evaluation",
    "hyperparameters": {
        "metric": "silhouette",
        "n_optimizer_calls": 25,
        "support_samples_method": "gabriel_graph"
    },
    "metrics": {
        "accuracy_mean": 0.8645483263879553,
        "accuracy_std": 0.03816240127394505,
        "train_time_mean": 143.13075172,
        "train_time_std": 21.25449473367736,
        "predict_time_mean": 0.04660433000001376,
        "predict_time_std": 0.019955985705912446
    },
    "fold_metrics": {
        "accuracies": [
            0.861271676300578,
            0.8034682080924855,
            0.8786127167630058,
            0.884393063583815,
            0.9132947976878613,
            0.8208092485549133,
            0.9190751445086706,
            0.8959537572254336,
            0.8430232558139535,
            0.8255813953488372
        ],
        "train_times": [
            144.34889789999988,
            186.34590900000012,
            139.29444369999987,
            134.84405900000002,
            120.21471380000003,
            176.98496990000012,
            140.4944561000002,
            143.41796939999995,
            127.70345559999987,
            117.65864280000005
        ],
        "predict_times": [
            0.049799500000062835,
            0.0369069999999283,
            0.08628719999978784,
            0.04281330000003436,
            0.05605500000001484,
            0.02634059999991223,
            0.07736650000015288,
            0.034516599999733444,
            0.026777700000366167,
            0.0291799000001447
        ]
    }
}