{
    "model_name": "parameterless_knn_dissimilarity_margin_clustering",
    "dataset": "car_evaluation",
    "hyperparameters": {
        "metric": "dissimilarity",
        "n_optimizer_calls": 25,
        "support_samples_method": "margin_clustering"
    },
    "metrics": {
        "accuracy_mean": 0.7609692162925125,
        "accuracy_std": 0.02890779908040402,
        "train_time_mean": 16.22411211999995,
        "train_time_std": 1.8438831863353167,
        "predict_time_mean": 0.038775989999976446,
        "predict_time_std": 0.02213361721389709
    },
    "fold_metrics": {
        "accuracies": [
            0.7514450867052023,
            0.7283236994219653,
            0.7572254335260116,
            0.7861271676300579,
            0.8323699421965318,
            0.7514450867052023,
            0.7514450867052023,
            0.7745664739884393,
            0.7325581395348837,
            0.7441860465116279
        ],
        "train_times": [
            17.05850650000002,
            13.788654899999983,
            18.27201019999984,
            15.119061500000043,
            15.909480099999882,
            20.01544399999989,
            14.230927299999848,
            16.95868070000006,
            16.380714399999988,
            14.507641599999943
        ],
        "predict_times": [
            0.030530800000178715,
            0.08375819999992018,
            0.07566299999984949,
            0.015744299999823852,
            0.032203499999923224,
            0.03436990000000151,
            0.04654759999993985,
            0.02314469999987523,
            0.018157100000053106,
            0.027640800000199306
        ]
    }
}