{
    "model_name": "parameterless_knn_convex_hull_inter_margin_clustering",
    "dataset": "car_evaluation",
    "hyperparameters": {
        "metric": "convex_hull_inter",
        "n_optimizer_calls": 25,
        "support_samples_method": "margin_clustering"
    },
    "metrics": {
        "accuracy_mean": 0.7042814894475065,
        "accuracy_std": 0.010164549803645399,
        "train_time_mean": 19.208738690000065,
        "train_time_std": 2.835877245435204,
        "predict_time_mean": 0.06320108999998411,
        "predict_time_std": 0.024190609043712046
    },
    "fold_metrics": {
        "accuracies": [
            0.6994219653179191,
            0.6994219653179191,
            0.6994219653179191,
            0.7341040462427746,
            0.7052023121387283,
            0.6994219653179191,
            0.6994219653179191,
            0.6994219653179191,
            0.7034883720930233,
            0.7034883720930233
        ],
        "train_times": [
            21.88267370000017,
            19.74901550000004,
            14.093973499999947,
            17.55788930000017,
            22.08313700000008,
            15.529419899999994,
            21.582713000000012,
            20.520884700000124,
            16.831606400000055,
            22.256073900000047
        ],
        "predict_times": [
            0.05625129999998535,
            0.07516209999994317,
            0.030958399999917674,
            0.05113349999987804,
            0.023630099999991216,
            0.0563720000000103,
            0.06168440000010378,
            0.08185739999998987,
            0.08847500000001673,
            0.10648670000000493
        ]
    }
}