{
    "model_name": "sklearn_knn_wrapper",
    "dataset": "car_evaluation",
    "hyperparameters": {
        "n_optimizer_calls": 25
    },
    "metrics": {
        "accuracy_mean": 0.8252890173410405,
        "accuracy_std": 0.060687046556444385,
        "train_time_mean": 33.96925229000003,
        "train_time_std": 11.227373339086343,
        "predict_time_mean": 0.019763830000010786,
        "predict_time_std": 0.009681728457404835
    },
    "fold_metrics": {
        "accuracies": [
            0.884393063583815,
            0.884393063583815,
            0.8439306358381503,
            0.7745664739884393,
            0.8265895953757225,
            0.7398843930635838,
            0.7167630057803468,
            0.8323699421965318,
            0.9127906976744186,
            0.8372093023255814
        ],
        "train_times": [
            45.41341210000019,
            24.33192250000002,
            36.55841720000012,
            38.57393139999999,
            13.642962000000125,
            35.92913070000009,
            56.89897519999977,
            27.862416399999802,
            30.91742820000036,
            29.563927199999853
        ],
        "predict_times": [
            0.00948219999986577,
            0.03428469999994377,
            0.007921300000134579,
            0.012652800000068964,
            0.007430500000054963,
            0.025527499999952852,
            0.033925299999737035,
            0.0232187999999951,
            0.025164000000131637,
            0.01803120000022318
        ]
    }
}