{
    "model_name": "sklearn_knn_wrapper",
    "dataset": "car_evaluation",
    "hyperparameters": {
        "n_optimizer_calls": 25
    },
    "metrics": {
        "accuracy_mean": 0.7731516332840436,
        "accuracy_std": 0.027664817882883257,
        "train_time_mean": 8.493076605100942,
        "train_time_std": 0.3538922954322707,
        "predict_time_mean": 0.006791392802551854,
        "predict_time_std": 0.0018753687915438705
    },
    "fold_metrics": {
        "accuracies": [
            0.7514450867052023,
            0.7283236994219653,
            0.7514450867052023,
            0.8208092485549133,
            0.8208092485549133,
            0.7630057803468208,
            0.7745664739884393,
            0.7687861271676301,
            0.7732558139534884,
            0.7790697674418605
        ],
        "train_times": [
            8.391528100997675,
            8.07680010900367,
            8.28542523899523,
            8.356574131001253,
            8.631002324007568,
            8.596111648002989,
            8.931782942003338,
            8.053056677003042,
            9.250156370995683,
            8.358328508998966
        ],
        "predict_times": [
            0.011533634999068454,
            0.004009917989606038,
            0.006593026002519764,
            0.007057782000629231,
            0.007158555003115907,
            0.006437892006943002,
            0.005029445004765876,
            0.005721017005271278,
            0.007265135005582124,
            0.007107523008016869
        ]
    }
}