{
    "model_name": "sklearn_knn_wrapper",
    "dataset": "car_evaluation",
    "hyperparameters": {
        "n_optimizer_calls": 10
    },
    "metrics": {
        "accuracy_mean": 0.7621420889904557,
        "accuracy_std": 0.04544347233435587,
        "train_time_mean": 2.4969589699998322,
        "train_time_std": 0.032979598849693245,
        "predict_time_mean": 0.01421212999994168,
        "predict_time_std": 0.003508683943465711
    }
}