{
    "model_name": "sklearn_knn_wrapper",
    "dataset": "car_evaluation",
    "hyperparameters": {
        "n_optimizer_calls": 25
    },
    "metrics": {
        "accuracy_mean": 0.7731516332840436,
        "accuracy_std": 0.027664817882883257,
        "train_time_mean": 8.407668780200765,
        "train_time_std": 0.3437947286564285,
        "predict_time_mean": 0.006326601900218521,
        "predict_time_std": 0.001200766063182452
    },
    "fold_metrics": {
        "accuracies": [
            0.7514450867052023,
            0.7283236994219653,
            0.7514450867052023,
            0.8208092485549133,
            0.8208092485549133,
            0.7630057803468208,
            0.7745664739884393,
            0.7687861271676301,
            0.7732558139534884,
            0.7790697674418605
        ],
        "train_times": [
            8.412931515995297,
            8.01510969499941,
            8.285099061002256,
            8.374092693993589,
            8.543139745001099,
            8.286607311005355,
            8.304565143000218,
            8.054298917006236,
            9.323238046999904,
            8.477605673004291
        ],
        "predict_times": [
            0.008129703011945821,
            0.004071663992363028,
            0.005896319999010302,
            0.005495727004017681,
            0.00616339199768845,
            0.0075190700008533895,
            0.005279803997837007,
            0.0063252260006265715,
            0.007955057997605763,
            0.006430055000237189
        ]
    }
}