{
    "model_name": "parameterless_knn_spread",
    "dataset": "spambase",
    "hyperparameters": {
        "metric": "spread",
        "n_optimizer_calls": 25
    },
    "metrics": {
        "accuracy_mean": 0.8900249929265301,
        "accuracy_std": 0.010239570099205529,
        "train_time_mean": 13.511576462298398,
        "train_time_std": 0.5066192779169125,
        "predict_time_mean": 0.009608085798390675,
        "predict_time_std": 0.0010366531299174245
    },
    "fold_metrics": {
        "accuracies": [
            0.8850325379609545,
            0.8804347826086957,
            0.8760869565217392,
            0.9043478260869565,
            0.8804347826086957,
            0.8847826086956522,
            0.9043478260869565,
            0.9043478260869565,
            0.8913043478260869,
            0.8891304347826087
        ],
        "train_times": [
            13.660481644008541,
            14.210339729994303,
            13.842920627997955,
            13.929303383003571,
            13.185917654001969,
            13.792012774996692,
            12.40156568698876,
            13.308521928003756,
            13.770120678993408,
            13.014580514995032
        ],
        "predict_times": [
            0.00925577399902977,
            0.00891673899604939,
            0.00880953400337603,
            0.00868441499187611,
            0.01198663900140673,
            0.008747069994569756,
            0.009739043991430663,
            0.010810243999003433,
            0.008937699007219635,
            0.010193699999945238
        ]
    }
}