{
    "model_name": "parameterless_knn_convex_hull_intra",
    "dataset": "spambase",
    "hyperparameters": {
        "metric": "convex_hull_intra",
        "n_optimizer_calls": 25
    },
    "metrics": {
        "accuracy_mean": 0.7974455342827502,
        "accuracy_std": 0.050595600289537045,
        "train_time_mean": 14.55770665829914,
        "train_time_std": 2.059951105026328,
        "predict_time_mean": 0.0672140283990302,
        "predict_time_std": 0.028602768666722327
    },
    "fold_metrics": {
        "accuracies": [
            0.7505422993492408,
            0.7652173913043478,
            0.7804347826086957,
            0.8891304347826087,
            0.7608695652173914,
            0.7391304347826086,
            0.8804347826086957,
            0.8152173913043478,
            0.7673913043478261,
            0.8260869565217391
        ],
        "train_times": [
            14.336135491001187,
            17.15918894400238,
            16.370415801997297,
            13.99358391900023,
            12.896917848003795,
            17.12833085299644,
            11.583021247992292,
            15.865867581989733,
            15.117175153005519,
            11.126429743002518
        ],
        "predict_times": [
            0.09322190299280919,
            0.07961265899939463,
            0.09112060700135771,
            0.021271064004395157,
            0.0693727360048797,
            0.06712290699942969,
            0.014312243001768366,
            0.09950405498966575,
            0.0885555779968854,
            0.048046531999716535
        ]
    }
}