{
    "model_name": "parameterless_knn_opposite_hyperplane",
    "dataset": "spambase",
    "hyperparameters": {
        "metric": "opposite_hyperplane",
        "n_optimizer_calls": 25
    },
    "metrics": {
        "accuracy_mean": 0.8828444779779308,
        "accuracy_std": 0.01387609704548667,
        "train_time_mean": 10.642330747797677,
        "train_time_std": 0.31815151130939573,
        "predict_time_mean": 0.006878866098122671,
        "predict_time_std": 0.0021261360634698056
    },
    "fold_metrics": {
        "accuracies": [
            0.9154013015184381,
            0.8782608695652174,
            0.8695652173913043,
            0.8760869565217392,
            0.8782608695652174,
            0.8717391304347826,
            0.8891304347826087,
            0.9,
            0.8782608695652174,
            0.8717391304347826
        ],
        "train_times": [
            10.364762979996158,
            10.84728794399416,
            10.772235440002987,
            11.086707590002334,
            11.046223726996686,
            10.934423542988952,
            10.499342002993217,
            10.174474807005026,
            10.251843254998676,
            10.446006188998581
        ],
        "predict_times": [
            0.005870455002877861,
            0.010804531993926503,
            0.005748608993599191,
            0.0071956169995246455,
            0.005825460000778548,
            0.011225430993363261,
            0.005420108005637303,
            0.005547006992856041,
            0.005353799002477899,
            0.005797642996185459
        ]
    }
}