{
    "model_name": "parameterless_knn_silhouette",
    "dataset": "spambase",
    "hyperparameters": {
        "metric": "silhouette",
        "n_optimizer_calls": 25
    },
    "metrics": {
        "accuracy_mean": 0.8561067622371027,
        "accuracy_std": 0.05193794926734153,
        "train_time_mean": 11.916194671300763,
        "train_time_std": 0.392471998552088,
        "predict_time_mean": 0.004677632202219684,
        "predict_time_std": 0.000910367022513138
    },
    "fold_metrics": {
        "accuracies": [
            0.9088937093275488,
            0.8782608695652174,
            0.8695652173913043,
            0.8760869565217392,
            0.8782608695652174,
            0.7717391304347826,
            0.8891304347826087,
            0.7391304347826086,
            0.8782608695652174,
            0.8717391304347826
        ],
        "train_times": [
            11.536514897001325,
            12.299853794000228,
            11.944715460995212,
            11.99749836200499,
            11.260958026003209,
            12.44649519000086,
            12.296207234001486,
            12.174538984996616,
            11.354431674000807,
            11.850733090002905
        ],
        "predict_times": [
            0.005910951003897935,
            0.003962646995205432,
            0.006064102009986527,
            0.003947321994928643,
            0.003939221001928672,
            0.00552630600577686,
            0.005617848000838421,
            0.0039432619960280135,
            0.003932875013560988,
            0.003931788000045344
        ]
    }
}