{
    "model_name": "parameterless_knn_dissimilarity_margin_clustering",
    "dataset": "spambase",
    "hyperparameters": {
        "metric": "dissimilarity",
        "n_optimizer_calls": 25,
        "support_samples_method": "margin_clustering"
    },
    "metrics": {
        "accuracy_mean": 0.801131755163633,
        "accuracy_std": 0.015296312482401524,
        "train_time_mean": 128.8974719699996,
        "train_time_std": 23.748145359455737,
        "predict_time_mean": 0.8874458099948243,
        "predict_time_std": 0.16265235770044037
    },
    "fold_metrics": {
        "accuracies": [
            0.7939262472885033,
            0.7717391304347826,
            0.782608695652174,
            0.808695652173913,
            0.8108695652173913,
            0.8108695652173913,
            0.7934782608695652,
            0.8195652173913044,
            0.8217391304347826,
            0.7978260869565217
        ],
        "train_times": [
            118.10332070000004,
            86.13812090002466,
            151.28225569997448,
            143.42638479999732,
            147.94146850000834,
            152.38649020000594,
            108.41222470003413,
            134.86023960000603,
            151.03696979995584,
            95.38724479998928
        ],
        "predict_times": [
            0.7215874999528751,
            0.9271210999577306,
            0.9968217000132427,
            1.0161890999879688,
            1.0806207999703474,
            1.119186499970965,
            0.5912745000096038,
            0.8708089999854565,
            0.7378439000458457,
            0.8130040000542067
        ]
    }
}