{
    "model_name": "parameterless_knn_convex_hull_inter",
    "dataset": "spambase",
    "hyperparameters": {
        "metric": "convex_hull_inter",
        "n_optimizer_calls": 25
    },
    "metrics": {
        "accuracy_mean": 0.7567943034990098,
        "accuracy_std": 0.019130054974474783,
        "train_time_mean": 18.84517260150169,
        "train_time_std": 0.8512316109851148,
        "predict_time_mean": 0.06158952360419789,
        "predict_time_std": 0.014773941220963616
    },
    "fold_metrics": {
        "accuracies": [
            0.7462039045553145,
            0.7326086956521739,
            0.7239130434782609,
            0.7565217391304347,
            0.7739130434782608,
            0.7891304347826087,
            0.7434782608695653,
            0.7695652173913043,
            0.7695652173913043,
            0.7630434782608696
        ],
        "train_times": [
            18.281954678997863,
            19.094235352997202,
            17.781098085004487,
            19.255871304005268,
            18.889321929993457,
            19.462527106006746,
            19.727337803997216,
            20.34328432100301,
            17.741369752009632,
            17.87472568100202
        ],
        "predict_times": [
            0.09751279199554119,
            0.0554170470131794,
            0.05567713901109528,
            0.056731092001427896,
            0.05054725499940105,
            0.05275005800649524,
            0.05321987500065006,
            0.0826180320000276,
            0.05836806900333613,
            0.05305387701082509
        ]
    }
}