{
    "model_name": "parameterless_knn_opposite_hyperplane",
    "dataset": "spambase",
    "hyperparameters": {
        "metric": "opposite_hyperplane",
        "n_optimizer_calls": 25
    },
    "metrics": {
        "accuracy_mean": 0.8828444779779308,
        "accuracy_std": 0.01387609704548667,
        "train_time_mean": 10.57924239670101,
        "train_time_std": 0.3748088804777073,
        "predict_time_mean": 0.013033806896419264,
        "predict_time_std": 0.014562700954269663
    },
    "fold_metrics": {
        "accuracies": [
            0.9154013015184381,
            0.8782608695652174,
            0.8695652173913043,
            0.8760869565217392,
            0.8782608695652174,
            0.8717391304347826,
            0.8891304347826087,
            0.9,
            0.8782608695652174,
            0.8717391304347826
        ],
        "train_times": [
            10.322319651997532,
            10.805346294000628,
            10.873338325007353,
            11.130225833010627,
            10.881399347999832,
            10.954696259999764,
            10.418672202999005,
            9.977758724999148,
            10.138627159991302,
            10.290040167004918
        ],
        "predict_times": [
            0.005723883994505741,
            0.044687319998047315,
            0.005561294994549826,
            0.00531574799970258,
            0.005730792006943375,
            0.039380451999022625,
            0.005623484990792349,
            0.005692713995813392,
            0.007588772990857251,
            0.00503360599395819
        ]
    }
}