{
    "model_name": "parameterless_knn_convex_hull_intra_hnbf",
    "dataset": "spambase",
    "hyperparameters": {
        "metric": "convex_hull_intra",
        "n_optimizer_calls": 25,
        "support_samples_method": "hnbf"
    },
    "metrics": {
        "accuracy_mean": 0.6926808450438555,
        "accuracy_std": 0.020701307127516902,
        "train_time_mean": 113.96041176001309,
        "train_time_std": 12.976024434641111,
        "predict_time_mean": 0.9568283399974462,
        "predict_time_std": 0.12888336121461785
    },
    "fold_metrics": {
        "accuracies": [
            0.6681127982646421,
            0.6717391304347826,
            0.6673913043478261,
            0.6847826086956522,
            0.7195652173913043,
            0.6826086956521739,
            0.7086956521739131,
            0.6978260869565217,
            0.7304347826086957,
            0.6956521739130435
        ],
        "train_times": [
            125.77902950003045,
            121.82142900000326,
            108.26536040002247,
            121.12801919999765,
            123.41603610001039,
            116.81146230001468,
            97.41249469999457,
            117.16454030002933,
            124.08384289999958,
            83.72190320002846
        ],
        "predict_times": [
            1.1255310999695212,
            0.9126535000395961,
            1.0539886000333354,
            1.104668700019829,
            0.9781245999620296,
            0.7578033999889158,
            0.9535107999690808,
            1.0685899999807589,
            0.7485646000131965,
            0.8648480999981984
        ]
    }
}