{
    "model_name": "parameterless_knn_convex_hull_inter_margin_clustering",
    "dataset": "spambase",
    "hyperparameters": {
        "metric": "convex_hull_inter",
        "n_optimizer_calls": 25,
        "support_samples_method": "margin_clustering"
    },
    "metrics": {
        "accuracy_mean": 0.7485329623691408,
        "accuracy_std": 0.016613105611142664,
        "train_time_mean": 130.95557648999383,
        "train_time_std": 22.52152640373217,
        "predict_time_mean": 0.9736101599992253,
        "predict_time_std": 0.24515967687943716
    },
    "fold_metrics": {
        "accuracies": [
            0.7483731019522777,
            0.7217391304347827,
            0.7239130434782609,
            0.7391304347826086,
            0.7717391304347826,
            0.7630434782608696,
            0.7478260869565218,
            0.7543478260869565,
            0.7717391304347826,
            0.7434782608695653
        ],
        "train_times": [
            157.18999769998481,
            82.93669830000727,
            122.82566149998456,
            151.7893784000189,
            156.3521254999796,
            134.67362489999505,
            118.76082500000484,
            150.38389699999243,
            120.58138589997543,
            114.06217069999548
        ],
        "predict_times": [
            1.4470811000210233,
            0.6296818000264466,
            0.9274819000274874,
            1.0983610999537632,
            1.2141312999883667,
            0.7330823999946006,
            1.0809539000038058,
            0.9489972000010312,
            1.016234299982898,
            0.6400965999928303
        ]
    }
}