{
    "model_name": "parameterless_knn_dissimilarity",
    "dataset": "spambase",
    "hyperparameters": {
        "metric": "dissimilarity",
        "n_optimizer_calls": 25
    },
    "metrics": {
        "accuracy_mean": 0.7154970291426954,
        "accuracy_std": 0.01519165297795298,
        "train_time_mean": 9.036381467401224,
        "train_time_std": 0.11313284923542224,
        "predict_time_mean": 0.058214289501484016,
        "predict_time_std": 0.0020397632025841786
    },
    "fold_metrics": {
        "accuracies": [
            0.7136659436008677,
            0.7021739130434783,
            0.6956521739130435,
            0.6978260869565217,
            0.7326086956521739,
            0.7347826086956522,
            0.6978260869565217,
            0.7260869565217392,
            0.7326086956521739,
            0.7217391304347827
        ],
        "train_times": [
            9.052110203003394,
            9.087235829007113,
            8.878510643990012,
            9.10387094100588,
            8.925942538000527,
            9.094210908006062,
            9.082198388001416,
            9.26896468999621,
            8.893294777997653,
            8.97747575500398
        ],
        "predict_times": [
            0.0641062679933384,
            0.05794513000000734,
            0.05679667000367772,
            0.057930056005716324,
            0.05666905800171662,
            0.05783808999694884,
            0.05755920299270656,
            0.058642960008000955,
            0.057411125002545305,
            0.05724433501018211
        ]
    }
}