{
    "model_name": "parameterless_knn_dissimilarity_hnbf",
    "dataset": "spambase",
    "hyperparameters": {
        "metric": "dissimilarity",
        "n_optimizer_calls": 25,
        "support_samples_method": "hnbf"
    },
    "metrics": {
        "accuracy_mean": 0.7522309723663114,
        "accuracy_std": 0.023377272565482114,
        "train_time_mean": 115.2589846399962,
        "train_time_std": 10.33540452282038,
        "predict_time_mean": 0.9742498000035994,
        "predict_time_std": 0.16840725262551004
    },
    "fold_metrics": {
        "accuracies": [
            0.737527114967462,
            0.7217391304347827,
            0.717391304347826,
            0.7543478260869565,
            0.7739130434782608,
            0.7673913043478261,
            0.7391304347826086,
            0.7695652173913043,
            0.7956521739130434,
            0.7456521739130435
        ],
        "train_times": [
            97.42587219999405,
            128.63354900002014,
            129.43869749997975,
            107.44360920001054,
            114.55662039999152,
            122.11620939994464,
            122.50099539995426,
            101.04917370004114,
            112.884283100022,
            116.54083650000393
        ],
        "predict_times": [
            0.945918100012932,
            1.4453917000209913,
            0.8312513999990188,
            0.9433324999990873,
            0.9377366999979131,
            0.8558198000537232,
            0.9371543999877758,
            0.8311023999704048,
            1.0089506999938749,
            1.0058403000002727
        ]
    }
}