{
    "model_name": "parameterless_knn_spread_hnbf",
    "dataset": "spambase",
    "hyperparameters": {
        "metric": "spread",
        "n_optimizer_calls": 25,
        "support_samples_method": "hnbf"
    },
    "metrics": {
        "accuracy_mean": 0.7315839856644346,
        "accuracy_std": 0.01864637222927826,
        "train_time_mean": 121.19685301001883,
        "train_time_std": 12.88155775623204,
        "predict_time_mean": 1.016061839996837,
        "predict_time_std": 0.11577911330287112
    },
    "fold_metrics": {
        "accuracies": [
            0.7136659436008677,
            0.7130434782608696,
            0.7043478260869566,
            0.7282608695652174,
            0.7565217391304347,
            0.741304347826087,
            0.7347826086956522,
            0.7434782608695653,
            0.7630434782608696,
            0.717391304347826
        ],
        "train_times": [
            109.16862090001814,
            145.3487403000472,
            123.37584360002074,
            116.94490930001484,
            125.16021080000792,
            127.90673860005336,
            115.73909260000801,
            114.40961530001368,
            136.14064629998757,
            97.77411240001675
        ],
        "predict_times": [
            1.1431176000041887,
            1.0276356999529526,
            0.9275417000171728,
            1.1372188000241295,
            1.004851299978327,
            1.1669957999838516,
            1.0116113999974914,
            0.8687080999952741,
            1.0742122000083327,
            0.7987258000066504
        ]
    }
}