{
    "model_name": "parameterless_knn_convex_hull_intra_margin_clustering",
    "dataset": "spambase",
    "hyperparameters": {
        "metric": "convex_hull_intra",
        "n_optimizer_calls": 25,
        "support_samples_method": "margin_clustering"
    },
    "metrics": {
        "accuracy_mean": 0.7452725643685749,
        "accuracy_std": 0.015612260245304795,
        "train_time_mean": 129.9199089099944,
        "train_time_std": 23.254563121821324,
        "predict_time_mean": 0.9165310900076292,
        "predict_time_std": 0.21308833526910256
    },
    "fold_metrics": {
        "accuracies": [
            0.7462039045553145,
            0.7195652173913043,
            0.7326086956521739,
            0.7347826086956522,
            0.7673913043478261,
            0.7608695652173914,
            0.741304347826087,
            0.7521739130434782,
            0.7673913043478261,
            0.7304347826086957
        ],
        "train_times": [
            153.029323499999,
            75.84637669997755,
            128.90816910000285,
            155.92623809998622,
            151.64523309998913,
            123.95445349998772,
            127.77358480001567,
            130.28074459999334,
            144.9969252999872,
            106.83804040000541
        ],
        "predict_times": [
            1.2598875000257976,
            0.6379190000006929,
            1.125956000003498,
            1.0913727000006475,
            0.8622028999961913,
            1.0333780000219122,
            1.0557349000009708,
            0.767829000018537,
            0.6674149000318721,
            0.663615999976173
        ]
    }
}