{
    "model_name": "parameterless_knn_spread_margin_clustering",
    "dataset": "spambase",
    "hyperparameters": {
        "metric": "spread",
        "n_optimizer_calls": 25,
        "support_samples_method": "margin_clustering"
    },
    "metrics": {
        "accuracy_mean": 0.7659190795058002,
        "accuracy_std": 0.020662201506388353,
        "train_time_mean": 139.0678314699966,
        "train_time_std": 19.798118610345227,
        "predict_time_mean": 0.9635687500122003,
        "predict_time_std": 0.1813342154917133
    },
    "fold_metrics": {
        "accuracies": [
            0.7722342733188721,
            0.7326086956521739,
            0.7282608695652174,
            0.7630434782608696,
            0.7782608695652173,
            0.7869565217391304,
            0.7630434782608696,
            0.782608695652174,
            0.7934782608695652,
            0.758695652173913
        ],
        "train_times": [
            142.76806149998447,
            100.72644050000235,
            131.4235285000177,
            155.4751384999836,
            168.19877750001615,
            147.41619720001472,
            125.03597909997916,
            164.66046479996294,
            133.39640349999536,
            121.57732360000955
        ],
        "predict_times": [
            1.3713360000401735,
            0.9314723000279628,
            0.8299777000211179,
            1.1483316000085324,
            0.8326395999756642,
            0.7785977000021376,
            0.8659856999875046,
            0.8241067000199109,
            0.9235352000105195,
            1.1297050000284798
        ]
    }
}