{
    "model_name": "parameterless_knn_convex_hull_inter_hnbf",
    "dataset": "spambase",
    "hyperparameters": {
        "metric": "convex_hull_inter",
        "n_optimizer_calls": 25,
        "support_samples_method": "hnbf"
    },
    "metrics": {
        "accuracy_mean": 0.7172427614825992,
        "accuracy_std": 0.024449700700325695,
        "train_time_mean": 114.29832872999832,
        "train_time_std": 8.54711060430248,
        "predict_time_mean": 0.9349367299990263,
        "predict_time_std": 0.15974431697956498
    },
    "fold_metrics": {
        "accuracies": [
            0.6832971800433839,
            0.6956521739130435,
            0.6782608695652174,
            0.7217391304347827,
            0.741304347826087,
            0.7391304347826086,
            0.7239130434782609,
            0.7304347826086957,
            0.7543478260869565,
            0.7043478260869566
        ],
        "train_times": [
            109.07188440003665,
            135.04192420002073,
            110.57721030001994,
            112.02776629995788,
            116.61695199995302,
            119.03286390000721,
            112.0345004000119,
            103.12624599999981,
            119.48144329997012,
            105.97249650000595
        ],
        "predict_times": [
            1.2114901999593712,
            0.9742690999992192,
            1.0619105999940075,
            0.9691415000124834,
            0.8727224000031129,
            1.0184833999956027,
            0.7722677999990992,
            0.851284799980931,
            1.013570000010077,
            0.6042275000363588
        ]
    }
}