{
    "model_name": "parameterless_knn_silhouette_margin_clustering",
    "dataset": "spambase",
    "hyperparameters": {
        "metric": "silhouette",
        "n_optimizer_calls": 25,
        "support_samples_method": "margin_clustering"
    },
    "metrics": {
        "accuracy_mean": 0.7652683202867114,
        "accuracy_std": 0.021389022010502415,
        "train_time_mean": 132.85753614999703,
        "train_time_std": 19.537750955857806,
        "predict_time_mean": 0.9858560600026977,
        "predict_time_std": 0.10850995950231344
    },
    "fold_metrics": {
        "accuracies": [
            0.7657266811279827,
            0.7260869565217392,
            0.7326086956521739,
            0.758695652173913,
            0.7891304347826087,
            0.7869565217391304,
            0.7652173913043478,
            0.7782608695652173,
            0.7913043478260869,
            0.758695652173913
        ],
        "train_times": [
            133.65715310000814,
            97.91744829999516,
            137.02722619997803,
            146.683809500013,
            156.03945250000106,
            150.6323345999699,
            101.74637609999627,
            150.56883120001294,
            136.825456999999,
            117.47727299999679
        ],
        "predict_times": [
            1.156688800023403,
            0.8439912000321783,
            0.9079461999936029,
            0.916623700002674,
            1.0449758999748155,
            1.0524987000389956,
            1.1732803999911994,
            0.9542178999981843,
            0.8952037999988534,
            0.9131339999730699
        ]
    }
}