{
    "model_name": "parameterless_knn_silhouette_hnbf",
    "dataset": "spambase",
    "hyperparameters": {
        "metric": "silhouette",
        "n_optimizer_calls": 25,
        "support_samples_method": "hnbf"
    },
    "metrics": {
        "accuracy_mean": 0.7122404036593417,
        "accuracy_std": 0.016967992998758664,
        "train_time_mean": 116.12158798999735,
        "train_time_std": 11.324129644120694,
        "predict_time_mean": 1.00850783000933,
        "predict_time_std": 0.09813532327373364
    },
    "fold_metrics": {
        "accuracies": [
            0.6941431670281996,
            0.6934782608695652,
            0.7043478260869566,
            0.6934782608695652,
            0.7326086956521739,
            0.7217391304347827,
            0.7195652173913043,
            0.7152173913043478,
            0.7456521739130435,
            0.7021739130434783
        ],
        "train_times": [
            101.9966116999858,
            138.11165289999917,
            121.14659580000443,
            108.68339739996009,
            116.62531780003337,
            124.5717994000297,
            117.88455499999691,
            95.31859500001883,
            118.90431439998792,
            117.97304049995728
        ],
        "predict_times": [
            1.2110818999935873,
            1.070350599999074,
            1.0628796000382863,
            0.9315551000181586,
            1.0205548000521958,
            0.9837084999890067,
            0.8571375000174157,
            1.049059999990277,
            0.8777661999920383,
            1.0209841000032611
        ]
    }
}