{
    "model_name": "parameterless_knn_convex_hull_intra",
    "dataset": "spambase",
    "hyperparameters": {
        "metric": "convex_hull_intra",
        "n_optimizer_calls": 25
    },
    "metrics": {
        "accuracy_mean": 0.7974455342827502,
        "accuracy_std": 0.050595600289537045,
        "train_time_mean": 14.496985488302016,
        "train_time_std": 2.0447469720356497,
        "predict_time_mean": 0.0673279319977155,
        "predict_time_std": 0.026955361657300295
    },
    "fold_metrics": {
        "accuracies": [
            0.7505422993492408,
            0.7652173913043478,
            0.7804347826086957,
            0.8891304347826087,
            0.7608695652173914,
            0.7391304347826086,
            0.8804347826086957,
            0.8152173913043478,
            0.7673913043478261,
            0.8260869565217391
        ],
        "train_times": [
            14.214489238001988,
            16.947980861004908,
            16.34614619400236,
            13.883381311999983,
            12.844927530997666,
            17.057515903012245,
            11.419202271994436,
            15.72386529299547,
            15.343842602000223,
            11.188503677010885
        ],
        "predict_times": [
            0.0926188449957408,
            0.07695373600290623,
            0.09442830599437002,
            0.030026456006453373,
            0.06943059599143453,
            0.06778382199991029,
            0.013812380988383666,
            0.09643077000509948,
            0.08444694899662863,
            0.04734745899622794
        ]
    }
}