{
    "model_name": "parameterless_knn_opposite_hyperplane_hnbf",
    "dataset": "spambase",
    "hyperparameters": {
        "metric": "opposite_hyperplane",
        "n_optimizer_calls": 25,
        "support_samples_method": "hnbf"
    },
    "metrics": {
        "accuracy_mean": 0.8519937753466001,
        "accuracy_std": 0.017783494159171426,
        "train_time_mean": 113.24760901998961,
        "train_time_std": 16.382015237009128,
        "predict_time_mean": 0.8557685200066771,
        "predict_time_std": 0.2325696255792966
    },
    "fold_metrics": {
        "accuracies": [
            0.8286334056399133,
            0.8369565217391305,
            0.8478260869565217,
            0.8782608695652174,
            0.8434782608695652,
            0.8652173913043478,
            0.8717391304347826,
            0.8673913043478261,
            0.8565217391304348,
            0.8239130434782609
        ],
        "train_times": [
            124.60667499998817,
            132.53335470001912,
            134.9384735999629,
            125.4517710999935,
            103.76343529997393,
            114.14180939999642,
            115.25814079999691,
            100.65201660001185,
            102.41589499998372,
            78.71451869996963
        ],
        "predict_times": [
            1.0960322000319138,
            1.1106384000158869,
            1.0876436000107788,
            0.7458872999995947,
            0.7732161000021733,
            0.9958563999971375,
            0.4202856000047177,
            1.0524595999740995,
            0.673867900040932,
            0.6017980999895371
        ]
    }
}