{
    "model_name": "parameterless_knn_opposite_hyperplane_margin_clustering",
    "dataset": "spambase",
    "hyperparameters": {
        "metric": "opposite_hyperplane",
        "n_optimizer_calls": 25,
        "support_samples_method": "margin_clustering"
    },
    "metrics": {
        "accuracy_mean": 0.883936150146185,
        "accuracy_std": 0.013067830995436484,
        "train_time_mean": 122.76693446999998,
        "train_time_std": 26.089389191236076,
        "predict_time_mean": 0.8339276499929837,
        "predict_time_std": 0.12755989739205542
    },
    "fold_metrics": {
        "accuracies": [
            0.8937093275488069,
            0.8847826086956522,
            0.8934782608695652,
            0.9021739130434783,
            0.8586956521739131,
            0.8869565217391304,
            0.8934782608695652,
            0.8826086956521739,
            0.8804347826086957,
            0.8630434782608696
        ],
        "train_times": [
            149.6167183999787,
            101.37211240001488,
            154.76800150005147,
            145.54612949996954,
            135.22103620000416,
            140.59685430000536,
            102.63287269999273,
            125.75479430000996,
            101.98375760001363,
            70.17706779995933
        ],
        "predict_times": [
            1.1046241999720223,
            0.6761741999653168,
            0.8751531000016257,
            0.8767280000029132,
            0.9124947000527754,
            0.7873779999790713,
            0.909643099992536,
            0.797204399947077,
            0.6303187999874353,
            0.7695580000290647
        ]
    }
}