{
    "model_name": "parameterless_knn_convex_hull_inter",
    "dataset": "spambase",
    "hyperparameters": {
        "metric": "convex_hull_inter",
        "n_optimizer_calls": 25
    },
    "metrics": {
        "accuracy_mean": 0.7567943034990098,
        "accuracy_std": 0.019130054974474783,
        "train_time_mean": 18.850416844099527,
        "train_time_std": 0.8678290144941827,
        "predict_time_mean": 0.0625620056031039,
        "predict_time_std": 0.016044303617244016
    },
    "fold_metrics": {
        "accuracies": [
            0.7462039045553145,
            0.7326086956521739,
            0.7239130434782609,
            0.7565217391304347,
            0.7739130434782608,
            0.7891304347826087,
            0.7434782608695653,
            0.7695652173913043,
            0.7695652173913043,
            0.7630434782608696
        ],
        "train_times": [
            18.310342639000737,
            18.809457365990966,
            17.900401776001672,
            19.3689091510023,
            19.031514510003035,
            19.555507694996777,
            19.739649353999994,
            20.29675531599787,
            17.418948919003014,
            18.072681714998907
        ],
        "predict_times": [
            0.09839332800765987,
            0.056225977998110466,
            0.05319271500047762,
            0.055135525995865464,
            0.052476935001323,
            0.05295969000144396,
            0.059069214010378346,
            0.09004584900685586,
            0.05483599900617264,
            0.05328482200275175
        ]
    }
}