{
    "model_name": "parameterless_knn_spread",
    "dataset": "spambase",
    "hyperparameters": {
        "metric": "spread",
        "n_optimizer_calls": 25
    },
    "metrics": {
        "accuracy_mean": 0.8900249929265301,
        "accuracy_std": 0.010239570099205529,
        "train_time_mean": 13.471131871802209,
        "train_time_std": 0.48743920893535475,
        "predict_time_mean": 0.021109149599215015,
        "predict_time_std": 0.023925322675860724
    },
    "fold_metrics": {
        "accuracies": [
            0.8850325379609545,
            0.8804347826086957,
            0.8760869565217392,
            0.9043478260869565,
            0.8804347826086957,
            0.8847826086956522,
            0.9043478260869565,
            0.9043478260869565,
            0.8913043478260869,
            0.8891304347826087
        ],
        "train_times": [
            13.581027202002588,
            14.097343929999624,
            13.86042606200499,
            13.78702056199836,
            13.158754685005988,
            13.771527503995458,
            12.34929726801056,
            13.363839893005206,
            13.719277604002855,
            13.022804007996456
        ],
        "predict_times": [
            0.08098807799979113,
            0.008630223994259723,
            0.008256398999947123,
            0.009423385999980383,
            0.053653487004339695,
            0.012460735000786372,
            0.00963869500264991,
            0.009176669002044946,
            0.008861578986397944,
            0.010002244001952931
        ]
    }
}