{
    "model_name": "parameterless_knn_dissimilarity",
    "dataset": "spambase",
    "hyperparameters": {
        "metric": "dissimilarity",
        "n_optimizer_calls": 25
    },
    "metrics": {
        "accuracy_mean": 0.7154970291426954,
        "accuracy_std": 0.01519165297795298,
        "train_time_mean": 9.075313393097895,
        "train_time_std": 0.12585712086155434,
        "predict_time_mean": 0.058670147198427,
        "predict_time_std": 0.002976189327038461
    },
    "fold_metrics": {
        "accuracies": [
            0.7136659436008677,
            0.7021739130434783,
            0.6956521739130435,
            0.6978260869565217,
            0.7326086956521739,
            0.7347826086956522,
            0.6978260869565217,
            0.7260869565217392,
            0.7326086956521739,
            0.7217391304347827
        ],
        "train_times": [
            9.060329405998345,
            9.228551028005313,
            8.877240332003566,
            9.079807210990111,
            8.98159837500134,
            9.268610379003803,
            9.083069818996591,
            9.228962669003522,
            8.925165401989943,
            9.01979930998641
        ],
        "predict_times": [
            0.058751303993631154,
            0.06731286100693978,
            0.05870853598753456,
            0.057500834998791106,
            0.05651739599124994,
            0.05757028500374872,
            0.057591452001361176,
            0.05872112000361085,
            0.057078116995398887,
            0.05694956600200385
        ]
    }
}