{
    "model_name": "parameterless_knn_silhouette",
    "dataset": "spambase",
    "hyperparameters": {
        "metric": "silhouette",
        "n_optimizer_calls": 25
    },
    "metrics": {
        "accuracy_mean": 0.8561067622371027,
        "accuracy_std": 0.05193794926734153,
        "train_time_mean": 11.885921905304713,
        "train_time_std": 0.3418146694226753,
        "predict_time_mean": 0.004586711496813223,
        "predict_time_std": 0.0008261530651629463
    },
    "fold_metrics": {
        "accuracies": [
            0.9088937093275488,
            0.8782608695652174,
            0.8695652173913043,
            0.8760869565217392,
            0.8782608695652174,
            0.7717391304347826,
            0.8891304347826087,
            0.7391304347826086,
            0.8782608695652174,
            0.8717391304347826
        ],
        "train_times": [
            11.64388106399565,
            12.093923238004209,
            11.710766460004379,
            11.936502569005825,
            11.296800078998785,
            12.482910722013912,
            12.216055966011481,
            12.06004070500785,
            11.456149948993698,
            11.962188301011338
        ],
        "predict_times": [
            0.00589835099526681,
            0.003950760001316667,
            0.005895743990549818,
            0.005547990003833547,
            0.003924514996469952,
            0.0048093369987327605,
            0.003949870995711535,
            0.003959380992455408,
            0.004010621996712871,
            0.003920543997082859
        ]
    }
}