{
    "model_name": "sklearn_knn_wrapper",
    "dataset": "spambase",
    "hyperparameters": {
        "n_optimizer_calls": 25
    },
    "metrics": {
        "accuracy_mean": 0.9163227388474959,
        "accuracy_std": 0.00791082871978071,
        "train_time_mean": 176.6816061099991,
        "train_time_std": 46.94852506103694,
        "predict_time_mean": 0.4050516799848992,
        "predict_time_std": 0.10576486900051794
    },
    "fold_metrics": {
        "accuracies": [
            0.9154013015184381,
            0.9239130434782609,
            0.9043478260869565,
            0.9217391304347826,
            0.9217391304347826,
            0.9304347826086956,
            0.9130434782608695,
            0.9130434782608695,
            0.9152173913043479,
            0.9043478260869565
        ],
        "train_times": [
            256.8509517000057,
            247.84897639998235,
            203.82731249998324,
            198.49386210000375,
            187.26990489999298,
            123.99339560000226,
            127.95077900000615,
            143.29581769998185,
            132.91317230003187,
            144.37188890000107
        ],
        "predict_times": [
            0.5173083999543451,
            0.44718449999345466,
            0.5354050999740139,
            0.538057099969592,
            0.4577428000047803,
            0.26639219996286556,
            0.23239309998461977,
            0.36638419999508187,
            0.37828609999269247,
            0.31136330001754686
        ]
    }
}