{
    "model_name": "sklearn_knn_wrapper",
    "dataset": "spambase",
    "hyperparameters": {
        "n_optimizer_calls": 25
    },
    "metrics": {
        "accuracy_mean": 0.9158898424974063,
        "accuracy_std": 0.014571797038972073,
        "train_time_mean": 18.418214315998192,
        "train_time_std": 0.7621397469549072,
        "predict_time_mean": 0.02544869850098621,
        "predict_time_std": 0.014564772537232972
    },
    "fold_metrics": {
        "accuracies": [
            0.9067245119305857,
            0.9152173913043479,
            0.9065217391304348,
            0.9347826086956522,
            0.9065217391304348,
            0.9260869565217391,
            0.9282608695652174,
            0.9173913043478261,
            0.9326086956521739,
            0.8847826086956522
        ],
        "train_times": [
            18.71639742300613,
            18.685883910991834,
            18.91374779200123,
            17.58734705999086,
            19.297550121002132,
            17.263709970997297,
            18.840522664002492,
            18.261097633992904,
            17.217380407993915,
            19.39850617600314
        ],
        "predict_times": [
            0.01031251999665983,
            0.03753713499463629,
            0.011385619000066072,
            0.023942199011798948,
            0.028183093992993236,
            0.029560408991528675,
            0.00885769100568723,
            0.04552887000318151,
            0.009478807012783363,
            0.04970064100052696
        ]
    }
}