{
    "model_name": "sklearn_knn_wrapper",
    "dataset": "spambase",
    "hyperparameters": {
        "n_optimizer_calls": 10
    },
    "metrics": {
        "accuracy_mean": 0.8743765915306989,
        "accuracy_std": 0.015867613091791806,
        "train_time_mean": 9.089296119999926,
        "train_time_std": 0.714285691517393,
        "predict_time_mean": 0.0632926199992653,
        "predict_time_std": 0.011103788576129474
    }
}