{
    "model_name": "sklearn_knn_wrapper",
    "dataset": "spambase",
    "hyperparameters": {
        "n_optimizer_calls": 25
    },
    "metrics": {
        "accuracy_mean": 0.9158898424974063,
        "accuracy_std": 0.014571797038972073,
        "train_time_mean": 18.39542073150078,
        "train_time_std": 0.7551884122065995,
        "predict_time_mean": 0.02496406890131766,
        "predict_time_std": 0.014425594584684296
    },
    "fold_metrics": {
        "accuracies": [
            0.9067245119305857,
            0.9152173913043479,
            0.9065217391304348,
            0.9347826086956522,
            0.9065217391304348,
            0.9260869565217391,
            0.9282608695652174,
            0.9173913043478261,
            0.9326086956521739,
            0.8847826086956522
        ],
        "train_times": [
            18.62507051700959,
            18.768566158003523,
            18.85573268099688,
            17.51529773999937,
            19.213346032003756,
            17.434030068005086,
            18.822682049998548,
            18.217486465000547,
            17.094405248994008,
            19.4075903549965
        ],
        "predict_times": [
            0.010392950003733858,
            0.036170435007079504,
            0.011462681999546476,
            0.022380321999662556,
            0.030231532000470906,
            0.02791510400129482,
            0.008959628001321107,
            0.0453937090060208,
            0.008106545996270142,
            0.048627780997776426
        ]
    }
}