{
    "model_name": "parameterless_knn_convex_hull_inter_gabriel_graph",
    "dataset": "breast_cancer",
    "hyperparameters": {
        "metric": "convex_hull_inter",
        "n_optimizer_calls": 25,
        "support_samples_method": "gabriel_graph"
    },
    "metrics": {
        "accuracy_mean": 0.8945488721804511,
        "accuracy_std": 0.030392088253327752,
        "train_time_mean": 6.616890579997562,
        "train_time_std": 0.4836891377902826,
        "predict_time_mean": 0.0022999299864750354,
        "predict_time_std": 0.00029870235995748794
    },
    "fold_metrics": {
        "accuracies": [
            0.8421052631578947,
            0.9473684210526315,
            0.8771929824561403,
            0.9122807017543859,
            0.9122807017543859,
            0.8771929824561403,
            0.9298245614035088,
            0.8947368421052632,
            0.8596491228070176,
            0.8928571428571429
        ],
        "train_times": [
            7.73404400004074,
            6.655090099957306,
            6.149686700024176,
            6.972123799961992,
            6.051923800026998,
            6.297104199999012,
            6.333596899989061,
            7.048284400021657,
            6.390236799954437,
            6.53681510000024
        ],
        "predict_times": [
            0.0031893999548628926,
            0.0022353000240400434,
            0.002198799978941679,
            0.0021844999864697456,
            0.0021908999769948423,
            0.0022326000034809113,
            0.002120700024534017,
            0.0022044999641366303,
            0.002262099995277822,
            0.002180499956011772
        ]
    }
}