{
    "model_name": "parameterless_knn_silhouette_gabriel_graph",
    "dataset": "breast_cancer",
    "hyperparameters": {
        "metric": "silhouette",
        "n_optimizer_calls": 25,
        "support_samples_method": "gabriel_graph"
    },
    "metrics": {
        "accuracy_mean": 0.7401315789473684,
        "accuracy_std": 0.24433653122155383,
        "train_time_mean": 8.004363360005664,
        "train_time_std": 0.3933997306074297,
        "predict_time_mean": 0.002489850006531924,
        "predict_time_std": 0.0003337540316201162
    },
    "fold_metrics": {
        "accuracies": [
            0.38596491228070173,
            0.9298245614035088,
            0.3684210526315789,
            0.9298245614035088,
            0.9649122807017544,
            0.3684210526315789,
            0.9473684210526315,
            0.8245614035087719,
            0.8070175438596491,
            0.875
        ],
        "train_times": [
            7.359735100006219,
            7.564276700024493,
            7.603273399989121,
            8.053319300001021,
            8.189765300019644,
            8.477773900027387,
            8.255850500019733,
            8.377984999970067,
            8.469490299990866,
            7.692164100008085
        ],
        "predict_times": [
            0.0026291999965906143,
            0.002091799979098141,
            0.002892000018619001,
            0.002005100017413497,
            0.002342300023883581,
            0.0022013000561855733,
            0.002705699997022748,
            0.002245499985292554,
            0.0029332999838516116,
            0.0028523000073619187
        ]
    }
}