{
    "model_name": "parameterless_knn_spread",
    "dataset": "breast_cancer",
    "hyperparameters": {
        "metric": "spread",
        "n_optimizer_calls": 25
    },
    "metrics": {
        "accuracy_mean": 0.9403195488721805,
        "accuracy_std": 0.0401269809288411,
        "train_time_mean": 5.919520769400696,
        "train_time_std": 0.7490623265671196,
        "predict_time_mean": 0.03316651469795033,
        "predict_time_std": 0.01787781244277699
    },
    "fold_metrics": {
        "accuracies": [
            0.9649122807017544,
            0.9473684210526315,
            1.0,
            0.8947368421052632,
            0.9122807017543859,
            0.9649122807017544,
            0.9298245614035088,
            0.8596491228070176,
            0.9473684210526315,
            0.9821428571428571
        ],
        "train_times": [
            5.658035934000509,
            7.006081119994633,
            4.90133446600521,
            5.559624721005093,
            5.04408841500117,
            6.492823292996036,
            5.682605863999925,
            5.290315161997569,
            7.0693537530023605,
            6.490944966004463
        ],
        "predict_times": [
            0.02540913700067904,
            0.04494244100351352,
            0.0242041470046388,
            0.0422049599874299,
            0.0026955729990731925,
            0.05284928600303829,
            0.03835599099693354,
            0.0021938499994575977,
            0.05110773499472998,
            0.04770202699000947
        ]
    }
}