{
    "model_name": "parameterless_knn_opposite_hyperplane_hnbf",
    "dataset": "breast_cancer",
    "hyperparameters": {
        "metric": "opposite_hyperplane",
        "n_optimizer_calls": 25,
        "support_samples_method": "hnbf"
    },
    "metrics": {
        "accuracy_mean": 0.9244674185463658,
        "accuracy_std": 0.02826864986002182,
        "train_time_mean": 8.932473209999989,
        "train_time_std": 2.481549221944033,
        "predict_time_mean": 0.004717619999973976,
        "predict_time_std": 0.0033800871751578747
    },
    "fold_metrics": {
        "accuracies": [
            0.8947368421052632,
            0.9473684210526315,
            0.9122807017543859,
            0.9824561403508771,
            0.9298245614035088,
            0.9122807017543859,
            0.9122807017543859,
            0.9298245614035088,
            0.8771929824561403,
            0.9464285714285714
        ],
        "train_times": [
            9.73740829999997,
            13.265989600000012,
            12.822770900000023,
            6.808810200000153,
            10.138966399999845,
            5.797747200000003,
            9.38968490000002,
            7.792301899999984,
            7.285172299999886,
            6.285880399999996
        ],
        "predict_times": [
            0.002800099999831218,
            0.005022400000143534,
            0.002869899999950576,
            0.004598299999997835,
            0.0026066999998874962,
            0.007072299999890674,
            0.0027609000001120876,
            0.013959999999997308,
            0.0027666999999382824,
            0.0027188999999907537
        ]
    }
}