{
    "model_name": "parameterless_knn_dissimilarity_gabriel_graph",
    "dataset": "breast_cancer",
    "hyperparameters": {
        "metric": "dissimilarity",
        "n_optimizer_calls": 25,
        "support_samples_method": "gabriel_graph"
    },
    "metrics": {
        "accuracy_mean": 0.9156015037593985,
        "accuracy_std": 0.027103687281616235,
        "train_time_mean": 8.814442919992143,
        "train_time_std": 0.7137471616341133,
        "predict_time_mean": 0.0023346100002527236,
        "predict_time_std": 0.0003297790354933935
    },
    "fold_metrics": {
        "accuracies": [
            0.8596491228070176,
            0.9473684210526315,
            0.9298245614035088,
            0.9298245614035088,
            0.9473684210526315,
            0.8947368421052632,
            0.9298245614035088,
            0.9298245614035088,
            0.8947368421052632,
            0.8928571428571429
        ],
        "train_times": [
            8.217955800006166,
            8.140176599961706,
            9.150435300020035,
            9.88815459999023,
            9.089484199997969,
            9.384755799954291,
            9.870824999990873,
            8.145780899969395,
            7.890745900047477,
            8.36611509998329
        ],
        "predict_times": [
            0.0019357000128366053,
            0.0027029000339098275,
            0.0023384999949485064,
            0.001965200004633516,
            0.0021766999852843583,
            0.0020741000189445913,
            0.002556899969931692,
            0.0028691000188700855,
            0.0020267999498173594,
            0.0027002000133506954
        ]
    }
}