{
    "model_name": "parameterless_knn_spread_gabriel_graph",
    "dataset": "breast_cancer",
    "hyperparameters": {
        "metric": "spread",
        "n_optimizer_calls": 25,
        "support_samples_method": "gabriel_graph"
    },
    "metrics": {
        "accuracy_mean": 0.9121240601503761,
        "accuracy_std": 0.02829252655628465,
        "train_time_mean": 27.127921459999992,
        "train_time_std": 3.4660336533246734,
        "predict_time_mean": 0.008430829999997513,
        "predict_time_std": 0.0068991072445796055
    },
    "fold_metrics": {
        "accuracies": [
            0.8421052631578947,
            0.9473684210526315,
            0.9122807017543859,
            0.9298245614035088,
            0.9298245614035088,
            0.8947368421052632,
            0.9298245614035088,
            0.9298245614035088,
            0.8947368421052632,
            0.9107142857142857
        ],
        "train_times": [
            34.59514289999993,
            24.08523430000014,
            26.65288979999991,
            23.065935199999785,
            24.53990379999982,
            30.05057550000015,
            24.9174316000001,
            31.133345299999974,
            25.813259500000186,
            26.42549669999994
        ],
        "predict_times": [
            0.003349300000081712,
            0.004616199999873061,
            0.0037106000002040673,
            0.021047700000053737,
            0.012129799999911484,
            0.004060099999833255,
            0.02161230000001524,
            0.004622500000095897,
            0.0058910000000196305,
            0.003268799999887051
        ]
    }
}