{
    "model_name": "parameterless_knn_convex_hull_intra_hnbf",
    "dataset": "breast_cancer",
    "hyperparameters": {
        "metric": "convex_hull_intra",
        "n_optimizer_calls": 25,
        "support_samples_method": "hnbf"
    },
    "metrics": {
        "accuracy_mean": 0.8857769423558898,
        "accuracy_std": 0.03347301701103714,
        "train_time_mean": 3.13887869999744,
        "train_time_std": 0.33805690013728534,
        "predict_time_mean": 0.0018407100054901094,
        "predict_time_std": 5.8732213520650216e-05
    },
    "fold_metrics": {
        "accuracies": [
            0.8245614035087719,
            0.9298245614035088,
            0.8245614035087719,
            0.8947368421052632,
            0.8771929824561403,
            0.8947368421052632,
            0.9122807017543859,
            0.8947368421052632,
            0.9122807017543859,
            0.8928571428571429
        ],
        "train_times": [
            3.1898799000191502,
            3.0040966999949887,
            2.891950699966401,
            3.5696849999949336,
            2.9478897000080906,
            3.6282357000163756,
            2.6286714000161737,
            3.2264314999920316,
            3.5579579999903217,
            2.743988399975933
        ],
        "predict_times": [
            0.001726799993775785,
            0.0018612000276334584,
            0.0018937000422738492,
            0.001851900015026331,
            0.0019072999712079763,
            0.00178980000782758,
            0.0019335999968461692,
            0.0018106999923475087,
            0.0018300999654456973,
            0.0018020000425167382
        ]
    }
}