{
    "model_name": "parameterless_knn_convex_hull_intra",
    "dataset": "breast_cancer",
    "hyperparameters": {
        "metric": "convex_hull_intra",
        "n_optimizer_calls": 25
    },
    "metrics": {
        "accuracy_mean": 0.9525689223057643,
        "accuracy_std": 0.024842469493305496,
        "train_time_mean": 6.820721176500956,
        "train_time_std": 1.0225413095925076,
        "predict_time_mean": 0.02195896960038226,
        "predict_time_std": 0.019776575860131262
    },
    "fold_metrics": {
        "accuracies": [
            0.9649122807017544,
            0.9473684210526315,
            1.0,
            0.9473684210526315,
            0.9122807017543859,
            0.9649122807017544,
            0.9122807017543859,
            0.9473684210526315,
            0.9649122807017544,
            0.9642857142857143
        ],
        "train_times": [
            4.719886459992267,
            7.565419405000284,
            7.253435940001509,
            7.363488369999686,
            6.00099563501135,
            6.433816246993956,
            6.697686765008257,
            6.381696782002109,
            8.808251879003365,
            6.982534281996777
        ],
        "predict_times": [
            0.001735971003654413,
            0.007435407998855226,
            0.0023098439996829256,
            0.03282456299348269,
            0.0019843830086756498,
            0.0021205730008659884,
            0.03737268500844948,
            0.0325486140063731,
            0.049963254990871064,
            0.051294399992912076
        ]
    }
}