{
    "model_name": "parameterless_knn_spread_hnbf",
    "dataset": "breast_cancer",
    "hyperparameters": {
        "metric": "spread",
        "n_optimizer_calls": 25,
        "support_samples_method": "hnbf"
    },
    "metrics": {
        "accuracy_mean": 0.8945802005012531,
        "accuracy_std": 0.032267638144379836,
        "train_time_mean": 15.87648472999997,
        "train_time_std": 2.838301293623833,
        "predict_time_mean": 0.00366974999994909,
        "predict_time_std": 0.0006242198815691063
    },
    "fold_metrics": {
        "accuracies": [
            0.8245614035087719,
            0.9298245614035088,
            0.8421052631578947,
            0.9122807017543859,
            0.9122807017543859,
            0.8947368421052632,
            0.9122807017543859,
            0.8947368421052632,
            0.9122807017543859,
            0.9107142857142857
        ],
        "train_times": [
            16.958557400000018,
            11.43805169999996,
            17.423618399999896,
            22.026904899999863,
            15.165069800000083,
            14.067138399999976,
            17.50048229999993,
            16.264410400000088,
            12.293497399999978,
            15.627116599999908
        ],
        "predict_times": [
            0.004447399999889967,
            0.0030204999998204585,
            0.004653400000051988,
            0.0035984999999527645,
            0.0031960999999682826,
            0.0029465000000072905,
            0.004500300000017887,
            0.0031108999999105436,
            0.0038778000000547763,
            0.0033460999998169427
        ]
    }
}