{
    "model_name": "parameterless_knn_dissimilarity",
    "dataset": "breast_cancer",
    "hyperparameters": {
        "metric": "dissimilarity",
        "n_optimizer_calls": 25
    },
    "metrics": {
        "accuracy_mean": 0.9103696741854638,
        "accuracy_std": 0.03083395976606083,
        "train_time_mean": 2.358900942999753,
        "train_time_std": 0.023758322775991207,
        "predict_time_mean": 0.0027912967998418026,
        "predict_time_std": 0.0005370470443231322
    },
    "fold_metrics": {
        "accuracies": [
            0.8771929824561403,
            0.9649122807017544,
            0.8947368421052632,
            0.9649122807017544,
            0.9298245614035088,
            0.8771929824561403,
            0.8947368421052632,
            0.8947368421052632,
            0.8947368421052632,
            0.9107142857142857
        ],
        "train_times": [
            2.3907387270010076,
            2.3559307859977707,
            2.3115424749994418,
            2.346822911000345,
            2.3538001109991455,
            2.3327066420024494,
            2.3754453330038814,
            2.361160921995179,
            2.3929878099879716,
            2.36787371301034
        ],
        "predict_times": [
            0.002543574999435805,
            0.002617029007524252,
            0.0026007700071204454,
            0.002619940001750365,
            0.002625676992465742,
            0.0026434019964654,
            0.0026896619965555146,
            0.0025487540115136653,
            0.004397878990857862,
            0.002626279994728975
        ]
    }
}