{
    "model_name": "parameterless_knn_dissimilarity",
    "dataset": "breast_cancer",
    "hyperparameters": {
        "metric": "dissimilarity",
        "n_optimizer_calls": 25
    },
    "metrics": {
        "accuracy_mean": 0.9103696741854638,
        "accuracy_std": 0.03083395976606083,
        "train_time_mean": 2.372879978097626,
        "train_time_std": 0.03293542420833274,
        "predict_time_mean": 0.002623010896786582,
        "predict_time_std": 6.457964020350122e-05
    },
    "fold_metrics": {
        "accuracies": [
            0.8771929824561403,
            0.9649122807017544,
            0.8947368421052632,
            0.9649122807017544,
            0.9298245614035088,
            0.8771929824561403,
            0.8947368421052632,
            0.8947368421052632,
            0.8947368421052632,
            0.9107142857142857
        ],
        "train_times": [
            2.4226028279954335,
            2.3971416519925697,
            2.3652616029867204,
            2.364496408001287,
            2.356852513999911,
            2.304461435007397,
            2.387961087995791,
            2.3463741750019835,
            2.3686682819970883,
            2.4149797959980788
        ],
        "predict_times": [
            0.002548225995269604,
            0.0025951879943022504,
            0.0025949889968615025,
            0.0026645479956641793,
            0.0026255909906467423,
            0.002611377989524044,
            0.002599889994598925,
            0.0027971469971816987,
            0.0025819080037763342,
            0.0026112440100405365
        ]
    }
}