{
    "model_name": "parameterless_knn_convex_hull_intra_margin_clustering",
    "dataset": "breast_cancer",
    "hyperparameters": {
        "metric": "convex_hull_intra",
        "n_optimizer_calls": 25,
        "support_samples_method": "margin_clustering"
    },
    "metrics": {
        "accuracy_mean": 0.8944862155388471,
        "accuracy_std": 0.030684103155684345,
        "train_time_mean": 13.910903040000017,
        "train_time_std": 3.020385186747326,
        "predict_time_mean": 0.006299849999982144,
        "predict_time_std": 0.005611201126890691
    },
    "fold_metrics": {
        "accuracies": [
            0.8596491228070176,
            0.9473684210526315,
            0.8771929824561403,
            0.8947368421052632,
            0.9298245614035088,
            0.8947368421052632,
            0.9298245614035088,
            0.8947368421052632,
            0.8596491228070176,
            0.8571428571428571
        ],
        "train_times": [
            17.365619700000025,
            11.858842999999979,
            12.919138200000134,
            14.762877899999921,
            18.500469700000167,
            14.915549499999997,
            13.041032500000028,
            8.5918079999999,
            16.89540880000004,
            10.258283099999971
        ],
        "predict_times": [
            0.003460399999994479,
            0.003465999999889391,
            0.0061944000001403765,
            0.022767299999941315,
            0.004583099999990736,
            0.0033654999999725987,
            0.003340499999922031,
            0.005998399999953108,
            0.006198499999982232,
            0.003624400000035166
        ]
    }
}