{
    "model_name": "parameterless_knn_convex_hull_intra_gabriel_graph",
    "dataset": "breast_cancer",
    "hyperparameters": {
        "metric": "convex_hull_intra",
        "n_optimizer_calls": 25,
        "support_samples_method": "gabriel_graph"
    },
    "metrics": {
        "accuracy_mean": 0.8963032581453632,
        "accuracy_std": 0.028791050666197946,
        "train_time_mean": 7.041332890006015,
        "train_time_std": 0.612578489670211,
        "predict_time_mean": 0.0021617599995806813,
        "predict_time_std": 5.75404142051542e-05
    },
    "fold_metrics": {
        "accuracies": [
            0.8421052631578947,
            0.9473684210526315,
            0.8947368421052632,
            0.8947368421052632,
            0.9122807017543859,
            0.8947368421052632,
            0.9298245614035088,
            0.8947368421052632,
            0.8596491228070176,
            0.8928571428571429
        ],
        "train_times": [
            7.418065499980003,
            7.998488900018856,
            6.732689600030426,
            7.025118999998085,
            6.4959199000149965,
            6.317473900038749,
            6.45999619999202,
            7.5560622999910265,
            7.953477299946826,
            6.456036300049163
        ],
        "predict_times": [
            0.002228999976068735,
            0.002211499959230423,
            0.002187300007790327,
            0.002137299976311624,
            0.002215599990449846,
            0.002175500034354627,
            0.002051500021480024,
            0.0021742000244557858,
            0.0021707999985665083,
            0.002064900007098913
        ]
    }
}