{
    "model_name": "parameterless_knn_dissimilarity_margin_clustering",
    "dataset": "breast_cancer",
    "hyperparameters": {
        "metric": "dissimilarity",
        "n_optimizer_calls": 25,
        "support_samples_method": "margin_clustering"
    },
    "metrics": {
        "accuracy_mean": 0.9032581453634085,
        "accuracy_std": 0.031982149656038635,
        "train_time_mean": 5.0711438200029075,
        "train_time_std": 0.6463081899167363,
        "predict_time_mean": 0.002278539998224005,
        "predict_time_std": 0.0003317972190541802
    },
    "fold_metrics": {
        "accuracies": [
            0.8596491228070176,
            0.9473684210526315,
            0.9298245614035088,
            0.9122807017543859,
            0.9298245614035088,
            0.8947368421052632,
            0.9298245614035088,
            0.9122807017543859,
            0.8596491228070176,
            0.8571428571428571
        ],
        "train_times": [
            6.4421157000469975,
            4.9033846000093035,
            4.997059499961324,
            4.75599560001865,
            4.802300399984233,
            3.9668743000365794,
            5.223012899979949,
            4.878058699949179,
            4.809008100011852,
            5.9336284000310116
        ],
        "predict_times": [
            0.002031399984844029,
            0.002379499957896769,
            0.00226979999570176,
            0.001880600000731647,
            0.002201499999500811,
            0.002865099988412112,
            0.0019203000119887292,
            0.002551900048274547,
            0.0019489999976940453,
            0.0027362999971956015
        ]
    }
}