{
    "model_name": "parameterless_knn_spread_gabriel_graph",
    "dataset": "breast_cancer",
    "hyperparameters": {
        "metric": "spread",
        "n_optimizer_calls": 25,
        "support_samples_method": "gabriel_graph"
    },
    "metrics": {
        "accuracy_mean": 0.9121240601503761,
        "accuracy_std": 0.02829252655628465,
        "train_time_mean": 9.768917379993946,
        "train_time_std": 0.5403843087721553,
        "predict_time_mean": 0.002489530009916052,
        "predict_time_std": 0.00035908028786637756
    },
    "fold_metrics": {
        "accuracies": [
            0.8421052631578947,
            0.9473684210526315,
            0.9122807017543859,
            0.9298245614035088,
            0.9298245614035088,
            0.8947368421052632,
            0.9298245614035088,
            0.9298245614035088,
            0.8947368421052632,
            0.9107142857142857
        ],
        "train_times": [
            10.5425909999758,
            10.136887400003616,
            10.808427000010852,
            9.316605300002266,
            9.60941539995838,
            9.954494900011923,
            9.143482299987227,
            9.454508599999826,
            9.458692400017753,
            9.26406949997181
        ],
        "predict_times": [
            0.002155599999241531,
            0.003014800022356212,
            0.0029042999958619475,
            0.0021514000254683197,
            0.0026697000139392912,
            0.002535399980843067,
            0.0020905000274069607,
            0.002224600000772625,
            0.0029851000290364027,
            0.002163900004234165
        ]
    }
}