{
    "model_name": "parameterless_knn_spread",
    "dataset": "breast_cancer",
    "hyperparameters": {
        "metric": "spread",
        "n_optimizer_calls": 25
    },
    "metrics": {
        "accuracy_mean": 0.9403195488721805,
        "accuracy_std": 0.0401269809288411,
        "train_time_mean": 5.904141051301849,
        "train_time_std": 0.7111124423486459,
        "predict_time_mean": 0.038919910501863345,
        "predict_time_std": 0.021329319920349466
    },
    "fold_metrics": {
        "accuracies": [
            0.9649122807017544,
            0.9473684210526315,
            1.0,
            0.8947368421052632,
            0.9122807017543859,
            0.9649122807017544,
            0.9298245614035088,
            0.8596491228070176,
            0.9473684210526315,
            0.9821428571428571
        ],
        "train_times": [
            5.6796118860074785,
            6.965746214002138,
            5.050925831004861,
            5.483868312992854,
            4.96828976800316,
            6.513962333003292,
            5.671823381999275,
            5.3142126809980255,
            6.88287197300815,
            6.510098131999257
        ],
        "predict_times": [
            0.07189254699915182,
            0.04603092800243758,
            0.027272949999314733,
            0.045141191003494896,
            0.0019521020003594458,
            0.051262453009258024,
            0.046877077998942696,
            0.0021950369991827756,
            0.056374170002527535,
            0.04020064900396392
        ]
    }
}