{
    "model_name": "parameterless_knn_convex_hull_inter_gabriel_graph",
    "dataset": "breast_cancer",
    "hyperparameters": {
        "metric": "convex_hull_inter",
        "n_optimizer_calls": 25,
        "support_samples_method": "gabriel_graph"
    },
    "metrics": {
        "accuracy_mean": 0.8945488721804511,
        "accuracy_std": 0.030392088253327752,
        "train_time_mean": 23.47390851,
        "train_time_std": 3.585427083536116,
        "predict_time_mean": 0.008915380000007644,
        "predict_time_std": 0.01329653499996176
    },
    "fold_metrics": {
        "accuracies": [
            0.8421052631578947,
            0.9473684210526315,
            0.8771929824561403,
            0.9122807017543859,
            0.9122807017543859,
            0.8771929824561403,
            0.9298245614035088,
            0.8947368421052632,
            0.8596491228070176,
            0.8928571428571429
        ],
        "train_times": [
            18.422065900000007,
            25.709775900000068,
            19.262434499999927,
            29.780895599999894,
            22.24142350000011,
            20.023047600000154,
            28.48562160000006,
            22.97114099999999,
            23.108885299999884,
            24.73379419999992
        ],
        "predict_times": [
            0.0042476999999507825,
            0.004074500000115222,
            0.007080000000087239,
            0.04868239999996149,
            0.0054632999999739695,
            0.004200800000035088,
            0.003648399999974572,
            0.003393899999991845,
            0.00480569999990621,
            0.003557100000080027
        ]
    }
}