{
    "model_name": "parameterless_knn_dissimilarity_margin_clustering",
    "dataset": "breast_cancer",
    "hyperparameters": {
        "metric": "dissimilarity",
        "n_optimizer_calls": 25,
        "support_samples_method": "margin_clustering"
    },
    "metrics": {
        "accuracy_mean": 0.9032581453634085,
        "accuracy_std": 0.031982149656038635,
        "train_time_mean": 17.054416609999997,
        "train_time_std": 6.73290249609902,
        "predict_time_mean": 0.013427969999952438,
        "predict_time_std": 0.02053608537617289
    },
    "fold_metrics": {
        "accuracies": [
            0.8596491228070176,
            0.9473684210526315,
            0.9298245614035088,
            0.9122807017543859,
            0.9298245614035088,
            0.8947368421052632,
            0.9298245614035088,
            0.9122807017543859,
            0.8596491228070176,
            0.8571428571428571
        ],
        "train_times": [
            31.492871799999875,
            26.928270699999985,
            18.37650069999995,
            13.19392640000001,
            11.638319600000159,
            9.03335889999994,
            11.517184699999916,
            14.548227100000076,
            16.74952970000004,
            17.065976500000033
        ],
        "predict_times": [
            0.005594700000074226,
            0.07111519999989468,
            0.006781799999998839,
            0.0034975999999460328,
            0.0033717999999680615,
            0.00309119999997165,
            0.005189199999904304,
            0.003946299999824987,
            0.028253599999970902,
            0.0034382999999706954
        ]
    }
}