{
    "model_name": "parameterless_knn_convex_hull_inter_margin_clustering",
    "dataset": "breast_cancer",
    "hyperparameters": {
        "metric": "convex_hull_inter",
        "n_optimizer_calls": 25,
        "support_samples_method": "margin_clustering"
    },
    "metrics": {
        "accuracy_mean": 0.8909774436090225,
        "accuracy_std": 0.02610008264317261,
        "train_time_mean": 4.3947748799924735,
        "train_time_std": 1.0043792274515635,
        "predict_time_mean": 0.0025908700015861543,
        "predict_time_std": 0.00023107797668379707
    },
    "fold_metrics": {
        "accuracies": [
            0.8596491228070176,
            0.9298245614035088,
            0.8771929824561403,
            0.8947368421052632,
            0.9122807017543859,
            0.8947368421052632,
            0.9298245614035088,
            0.8947368421052632,
            0.8596491228070176,
            0.8571428571428571
        ],
        "train_times": [
            7.033881100011058,
            4.504260699963197,
            4.275291199970525,
            3.325038799957838,
            4.328651699994225,
            3.5742336999974214,
            4.44761999999173,
            4.916254199983086,
            4.104693600034807,
            3.437823800020851
        ],
        "predict_times": [
            0.002589499985333532,
            0.002642700041178614,
            0.0026227000053040683,
            0.0025301999994553626,
            0.002167200029361993,
            0.002681799989659339,
            0.0027274999883957207,
            0.0028238000231795013,
            0.002925099979620427,
            0.002198199974372983
        ]
    }
}