{
    "model_name": "parameterless_knn_silhouette",
    "dataset": "breast_cancer",
    "hyperparameters": {
        "metric": "silhouette",
        "n_optimizer_calls": 25
    },
    "metrics": {
        "accuracy_mean": 0.8339912280701756,
        "accuracy_std": 0.23226583156541375,
        "train_time_mean": 5.548629724400234,
        "train_time_std": 1.2788203951531985,
        "predict_time_mean": 0.02236958830180811,
        "predict_time_std": 0.024761725399394998
    },
    "fold_metrics": {
        "accuracies": [
            0.9649122807017544,
            0.9473684210526315,
            1.0,
            0.9122807017543859,
            0.3684210526315789,
            0.9649122807017544,
            0.9298245614035088,
            0.9298245614035088,
            0.9473684210526315,
            0.375
        ],
        "train_times": [
            4.98360775099718,
            7.672773345009773,
            4.251215378011693,
            6.0705153699964285,
            4.80070878600236,
            4.483145106991287,
            4.373072820992093,
            7.0217511279915925,
            7.338160593004432,
            4.491346965005505
        ],
        "predict_times": [
            0.030977482994785532,
            0.07629769900813699,
            0.0017174489912576973,
            0.034049637004500255,
            0.0017169180064229295,
            0.0017100290133384988,
            0.020209879003232345,
            0.0020488430018303916,
            0.052612621992011555,
            0.0023553240025648847
        ]
    }
}