{
    "model_name": "parameterless_knn_opposite_hyperplane",
    "dataset": "breast_cancer",
    "hyperparameters": {
        "metric": "opposite_hyperplane",
        "n_optimizer_calls": 25
    },
    "metrics": {
        "accuracy_mean": 0.9543546365914788,
        "accuracy_std": 0.02502270076316113,
        "train_time_mean": 4.787111797301622,
        "train_time_std": 0.22661539986490925,
        "predict_time_mean": 0.0019169096005498432,
        "predict_time_std": 0.00014446145266823444
    },
    "fold_metrics": {
        "accuracies": [
            0.9649122807017544,
            0.9473684210526315,
            1.0,
            0.9649122807017544,
            0.9122807017543859,
            0.9649122807017544,
            0.9298245614035088,
            0.9298245614035088,
            0.9473684210526315,
            0.9821428571428571
        ],
        "train_times": [
            4.607744950000779,
            4.992308122004033,
            4.640881118000834,
            4.799082270008512,
            4.564378459006548,
            5.059971729002427,
            4.337100577991805,
            5.009060505006346,
            4.909037696997984,
            4.951552544996957
        ],
        "predict_times": [
            0.0019205709977541119,
            0.0022122640075394884,
            0.001951334998011589,
            0.0017401869990862906,
            0.0020012309978483245,
            0.0017481539980508387,
            0.0019587380083976313,
            0.0019805760093731806,
            0.001954180988832377,
            0.0017018590006045997
        ]
    }
}