{
    "model_name": "parameterless_knn_dissimilarity_gabriel_graph",
    "dataset": "breast_cancer",
    "hyperparameters": {
        "metric": "dissimilarity",
        "n_optimizer_calls": 25,
        "support_samples_method": "gabriel_graph"
    },
    "metrics": {
        "accuracy_mean": 0.9156015037593985,
        "accuracy_std": 0.027103687281616235,
        "train_time_mean": 25.49151003999998,
        "train_time_std": 6.876795656331182,
        "predict_time_mean": 0.007025320000025204,
        "predict_time_std": 0.005908546212933847
    },
    "fold_metrics": {
        "accuracies": [
            0.8596491228070176,
            0.9473684210526315,
            0.9298245614035088,
            0.9298245614035088,
            0.9473684210526315,
            0.8947368421052632,
            0.9298245614035088,
            0.9298245614035088,
            0.8947368421052632,
            0.8928571428571429
        ],
        "train_times": [
            42.5263230999999,
            29.903954099999964,
            22.949351100000058,
            17.91520689999993,
            20.27542080000012,
            30.211753299999828,
            26.503532899999982,
            20.56988699999988,
            21.444815000000062,
            22.614856200000077
        ],
        "predict_times": [
            0.0032994000000599044,
            0.0045781999999690015,
            0.0033290999999735504,
            0.004874499999914406,
            0.0046432999999979074,
            0.005683399999952599,
            0.0035199999999804277,
            0.0034648000000743195,
            0.015399900000147682,
            0.02146060000018224
        ]
    }
}