{
    "model_name": "parameterless_knn_opposite_hyperplane",
    "dataset": "breast_cancer",
    "hyperparameters": {
        "metric": "opposite_hyperplane",
        "n_optimizer_calls": 25
    },
    "metrics": {
        "accuracy_mean": 0.9543546365914788,
        "accuracy_std": 0.02502270076316113,
        "train_time_mean": 4.811973284299893,
        "train_time_std": 0.2544770495656527,
        "predict_time_mean": 0.0019787956029176713,
        "predict_time_std": 0.00011004989435771164
    },
    "fold_metrics": {
        "accuracies": [
            0.9649122807017544,
            0.9473684210526315,
            1.0,
            0.9649122807017544,
            0.9122807017543859,
            0.9649122807017544,
            0.9298245614035088,
            0.9298245614035088,
            0.9473684210526315,
            0.9821428571428571
        ],
        "train_times": [
            4.507012223999482,
            4.965455051991739,
            4.718036111007677,
            4.816350496999803,
            4.554272469002171,
            5.132382697993307,
            4.353754875002778,
            5.056713183003012,
            4.950897205999354,
            5.064858527999604
        ],
        "predict_times": [
            0.001961689005838707,
            0.001992755991523154,
            0.0019544770038919523,
            0.0019761190051212907,
            0.001956630003405735,
            0.0017475460044806823,
            0.002011921998928301,
            0.001986104005482048,
            0.001967407006304711,
            0.0022333060042001307
        ]
    }
}