{
    "model_name": "parameterless_knn_silhouette_gabriel_graph",
    "dataset": "breast_cancer",
    "hyperparameters": {
        "metric": "silhouette",
        "n_optimizer_calls": 25,
        "support_samples_method": "gabriel_graph"
    },
    "metrics": {
        "accuracy_mean": 0.7401315789473684,
        "accuracy_std": 0.24433653122155383,
        "train_time_mean": 22.566951070000005,
        "train_time_std": 2.859144506592086,
        "predict_time_mean": 0.009160130000009304,
        "predict_time_std": 0.00881493759991544
    },
    "fold_metrics": {
        "accuracies": [
            0.38596491228070173,
            0.9298245614035088,
            0.3684210526315789,
            0.9298245614035088,
            0.9649122807017544,
            0.3684210526315789,
            0.9473684210526315,
            0.8245614035087719,
            0.8070175438596491,
            0.875
        ],
        "train_times": [
            19.258769999999913,
            22.419613199999958,
            27.94239830000015,
            20.53864620000013,
            20.6270113999999,
            23.951830299999983,
            22.333790399999998,
            27.083977199999936,
            22.350310300000046,
            19.16316340000003
        ],
        "predict_times": [
            0.0031171999999060063,
            0.0031562000001486012,
            0.011102700000037657,
            0.027378400000088732,
            0.0034375999998701445,
            0.00656129999993027,
            0.003989400000136811,
            0.02492219999999179,
            0.004279799999949319,
            0.0036565000000337022
        ]
    }
}