{
    "model_name": "parameterless_knn_opposite_hyperplane_gabriel_graph",
    "dataset": "breast_cancer",
    "hyperparameters": {
        "metric": "opposite_hyperplane",
        "n_optimizer_calls": 25,
        "support_samples_method": "gabriel_graph"
    },
    "metrics": {
        "accuracy_mean": 0.9402255639097744,
        "accuracy_std": 0.022528874890468408,
        "train_time_mean": 5.4094171800010376,
        "train_time_std": 0.20961089201323202,
        "predict_time_mean": 0.001897950010607019,
        "predict_time_std": 0.00016513133916114053
    },
    "fold_metrics": {
        "accuracies": [
            0.9298245614035088,
            0.9473684210526315,
            0.9649122807017544,
            0.9649122807017544,
            0.9824561403508771,
            0.9122807017543859,
            0.9298245614035088,
            0.9122807017543859,
            0.9298245614035088,
            0.9285714285714286
        ],
        "train_times": [
            5.507630400010385,
            5.375179499969818,
            5.508431800000835,
            5.433039300027303,
            5.712375500006601,
            5.541588600026444,
            5.02245559997391,
            5.057700099947397,
            5.34819210000569,
            5.58757890004199
        ],
        "predict_times": [
            0.001979900000151247,
            0.001810200046747923,
            0.0018042000010609627,
            0.0017968000029213727,
            0.0017875999910756946,
            0.0018271000008098781,
            0.002169600047636777,
            0.002244100032839924,
            0.001797500008251518,
            0.0017624999745748937
        ]
    }
}