{
    "model_name": "parameterless_knn_convex_hull_intra_hnbf",
    "dataset": "breast_cancer",
    "hyperparameters": {
        "metric": "convex_hull_intra",
        "n_optimizer_calls": 25,
        "support_samples_method": "hnbf"
    },
    "metrics": {
        "accuracy_mean": 0.8857769423558898,
        "accuracy_std": 0.03347301701103714,
        "train_time_mean": 12.230071829999975,
        "train_time_std": 1.1605236551849254,
        "predict_time_mean": 0.015706310000018674,
        "predict_time_std": 0.018234553294183206
    },
    "fold_metrics": {
        "accuracies": [
            0.8245614035087719,
            0.9298245614035088,
            0.8245614035087719,
            0.8947368421052632,
            0.8771929824561403,
            0.8947368421052632,
            0.9122807017543859,
            0.8947368421052632,
            0.9122807017543859,
            0.8928571428571429
        ],
        "train_times": [
            11.654706799999985,
            11.091326600000002,
            12.81985110000005,
            12.526227899999867,
            11.291598199999953,
            14.711595299999999,
            13.425457800000004,
            11.581098999999995,
            12.52694849999989,
            10.671907099999999
        ],
        "predict_times": [
            0.03208870000003117,
            0.003249999999979991,
            0.0032423000000108004,
            0.0036307999998825835,
            0.0035141000000749045,
            0.0029117999999925814,
            0.048941500000182714,
            0.0036144999999123684,
            0.008724400000119203,
            0.04714500000000044
        ]
    }
}