{
    "model_name": "parameterless_knn_spread_hnbf",
    "dataset": "breast_cancer",
    "hyperparameters": {
        "metric": "spread",
        "n_optimizer_calls": 25,
        "support_samples_method": "hnbf"
    },
    "metrics": {
        "accuracy_mean": 0.8945802005012531,
        "accuracy_std": 0.032267638144379836,
        "train_time_mean": 5.767113649996463,
        "train_time_std": 0.6195033797524724,
        "predict_time_mean": 0.0022157599974889307,
        "predict_time_std": 0.0002924530452751173
    },
    "fold_metrics": {
        "accuracies": [
            0.8245614035087719,
            0.9298245614035088,
            0.8421052631578947,
            0.9122807017543859,
            0.9122807017543859,
            0.8947368421052632,
            0.9122807017543859,
            0.8947368421052632,
            0.9122807017543859,
            0.9107142857142857
        ],
        "train_times": [
            5.575736099970527,
            5.495662799978163,
            5.72437260003062,
            6.6897515000309795,
            6.608791199978441,
            6.366296199965291,
            5.901969700003974,
            5.414869100030046,
            5.346253899973817,
            4.547433400002774
        ],
        "predict_times": [
            0.0017793999868445098,
            0.002602200023829937,
            0.002331600000616163,
            0.002096199954394251,
            0.002302900014910847,
            0.0021733000176027417,
            0.0018489999929443002,
            0.0026188999763689935,
            0.002502900024410337,
            0.0019011999829672277
        ]
    }
}