{
    "model_name": "parameterless_knn_convex_hull_inter",
    "dataset": "breast_cancer",
    "hyperparameters": {
        "metric": "convex_hull_inter",
        "n_optimizer_calls": 25
    },
    "metrics": {
        "accuracy_mean": 0.9261904761904762,
        "accuracy_std": 0.02693769266632517,
        "train_time_mean": 7.0564039374992715,
        "train_time_std": 0.5165422478952644,
        "predict_time_mean": 0.01958962120115757,
        "predict_time_std": 0.013025365476404609
    },
    "fold_metrics": {
        "accuracies": [
            0.8771929824561403,
            0.9649122807017544,
            0.9649122807017544,
            0.9473684210526315,
            0.9298245614035088,
            0.9122807017543859,
            0.9122807017543859,
            0.9298245614035088,
            0.8947368421052632,
            0.9285714285714286
        ],
        "train_times": [
            6.802577284994186,
            6.67834136300371,
            6.943642391997855,
            6.992683343007229,
            6.250827836993267,
            7.447695599999861,
            7.851262739990489,
            6.4961349759978475,
            7.227851147996262,
            7.873022691012011
        ],
        "predict_times": [
            0.0464826359966537,
            0.00823456299258396,
            0.009411945007741451,
            0.00761765000061132,
            0.006628907009144314,
            0.00671177200274542,
            0.02722220800933428,
            0.027633410994894803,
            0.028145595992100425,
            0.027807524005766027
        ]
    }
}