{
    "model_name": "parameterless_knn_spread_margin_clustering",
    "dataset": "breast_cancer",
    "hyperparameters": {
        "metric": "spread",
        "n_optimizer_calls": 25,
        "support_samples_method": "margin_clustering"
    },
    "metrics": {
        "accuracy_mean": 0.9067982456140351,
        "accuracy_std": 0.03260471564516774,
        "train_time_mean": 17.06044898999994,
        "train_time_std": 1.4697362959794378,
        "predict_time_mean": 0.005581240000014987,
        "predict_time_std": 0.003041816597390912
    },
    "fold_metrics": {
        "accuracies": [
            0.8596491228070176,
            0.9473684210526315,
            0.8947368421052632,
            0.9298245614035088,
            0.9473684210526315,
            0.8947368421052632,
            0.9298245614035088,
            0.9298245614035088,
            0.8596491228070176,
            0.875
        ],
        "train_times": [
            17.978857800000014,
            17.81999360000009,
            17.414734299999964,
            17.731207699999914,
            17.199895999999853,
            20.090594799999963,
            16.205576699999938,
            16.2575061,
            15.22372009999981,
            14.682402799999863
        ],
        "predict_times": [
            0.003366500000083761,
            0.0031378000001041073,
            0.004418900000018766,
            0.006876599999941391,
            0.0033009000001129607,
            0.003094299999929717,
            0.0109044000000722,
            0.005744000000049709,
            0.0035077000000001135,
            0.011461299999837138
        ]
    }
}