{
    "model_name": "parameterless_knn_convex_hull_intra",
    "dataset": "breast_cancer",
    "hyperparameters": {
        "metric": "convex_hull_intra",
        "n_optimizer_calls": 25
    },
    "metrics": {
        "accuracy_mean": 0.9525689223057643,
        "accuracy_std": 0.024842469493305496,
        "train_time_mean": 6.819266098897788,
        "train_time_std": 0.9802229729327968,
        "predict_time_mean": 0.025624398300715258,
        "predict_time_std": 0.019283555161919753
    },
    "fold_metrics": {
        "accuracies": [
            0.9649122807017544,
            0.9473684210526315,
            1.0,
            0.9473684210526315,
            0.9122807017543859,
            0.9649122807017544,
            0.9122807017543859,
            0.9473684210526315,
            0.9649122807017544,
            0.9642857142857143
        ],
        "train_times": [
            4.818717048998224,
            7.705217706999974,
            6.6613373099971795,
            7.330657728991355,
            6.203170285996748,
            6.505369065998821,
            6.87355112998921,
            6.422392584994668,
            8.792220299001201,
            6.880027828010498
        ],
        "predict_times": [
            0.0021060170111013576,
            0.03530087300168816,
            0.03762215499591548,
            0.0060879929951624945,
            0.002074905001791194,
            0.00212901399936527,
            0.03984599999967031,
            0.030700852003064938,
            0.048638309992384166,
            0.05173786400700919
        ]
    }
}