{
    "model_name": "parameterless_knn_spread_margin_clustering",
    "dataset": "breast_cancer",
    "hyperparameters": {
        "metric": "spread",
        "n_optimizer_calls": 25,
        "support_samples_method": "margin_clustering"
    },
    "metrics": {
        "accuracy_mean": 0.9067982456140351,
        "accuracy_std": 0.03260471564516774,
        "train_time_mean": 6.064031959988642,
        "train_time_std": 0.43982059853369676,
        "predict_time_mean": 0.002468810009304434,
        "predict_time_std": 0.0003099520164833984
    },
    "fold_metrics": {
        "accuracies": [
            0.8596491228070176,
            0.9473684210526315,
            0.8947368421052632,
            0.9298245614035088,
            0.9473684210526315,
            0.8947368421052632,
            0.9298245614035088,
            0.9298245614035088,
            0.8596491228070176,
            0.875
        ],
        "train_times": [
            5.9100673999637365,
            5.550990700023249,
            5.29253689997131,
            5.9819673000019975,
            5.635554899985436,
            6.378626899968367,
            6.517026799963787,
            6.232724800007418,
            6.661242500005756,
            6.479581399995368
        ],
        "predict_times": [
            0.002675299998372793,
            0.0023080999962985516,
            0.0028109000413678586,
            0.00260459998389706,
            0.002063399995677173,
            0.002124899998307228,
            0.0028641000390052795,
            0.0022162000532262027,
            0.0021563000045716763,
            0.0028642999823205173
        ]
    }
}