{
    "model_name": "parameterless_knn_convex_hull_inter",
    "dataset": "breast_cancer",
    "hyperparameters": {
        "metric": "convex_hull_inter",
        "n_optimizer_calls": 25
    },
    "metrics": {
        "accuracy_mean": 0.9261904761904762,
        "accuracy_std": 0.02693769266632517,
        "train_time_mean": 7.174945463400218,
        "train_time_std": 0.5560868256138377,
        "predict_time_mean": 0.017313464797916824,
        "predict_time_std": 0.015482247062768194
    },
    "fold_metrics": {
        "accuracies": [
            0.8771929824561403,
            0.9649122807017544,
            0.9649122807017544,
            0.9473684210526315,
            0.9298245614035088,
            0.9122807017543859,
            0.9122807017543859,
            0.9298245614035088,
            0.8947368421052632,
            0.9285714285714286
        ],
        "train_times": [
            6.764803736994509,
            7.030385502992431,
            6.985465410005418,
            6.920743765003863,
            6.089694066991797,
            7.802969900003518,
            8.039074713000446,
            6.918596616000286,
            7.427595557004679,
            7.770125366005232
        ],
        "predict_times": [
            0.05270397699496243,
            0.0077708750031888485,
            0.004863843001658097,
            0.00848019499971997,
            0.003958941990276799,
            0.0031686159927630797,
            0.028697009998722933,
            0.028334903996437788,
            0.027345775000867434,
            0.007810511000570841
        ]
    }
}