{
    "model_name": "parameterless_knn_opposite_hyperplane_hnbf",
    "dataset": "breast_cancer",
    "hyperparameters": {
        "metric": "opposite_hyperplane",
        "n_optimizer_calls": 25,
        "support_samples_method": "hnbf"
    },
    "metrics": {
        "accuracy_mean": 0.9244674185463658,
        "accuracy_std": 0.02826864986002182,
        "train_time_mean": 2.267102460016031,
        "train_time_std": 0.10813483637367326,
        "predict_time_mean": 0.001638069999171421,
        "predict_time_std": 3.781172253427968e-05
    },
    "fold_metrics": {
        "accuracies": [
            0.8947368421052632,
            0.9473684210526315,
            0.9122807017543859,
            0.9824561403508771,
            0.9298245614035088,
            0.9122807017543859,
            0.9122807017543859,
            0.9298245614035088,
            0.8771929824561403,
            0.9464285714285714
        ],
        "train_times": [
            2.491591400001198,
            2.198370400001295,
            2.343878300045617,
            2.3418410000158474,
            2.237405400024727,
            2.0581848000292666,
            2.3035573000088334,
            2.220904000045266,
            2.255031999957282,
            2.220260000030976
        ],
        "predict_times": [
            0.0015971999964676797,
            0.0016270999913103878,
            0.0016654999926686287,
            0.001589599996805191,
            0.001635399996303022,
            0.0016237999661825597,
            0.0017095999792218208,
            0.001695200044196099,
            0.0016241000266745687,
            0.0016132000018842518
        ]
    }
}