{
    "model_name": "parameterless_knn_silhouette_hnbf",
    "dataset": "breast_cancer",
    "hyperparameters": {
        "metric": "silhouette",
        "n_optimizer_calls": 25,
        "support_samples_method": "hnbf"
    },
    "metrics": {
        "accuracy_mean": 0.5638157894736842,
        "accuracy_std": 0.23371565844583475,
        "train_time_mean": 9.073012449999988,
        "train_time_std": 3.8408131275658253,
        "predict_time_mean": 0.007210110000005443,
        "predict_time_std": 0.011580226905461904
    },
    "fold_metrics": {
        "accuracies": [
            0.38596491228070173,
            0.38596491228070173,
            0.3684210526315789,
            0.7543859649122807,
            0.3684210526315789,
            0.9122807017543859,
            0.8596491228070176,
            0.8596491228070176,
            0.3684210526315789,
            0.375
        ],
        "train_times": [
            7.915614900000037,
            5.200862099999995,
            5.400906099999929,
            6.429549100000031,
            7.856013200000007,
            6.937858099999858,
            14.177812700000004,
            12.138366299999916,
            17.231266799999958,
            7.4418752000001405
        ],
        "predict_times": [
            0.0033817000000908592,
            0.002693700000008903,
            0.0033313000001271575,
            0.0038101000000096974,
            0.003457300000036412,
            0.0033478999998806103,
            0.004108800000039992,
            0.0032535999998799525,
            0.04193059999988691,
            0.0027861000000939384
        ]
    }
}