{
    "model_name": "parameterless_knn_convex_hull_inter_hnbf",
    "dataset": "breast_cancer",
    "hyperparameters": {
        "metric": "convex_hull_inter",
        "n_optimizer_calls": 25,
        "support_samples_method": "hnbf"
    },
    "metrics": {
        "accuracy_mean": 0.8787593984962406,
        "accuracy_std": 0.041038187026134515,
        "train_time_mean": 12.344625349999978,
        "train_time_std": 2.0381015643462077,
        "predict_time_mean": 0.005177189999972143,
        "predict_time_std": 0.004336054703414115
    },
    "fold_metrics": {
        "accuracies": [
            0.8245614035087719,
            0.9298245614035088,
            0.7894736842105263,
            0.8947368421052632,
            0.8771929824561403,
            0.8771929824561403,
            0.9298245614035088,
            0.8771929824561403,
            0.8947368421052632,
            0.8928571428571429
        ],
        "train_times": [
            14.705851699999812,
            11.191813599999932,
            12.101429499999995,
            11.00540860000001,
            14.895904499999915,
            13.71937109999999,
            10.562885299999834,
            15.292523700000174,
            9.152682200000072,
            10.81838330000005
        ],
        "predict_times": [
            0.0035798999999769876,
            0.003465799999958108,
            0.0039011999999729596,
            0.00637959999994564,
            0.0032955999997739127,
            0.017883900000015274,
            0.0039105999999264895,
            0.0033088000000134343,
            0.0028174999999919237,
            0.003229000000146698
        ]
    }
}