{
    "model_name": "parameterless_knn_silhouette_hnbf",
    "dataset": "breast_cancer",
    "hyperparameters": {
        "metric": "silhouette",
        "n_optimizer_calls": 25,
        "support_samples_method": "hnbf"
    },
    "metrics": {
        "accuracy_mean": 0.5638157894736842,
        "accuracy_std": 0.23371565844583475,
        "train_time_mean": 3.052560719993198,
        "train_time_std": 0.2389093754044385,
        "predict_time_mean": 0.002082710003014654,
        "predict_time_std": 0.00032289804949411937
    },
    "fold_metrics": {
        "accuracies": [
            0.38596491228070173,
            0.38596491228070173,
            0.3684210526315789,
            0.7543859649122807,
            0.3684210526315789,
            0.9122807017543859,
            0.8596491228070176,
            0.8596491228070176,
            0.3684210526315789,
            0.375
        ],
        "train_times": [
            3.080593599996064,
            3.013297400029842,
            2.8826591999968514,
            3.311008899996523,
            3.1408406000118703,
            2.5547395999892615,
            3.3618077999562956,
            3.325946400000248,
            2.839485500007868,
            3.0152281999471597
        ],
        "predict_times": [
            0.0017873999895527959,
            0.002386300009675324,
            0.0018509000074118376,
            0.0025525999953970313,
            0.0020506999571807683,
            0.0017007000278681517,
            0.002598399994894862,
            0.0018450000206939876,
            0.0017896000063046813,
            0.0022655000211670995
        ]
    }
}