{
    "model_name": "parameterless_knn_convex_hull_intra_margin_clustering",
    "dataset": "breast_cancer",
    "hyperparameters": {
        "metric": "convex_hull_intra",
        "n_optimizer_calls": 25,
        "support_samples_method": "margin_clustering"
    },
    "metrics": {
        "accuracy_mean": 0.8944862155388471,
        "accuracy_std": 0.030684103155684345,
        "train_time_mean": 3.599572870018892,
        "train_time_std": 0.47460255543892965,
        "predict_time_mean": 0.0020904700097162275,
        "predict_time_std": 8.401363305955195e-05
    },
    "fold_metrics": {
        "accuracies": [
            0.8596491228070176,
            0.9473684210526315,
            0.8771929824561403,
            0.8947368421052632,
            0.9298245614035088,
            0.8947368421052632,
            0.9298245614035088,
            0.8947368421052632,
            0.8596491228070176,
            0.8571428571428571
        ],
        "train_times": [
            3.3899409000296146,
            4.1282020000508055,
            3.5913186999969184,
            3.114153400005307,
            3.9692293000407517,
            3.197449100029189,
            3.6427488999906927,
            2.999028700054623,
            4.590218199999072,
            3.373439499991946
        ],
        "predict_times": [
            0.0021377999801188707,
            0.0020003000390715897,
            0.001975600025616586,
            0.0020263000042177737,
            0.0020760000334121287,
            0.0020238999859429896,
            0.002187000005505979,
            0.0021585000213235617,
            0.0020738000166602433,
            0.002245499985292554
        ]
    }
}