{
    "model_name": "parameterless_knn_silhouette_margin_clustering",
    "dataset": "breast_cancer",
    "hyperparameters": {
        "metric": "silhouette",
        "n_optimizer_calls": 25,
        "support_samples_method": "margin_clustering"
    },
    "metrics": {
        "accuracy_mean": 0.46732456140350875,
        "accuracy_std": 0.19156790682954827,
        "train_time_mean": 3.160683219996281,
        "train_time_std": 0.24939926698222642,
        "predict_time_mean": 0.002503290004096925,
        "predict_time_std": 0.00035954019613349274
    },
    "fold_metrics": {
        "accuracies": [
            0.38596491228070173,
            0.38596491228070173,
            0.9298245614035088,
            0.7543859649122807,
            0.3684210526315789,
            0.3684210526315789,
            0.3684210526315789,
            0.3684210526315789,
            0.3684210526315789,
            0.375
        ],
        "train_times": [
            3.444330899976194,
            3.147809599991888,
            3.480172599956859,
            3.6159734000102617,
            2.876157200022135,
            2.863636600028258,
            2.967391599959228,
            3.093649099988397,
            3.0481110000400804,
            3.069600199989509
        ],
        "predict_times": [
            0.00297810003394261,
            0.0028643999830819666,
            0.0018536000279709697,
            0.0020738000166602433,
            0.0024621000047773123,
            0.0021635000011883676,
            0.00280620000557974,
            0.0025236000074073672,
            0.002459299983456731,
            0.002848299976903945
        ]
    }
}