{
    "model_name": "parameterless_knn_convex_hull_inter_margin_clustering",
    "dataset": "breast_cancer",
    "hyperparameters": {
        "metric": "convex_hull_inter",
        "n_optimizer_calls": 25,
        "support_samples_method": "margin_clustering"
    },
    "metrics": {
        "accuracy_mean": 0.8909774436090225,
        "accuracy_std": 0.02610008264317261,
        "train_time_mean": 12.838989609999976,
        "train_time_std": 2.4643339304010765,
        "predict_time_mean": 0.005506050000030882,
        "predict_time_std": 0.005554082172124169
    },
    "fold_metrics": {
        "accuracies": [
            0.8596491228070176,
            0.9298245614035088,
            0.8771929824561403,
            0.8947368421052632,
            0.9122807017543859,
            0.8947368421052632,
            0.9298245614035088,
            0.8947368421052632,
            0.8596491228070176,
            0.8571428571428571
        ],
        "train_times": [
            14.922826100000066,
            13.723207300000013,
            18.267949499999986,
            11.043638899999905,
            11.373110499999939,
            11.704946900000095,
            13.794534099999964,
            13.41760219999992,
            11.275721400000066,
            8.866359199999806
        ],
        "predict_times": [
            0.004041400000005524,
            0.0033381000000645145,
            0.003424600000016653,
            0.0033585999999559135,
            0.004732200000034936,
            0.0030454000000190717,
            0.0036981000000650965,
            0.02211570000008578,
            0.0035527000000001863,
            0.0037537000000611442
        ]
    }
}