{
    "model_name": "parameterless_knn_convex_hull_intra_gabriel_graph",
    "dataset": "breast_cancer",
    "hyperparameters": {
        "metric": "convex_hull_intra",
        "n_optimizer_calls": 25,
        "support_samples_method": "gabriel_graph"
    },
    "metrics": {
        "accuracy_mean": 0.8963032581453632,
        "accuracy_std": 0.028791050666197946,
        "train_time_mean": 24.63310396999998,
        "train_time_std": 3.76896810156414,
        "predict_time_mean": 0.004339389999995546,
        "predict_time_std": 0.0007844046831488932
    },
    "fold_metrics": {
        "accuracies": [
            0.8421052631578947,
            0.9473684210526315,
            0.8947368421052632,
            0.8947368421052632,
            0.9122807017543859,
            0.8947368421052632,
            0.9298245614035088,
            0.8947368421052632,
            0.8596491228070176,
            0.8928571428571429
        ],
        "train_times": [
            25.89997479999988,
            27.774452899999915,
            31.36395760000005,
            21.237676200000124,
            22.38549409999996,
            21.07295380000005,
            19.237328400000024,
            25.265607900000077,
            29.401414699999805,
            22.692179299999907
        ],
        "predict_times": [
            0.004762300000038522,
            0.005639100000053077,
            0.003500499999972817,
            0.005118499999980486,
            0.003689899999926638,
            0.005433000000039101,
            0.0039901000000099884,
            0.004113599999982398,
            0.0035029999999096617,
            0.003643900000042777
        ]
    }
}