{
    "model_name": "parameterless_knn_opposite_hyperplane_margin_clustering",
    "dataset": "breast_cancer",
    "hyperparameters": {
        "metric": "opposite_hyperplane",
        "n_optimizer_calls": 25,
        "support_samples_method": "margin_clustering"
    },
    "metrics": {
        "accuracy_mean": 0.9472744360902254,
        "accuracy_std": 0.022193213304508592,
        "train_time_mean": 2.405580670002382,
        "train_time_std": 0.21057842986803202,
        "predict_time_mean": 0.0017414099944289773,
        "predict_time_std": 0.00012785620149808198
    },
    "fold_metrics": {
        "accuracies": [
            0.9473684210526315,
            0.9473684210526315,
            0.9473684210526315,
            0.9824561403508771,
            0.9824561403508771,
            0.9122807017543859,
            0.9473684210526315,
            0.9473684210526315,
            0.9122807017543859,
            0.9464285714285714
        ],
        "train_times": [
            2.4267157000140287,
            1.9235771000385284,
            2.7537589999847114,
            2.5035220999852754,
            2.5094137000269257,
            2.4569086999981664,
            2.1981243999907747,
            2.348748299991712,
            2.38852079998469,
            2.54651690000901
        ],
        "predict_times": [
            0.001822599966544658,
            0.0013829999952577055,
            0.0017146000172942877,
            0.0018511000089347363,
            0.001740399980917573,
            0.0017405999824404716,
            0.001799000019673258,
            0.0017803999944590032,
            0.0017370000132359564,
            0.001845399965532124
        ]
    }
}