{
    "model_name": "parameterless_knn_silhouette_margin_clustering",
    "dataset": "breast_cancer",
    "hyperparameters": {
        "metric": "silhouette",
        "n_optimizer_calls": 25,
        "support_samples_method": "margin_clustering"
    },
    "metrics": {
        "accuracy_mean": 0.46732456140350875,
        "accuracy_std": 0.19156790682954827,
        "train_time_mean": 10.834487920000015,
        "train_time_std": 2.3501352204819184,
        "predict_time_mean": 0.006332580000048438,
        "predict_time_std": 0.006876559319468195
    },
    "fold_metrics": {
        "accuracies": [
            0.38596491228070173,
            0.38596491228070173,
            0.9298245614035088,
            0.7543859649122807,
            0.3684210526315789,
            0.3684210526315789,
            0.3684210526315789,
            0.3684210526315789,
            0.3684210526315789,
            0.375
        ],
        "train_times": [
            9.750069499999881,
            11.58485829999995,
            9.893509200000153,
            16.94714019999992,
            11.897013600000037,
            10.481249600000183,
            10.576428299999861,
            8.449523,
            7.9652041000001645,
            10.799883399999999
        ],
        "predict_times": [
            0.0036856000001534994,
            0.0044563000001289765,
            0.0034656999998787796,
            0.004519999999956781,
            0.003544400000009773,
            0.0035579000000325323,
            0.005248899999969581,
            0.004200500000024476,
            0.003747800000155621,
            0.026898700000174358
        ]
    }
}