{
    "model_name": "parameterless_knn_dissimilarity_hnbf",
    "dataset": "breast_cancer",
    "hyperparameters": {
        "metric": "dissimilarity",
        "n_optimizer_calls": 25,
        "support_samples_method": "hnbf"
    },
    "metrics": {
        "accuracy_mean": 0.8980889724310778,
        "accuracy_std": 0.033957370847030335,
        "train_time_mean": 3.793026070005726,
        "train_time_std": 0.5041275063575733,
        "predict_time_mean": 0.0021067800000309942,
        "predict_time_std": 0.000339859481200782
    },
    "fold_metrics": {
        "accuracies": [
            0.8245614035087719,
            0.9298245614035088,
            0.8421052631578947,
            0.9122807017543859,
            0.9122807017543859,
            0.8947368421052632,
            0.9122807017543859,
            0.9298245614035088,
            0.9122807017543859,
            0.9107142857142857
        ],
        "train_times": [
            2.934747699997388,
            3.6153578000376,
            3.506991599977482,
            3.814404500008095,
            3.7603815000038594,
            4.519102099991869,
            4.833519699983299,
            3.749636900029145,
            3.6310689000529237,
            3.5650499999755993
        ],
        "predict_times": [
            0.0016200999962165952,
            0.0017502999980933964,
            0.0024217000463977456,
            0.0023993999930098653,
            0.0017161999712698162,
            0.0024943999596871436,
            0.0018418999970890582,
            0.0023677999852225184,
            0.002488600031938404,
            0.0019674000213854015
        ]
    }
}