{
    "model_name": "parameterless_knn_opposite_hyperplane_gabriel_graph",
    "dataset": "breast_cancer",
    "hyperparameters": {
        "metric": "opposite_hyperplane",
        "n_optimizer_calls": 25,
        "support_samples_method": "gabriel_graph"
    },
    "metrics": {
        "accuracy_mean": 0.9402255639097744,
        "accuracy_std": 0.022528874890468408,
        "train_time_mean": 23.42109247000001,
        "train_time_std": 2.9531508995685893,
        "predict_time_mean": 0.011326329999997142,
        "predict_time_std": 0.014432162879772321
    },
    "fold_metrics": {
        "accuracies": [
            0.9298245614035088,
            0.9473684210526315,
            0.9649122807017544,
            0.9649122807017544,
            0.9824561403508771,
            0.9122807017543859,
            0.9298245614035088,
            0.9122807017543859,
            0.9298245614035088,
            0.9285714285714286
        ],
        "train_times": [
            22.23225639999987,
            19.373431199999914,
            27.285970599999928,
            22.0554482,
            28.692591800000173,
            20.79012140000009,
            21.145718500000157,
            26.29143040000008,
            24.648603599999888,
            21.69535259999998
        ],
        "predict_times": [
            0.003034800000023097,
            0.03652360000000954,
            0.0032143000000814936,
            0.002887200000031953,
            0.04327330000000984,
            0.003105099999856975,
            0.0067203999999492225,
            0.004264899999952831,
            0.0068346000000474305,
            0.0034051000000090426
        ]
    }
}