{
    "model_name": "parameterless_knn_convex_hull_inter_hnbf",
    "dataset": "breast_cancer",
    "hyperparameters": {
        "metric": "convex_hull_inter",
        "n_optimizer_calls": 25,
        "support_samples_method": "hnbf"
    },
    "metrics": {
        "accuracy_mean": 0.8787593984962406,
        "accuracy_std": 0.041038187026134515,
        "train_time_mean": 5.304131800006144,
        "train_time_std": 2.0612466337770816,
        "predict_time_mean": 0.0022924499993678183,
        "predict_time_std": 0.00026997337057815487
    },
    "fold_metrics": {
        "accuracies": [
            0.8245614035087719,
            0.9298245614035088,
            0.7894736842105263,
            0.8947368421052632,
            0.8771929824561403,
            0.8771929824561403,
            0.9298245614035088,
            0.8771929824561403,
            0.8947368421052632,
            0.8928571428571429
        ],
        "train_times": [
            4.984428800002206,
            3.566661800025031,
            3.505224200023804,
            3.6548922999645583,
            3.8239963999949396,
            4.74707560002571,
            4.2575841000070795,
            6.7385614000377245,
            9.921153099974617,
            7.8417403000057675
        ],
        "predict_times": [
            0.002176299982238561,
            0.002431900007650256,
            0.0022237999946810305,
            0.002661900012753904,
            0.0026289999950677156,
            0.0019269000040367246,
            0.002314999990630895,
            0.002033800003118813,
            0.0019174999906681478,
            0.002608400012832135
        ]
    }
}