{
    "model_name": "parameterless_knn_silhouette",
    "dataset": "breast_cancer",
    "hyperparameters": {
        "metric": "silhouette",
        "n_optimizer_calls": 25
    },
    "metrics": {
        "accuracy_mean": 0.8339912280701756,
        "accuracy_std": 0.23226583156541375,
        "train_time_mean": 5.575615482198191,
        "train_time_std": 1.3456504363129493,
        "predict_time_mean": 0.022024059100658633,
        "predict_time_std": 0.022549411841067287
    },
    "fold_metrics": {
        "accuracies": [
            0.9649122807017544,
            0.9473684210526315,
            1.0,
            0.9122807017543859,
            0.3684210526315789,
            0.9649122807017544,
            0.9298245614035088,
            0.9298245614035088,
            0.9473684210526315,
            0.375
        ],
        "train_times": [
            5.047524818990496,
            7.877374231989961,
            4.27091690999805,
            5.931047495992971,
            4.820218486012891,
            4.399689247002243,
            4.3488609779888066,
            7.236839940000209,
            7.370966347007197,
            4.452716366999084
        ],
        "predict_times": [
            0.03565646799688693,
            0.053312759002437815,
            0.001970432000234723,
            0.03960468900913838,
            0.001901267998619005,
            0.0019246840092819184,
            0.017423717989004217,
            0.003634043998317793,
            0.06261272200208623,
            0.0021998070005793124
        ]
    }
}