{
    "model_name": "parameterless_knn_dissimilarity_hnbf",
    "dataset": "breast_cancer",
    "hyperparameters": {
        "metric": "dissimilarity",
        "n_optimizer_calls": 25,
        "support_samples_method": "hnbf"
    },
    "metrics": {
        "accuracy_mean": 0.8980889724310778,
        "accuracy_std": 0.033957370847030335,
        "train_time_mean": 12.433810189999985,
        "train_time_std": 2.674256153426676,
        "predict_time_mean": 0.010626470000011068,
        "predict_time_std": 0.020734649253894094
    },
    "fold_metrics": {
        "accuracies": [
            0.8245614035087719,
            0.9298245614035088,
            0.8421052631578947,
            0.9122807017543859,
            0.9122807017543859,
            0.8947368421052632,
            0.9122807017543859,
            0.9298245614035088,
            0.9122807017543859,
            0.9107142857142857
        ],
        "train_times": [
            14.584136200000103,
            18.296297200000026,
            15.040270699999837,
            11.934027300000025,
            8.667241200000035,
            11.660030499999948,
            11.772323400000005,
            9.590109900000016,
            11.496248599999944,
            11.297416899999916
        ],
        "predict_times": [
            0.006544800000028772,
            0.07274250000000393,
            0.0028319000000465167,
            0.004051300000128322,
            0.003023299999995288,
            0.0030819000000974484,
            0.0033214000000043598,
            0.002814299999954528,
            0.0031174999999166175,
            0.004735799999934898
        ]
    }
}