{
    "model_name": "parameterless_knn_opposite_hyperplane_margin_clustering",
    "dataset": "breast_cancer",
    "hyperparameters": {
        "metric": "opposite_hyperplane",
        "n_optimizer_calls": 25,
        "support_samples_method": "margin_clustering"
    },
    "metrics": {
        "accuracy_mean": 0.9472744360902254,
        "accuracy_std": 0.022193213304508592,
        "train_time_mean": 8.073036440000033,
        "train_time_std": 1.9522913799077193,
        "predict_time_mean": 0.008469070000023749,
        "predict_time_std": 0.011903386442721983
    },
    "fold_metrics": {
        "accuracies": [
            0.9473684210526315,
            0.9473684210526315,
            0.9473684210526315,
            0.9824561403508771,
            0.9824561403508771,
            0.9122807017543859,
            0.9473684210526315,
            0.9473684210526315,
            0.9122807017543859,
            0.9464285714285714
        ],
        "train_times": [
            8.45356320000019,
            6.315903199999866,
            7.616715299999896,
            6.595833800000037,
            5.674166700000114,
            9.962816400000065,
            10.053021500000114,
            7.637582900000098,
            6.340813399999888,
            12.079948000000059
        ],
        "predict_times": [
            0.002946600000086619,
            0.015261300000020128,
            0.0031088000000636384,
            0.0028511999998954707,
            0.003271199999971941,
            0.04249749999985397,
            0.005301200000076278,
            0.003077600000096936,
            0.0034513000000515603,
            0.002924000000120941
        ]
    }
}