{
    "model_name": "sklearn_knn_wrapper",
    "dataset": "breast_cancer",
    "hyperparameters": {
        "n_optimizer_calls": 25
    },
    "metrics": {
        "accuracy_mean": 0.9437343358395991,
        "accuracy_std": 0.015413533834586466,
        "train_time_mean": 3.163512930000434,
        "train_time_std": 0.16763081148395872,
        "predict_time_mean": 0.0007979600050020963,
        "predict_time_std": 0.00020370036609139412
    },
    "fold_metrics": {
        "accuracies": [
            0.9298245614035088,
            0.9473684210526315,
            0.9649122807017544,
            0.9649122807017544,
            0.9473684210526315,
            0.9473684210526315,
            0.9473684210526315,
            0.9122807017543859,
            0.9473684210526315,
            0.9285714285714286
        ],
        "train_times": [
            3.126211900031194,
            2.9932153000263497,
            3.357627799967304,
            2.82413030002499,
            3.327231400005985,
            3.0874325999757275,
            3.4181006999569945,
            3.171575099986512,
            3.153142800030764,
            3.176461399998516
        ],
        "predict_times": [
            0.0006838999688625336,
            0.0006519000162370503,
            0.0007277000113390386,
            0.0008425000123679638,
            0.0011371999862603843,
            0.0005723999929614365,
            0.001088000019080937,
            0.0010322000016458333,
            0.0005639000446535647,
            0.000679899996612221
        ]
    }
}