{
    "model_name": "sklearn_knn_wrapper",
    "dataset": "breast_cancer",
    "hyperparameters": {
        "n_optimizer_calls": 25
    },
    "metrics": {
        "accuracy_mean": 0.9525689223057643,
        "accuracy_std": 0.03041274900290883,
        "train_time_mean": 6.17366962130036,
        "train_time_std": 0.44576704359043356,
        "predict_time_mean": 0.004745385402929969,
        "predict_time_std": 0.009077359691036613
    },
    "fold_metrics": {
        "accuracies": [
            0.8947368421052632,
            0.9824561403508771,
            1.0,
            0.9649122807017544,
            0.9824561403508771,
            0.9298245614035088,
            0.9298245614035088,
            0.9473684210526315,
            0.9298245614035088,
            0.9642857142857143
        ],
        "train_times": [
            5.8573930989950895,
            6.28106819599634,
            7.35117637400981,
            5.610467613005312,
            5.979925596999237,
            6.019088681001449,
            6.223081150994403,
            6.2478904650051845,
            6.290768118997221,
            5.87583691799955
        ],
        "predict_times": [
            0.005199749008170329,
            0.0010687559988582507,
            0.0012032670056214556,
            0.0011264250060776249,
            0.0010591500031296164,
            0.0016517240001121536,
            0.0017431290034437552,
            0.031745354004669935,
            0.0015416289970744401,
            0.0011146710021421313
        ]
    }
}