{
    "model_name": "sklearn_knn_wrapper",
    "dataset": "breast_cancer",
    "hyperparameters": {
        "n_optimizer_calls": 25
    },
    "metrics": {
        "accuracy_mean": 0.9437343358395991,
        "accuracy_std": 0.015413533834586466,
        "train_time_mean": 17.55689639000002,
        "train_time_std": 6.209289874089153,
        "predict_time_mean": 0.0017095700000027136,
        "predict_time_std": 0.0007286506063456264
    },
    "fold_metrics": {
        "accuracies": [
            0.9298245614035088,
            0.9473684210526315,
            0.9649122807017544,
            0.9649122807017544,
            0.9473684210526315,
            0.9473684210526315,
            0.9473684210526315,
            0.9122807017543859,
            0.9473684210526315,
            0.9285714285714286
        ],
        "train_times": [
            14.590993600000047,
            14.089173900000105,
            16.668369800000164,
            15.833793100000094,
            10.605739500000027,
            34.66876609999986,
            20.033598900000015,
            14.116150299999845,
            16.518473100000165,
            18.44390559999988
        ],
        "predict_times": [
            0.0035490000000208966,
            0.0010986999998294777,
            0.001522699999895849,
            0.0013599999999769352,
            0.0023118999999951484,
            0.0009844999999586435,
            0.0019701000001077773,
            0.0017196000001149514,
            0.001081900000144742,
            0.0014972999999827152
        ]
    }
}