{
    "model_name": "sklearn_knn_wrapper",
    "dataset": "breast_cancer",
    "hyperparameters": {
        "n_optimizer_calls": 10
    },
    "metrics": {
        "accuracy_mean": 0.9261591478696742,
        "accuracy_std": 0.020572022800938863,
        "train_time_mean": 0.6631995800009463,
        "train_time_std": 0.032460111166610295,
        "predict_time_mean": 0.0016396599992731353,
        "predict_time_std": 0.0002066949739903015
    }
}