{
    "model_name": "sklearn_knn_wrapper",
    "dataset": "breast_cancer",
    "hyperparameters": {
        "n_optimizer_calls": 25
    },
    "metrics": {
        "accuracy_mean": 0.9525689223057643,
        "accuracy_std": 0.03041274900290883,
        "train_time_mean": 6.18117469479912,
        "train_time_std": 0.299883579919717,
        "predict_time_mean": 0.004373221399146132,
        "predict_time_std": 0.007954045015512026
    },
    "fold_metrics": {
        "accuracies": [
            0.8947368421052632,
            0.9824561403508771,
            1.0,
            0.9649122807017544,
            0.9824561403508771,
            0.9298245614035088,
            0.9298245614035088,
            0.9473684210526315,
            0.9298245614035088,
            0.9642857142857143
        ],
        "train_times": [
            6.7850023259961745,
            6.256155737006338,
            6.375392230998841,
            5.60801766399527,
            5.983663873994374,
            6.068943297999795,
            6.22222739100107,
            6.1721797850041185,
            6.403773882993846,
            5.93639075900137
        ],
        "predict_times": [
            0.005112394996103831,
            0.0010456010058987886,
            0.0012129930109949782,
            0.0011244180059293285,
            0.0011683900083880872,
            0.0016632679908070713,
            0.001746344001730904,
            0.027984129992546514,
            0.0015418559924000874,
            0.0011328189866617322
        ]
    }
}