{
    "model_name": "parameterless_knn_spread_margin_clustering",
    "dataset": "credit_g",
    "hyperparameters": {
        "metric": "spread",
        "n_optimizer_calls": 25,
        "support_samples_method": "margin_clustering"
    },
    "metrics": {
        "accuracy_mean": 0.701,
        "accuracy_std": 0.0030000000000000022,
        "train_time_mean": 32.07263238000007,
        "train_time_std": 6.4269808430804725,
        "predict_time_mean": 0.40741175999992263,
        "predict_time_std": 0.13020978813301523
    },
    "fold_metrics": {
        "accuracies": [
            0.7,
            0.7,
            0.7,
            0.71,
            0.7,
            0.7,
            0.7,
            0.7,
            0.7,
            0.7
        ],
        "train_times": [
            31.5433587,
            32.752010300000165,
            48.662273800000094,
            32.01856110000017,
            37.56152099999963,
            28.238298300000224,
            29.75804620000008,
            26.46470959999988,
            26.089353700000174,
            27.638191100000313
        ],
        "predict_times": [
            0.4076763000000483,
            0.6846685999998954,
            0.4475150999999187,
            0.22755689999985407,
            0.5154373999998825,
            0.4398575999998684,
            0.43154309999999896,
            0.4057407999998759,
            0.2670675999997911,
            0.24705420000009326
        ]
    }
}