{
    "model_name": "parameterless_knn_convex_hull_inter_margin_clustering",
    "dataset": "credit_g",
    "hyperparameters": {
        "metric": "convex_hull_inter",
        "n_optimizer_calls": 25,
        "support_samples_method": "margin_clustering"
    },
    "metrics": {
        "accuracy_mean": 0.701,
        "accuracy_std": 0.0030000000000000022,
        "train_time_mean": 38.89718637999992,
        "train_time_std": 8.980781773811955,
        "predict_time_mean": 0.49038321000002727,
        "predict_time_std": 0.17577376740496622
    },
    "fold_metrics": {
        "accuracies": [
            0.7,
            0.7,
            0.7,
            0.71,
            0.7,
            0.7,
            0.7,
            0.7,
            0.7,
            0.7
        ],
        "train_times": [
            44.45794469999987,
            59.31406449999986,
            31.142481000000316,
            36.250847899999826,
            45.99628219999977,
            36.22990129999971,
            39.18460129999994,
            26.343625200000133,
            30.205396299999848,
            39.846719399999984
        ],
        "predict_times": [
            0.7317631000000802,
            0.6856328999997459,
            0.5437652000000526,
            0.4339621999997689,
            0.4135009000001446,
            0.5245764999999665,
            0.4202721000001475,
            0.38328009999986534,
            0.10047890000032567,
            0.6666002000001754
        ]
    }
}