{
    "model_name": "parameterless_knn_convex_hull_intra_margin_clustering",
    "dataset": "credit_g",
    "hyperparameters": {
        "metric": "convex_hull_intra",
        "n_optimizer_calls": 25,
        "support_samples_method": "margin_clustering"
    },
    "metrics": {
        "accuracy_mean": 0.702,
        "accuracy_std": 0.0040000000000000036,
        "train_time_mean": 32.14938764000001,
        "train_time_std": 4.630387317125644,
        "predict_time_mean": 0.4537232399999766,
        "predict_time_std": 0.16718124241792898
    },
    "fold_metrics": {
        "accuracies": [
            0.7,
            0.7,
            0.7,
            0.71,
            0.7,
            0.71,
            0.7,
            0.7,
            0.7,
            0.7
        ],
        "train_times": [
            39.00595999999996,
            40.22442849999993,
            27.748378799999955,
            28.818105600000308,
            35.44660459999977,
            34.320049800000106,
            29.852838799999972,
            30.778633999999784,
            25.58981780000022,
            29.709058500000083
        ],
        "predict_times": [
            0.7700406999999814,
            0.45028910000019096,
            0.3342929999998887,
            0.18455549999998766,
            0.4384239000000889,
            0.26780220000000554,
            0.43365959999982806,
            0.5490344999998342,
            0.4360639999999876,
            0.6730698999999731
        ]
    }
}