{
    "model_name": "parameterless_knn_convex_hull_intra_gabriel_graph",
    "dataset": "credit_g",
    "hyperparameters": {
        "metric": "convex_hull_intra",
        "n_optimizer_calls": 25,
        "support_samples_method": "gabriel_graph"
    },
    "metrics": {
        "accuracy_mean": 0.7,
        "accuracy_std": 0.0,
        "train_time_mean": 83.78915896999997,
        "train_time_std": 15.699794606113866,
        "predict_time_mean": 0.6982585399999153,
        "predict_time_std": 0.4289936592328854
    },
    "fold_metrics": {
        "accuracies": [
            0.7,
            0.7,
            0.7,
            0.7,
            0.7,
            0.7,
            0.7,
            0.7,
            0.7,
            0.7
        ],
        "train_times": [
            87.65741380000009,
            87.54434829999991,
            64.7020263999998,
            59.448220499999934,
            88.08130879999999,
            102.39763129999983,
            105.74209350000001,
            100.71359200000006,
            72.87580819999994,
            68.72914690000016
        ],
        "predict_times": [
            0.24082529999986946,
            0.32064919999993435,
            0.1592838000001393,
            0.46559339999976146,
            1.068562099999781,
            0.8619439999997667,
            0.8444524000001365,
            1.6758362999999008,
            0.644068900000093,
            0.7013699999997698
        ]
    }
}