{
    "model_name": "parameterless_knn_convex_hull_inter_gabriel_graph",
    "dataset": "credit_g",
    "hyperparameters": {
        "metric": "convex_hull_inter",
        "n_optimizer_calls": 25,
        "support_samples_method": "gabriel_graph"
    },
    "metrics": {
        "accuracy_mean": 0.7,
        "accuracy_std": 0.0,
        "train_time_mean": 81.70505233000002,
        "train_time_std": 11.703173462318041,
        "predict_time_mean": 0.5900395099999969,
        "predict_time_std": 0.228810594144824
    },
    "fold_metrics": {
        "accuracies": [
            0.7,
            0.7,
            0.7,
            0.7,
            0.7,
            0.7,
            0.7,
            0.7,
            0.7,
            0.7
        ],
        "train_times": [
            102.15296109999986,
            81.58480499999996,
            93.13739510000005,
            78.91429370000014,
            72.94559240000035,
            85.09125799999993,
            96.25406190000012,
            69.86982510000007,
            72.22314509999978,
            64.87718589999986
        ],
        "predict_times": [
            0.2672966999998607,
            0.5589433000000099,
            1.0128042999999707,
            0.46255999999993946,
            0.5041769999997996,
            0.8031224000001203,
            0.8360864000001129,
            0.7080565999999635,
            0.33789569999999003,
            0.40945270000020173
        ]
    }
}