{
    "model_name": "parameterless_knn_opposite_hyperplane_hnbf",
    "dataset": "credit_g",
    "hyperparameters": {
        "metric": "opposite_hyperplane",
        "n_optimizer_calls": 25,
        "support_samples_method": "hnbf"
    },
    "metrics": {
        "accuracy_mean": 0.7,
        "accuracy_std": 0.0,
        "train_time_mean": 30.21851300000005,
        "train_time_std": 6.83749905772643,
        "predict_time_mean": 0.5516258199999811,
        "predict_time_std": 0.17634310726070856
    },
    "fold_metrics": {
        "accuracies": [
            0.7,
            0.7,
            0.7,
            0.7,
            0.7,
            0.7,
            0.7,
            0.7,
            0.7,
            0.7
        ],
        "train_times": [
            47.01937269999985,
            27.295276100000137,
            30.203025300000263,
            34.48063470000034,
            32.48166900000024,
            30.45551750000004,
            26.461095399999977,
            28.07555239999965,
            19.233881499999825,
            26.479105400000208
        ],
        "predict_times": [
            0.5519046000003982,
            0.5619152999997823,
            0.37318809999987934,
            0.4209326999998666,
            0.5183272999997826,
            0.6662587000000713,
            0.9417143000000578,
            0.2704794999999649,
            0.6786302000000433,
            0.5329074999999648
        ]
    }
}