{
    "model_name": "parameterless_knn_silhouette_hnbf",
    "dataset": "credit_g",
    "hyperparameters": {
        "metric": "silhouette",
        "n_optimizer_calls": 25,
        "support_samples_method": "hnbf"
    },
    "metrics": {
        "accuracy_mean": 0.538,
        "accuracy_std": 0.18856298682403183,
        "train_time_mean": 29.652434359999983,
        "train_time_std": 4.617844580163565,
        "predict_time_mean": 0.4813120499999968,
        "predict_time_std": 0.1974527157770256
    },
    "fold_metrics": {
        "accuracies": [
            0.69,
            0.69,
            0.69,
            0.68,
            0.72,
            0.3,
            0.31,
            0.68,
            0.3,
            0.32
        ],
        "train_times": [
            35.596311099999866,
            29.85428060000004,
            28.36899769999991,
            33.192399199999954,
            36.221559599999864,
            27.125881899999968,
            34.03118020000011,
            24.621213500000067,
            23.489151700000093,
            24.02336809999997
        ],
        "predict_times": [
            0.9858615000000555,
            0.37563159999990603,
            0.4515440000000126,
            0.6257223000000067,
            0.3180734000002303,
            0.4671712999997908,
            0.2832635999998274,
            0.3589716999999837,
            0.5764834999999948,
            0.3703976000001603
        ]
    }
}