{
    "model_name": "parameterless_knn_opposite_hyperplane_gabriel_graph",
    "dataset": "credit_g",
    "hyperparameters": {
        "metric": "opposite_hyperplane",
        "n_optimizer_calls": 25,
        "support_samples_method": "gabriel_graph"
    },
    "metrics": {
        "accuracy_mean": 0.704,
        "accuracy_std": 0.008000000000000007,
        "train_time_mean": 79.25747251000003,
        "train_time_std": 6.394777209236735,
        "predict_time_mean": 0.47305518999992274,
        "predict_time_std": 0.3588147927909687
    },
    "fold_metrics": {
        "accuracies": [
            0.72,
            0.7,
            0.7,
            0.69,
            0.7,
            0.71,
            0.7,
            0.7,
            0.71,
            0.71
        ],
        "train_times": [
            70.59234430000015,
            86.02565770000001,
            78.13559420000001,
            82.9366930000001,
            86.73241240000016,
            85.63593760000003,
            82.67096829999991,
            78.52593680000018,
            67.77429069999971,
            73.54489009999998
        ],
        "predict_times": [
            0.32572799999979907,
            0.449965599999814,
            0.15299110000023575,
            0.719037599999865,
            0.7930787999998756,
            1.267348899999888,
            0.26776269999982105,
            0.08927200000016455,
            0.0679826000000503,
            0.5973845999997138
        ]
    }
}