{
    "model_name": "parameterless_knn_silhouette_margin_clustering",
    "dataset": "credit_g",
    "hyperparameters": {
        "metric": "silhouette",
        "n_optimizer_calls": 25,
        "support_samples_method": "margin_clustering"
    },
    "metrics": {
        "accuracy_mean": 0.724,
        "accuracy_std": 0.02939387691339813,
        "train_time_mean": 31.265890910000007,
        "train_time_std": 5.131352452076251,
        "predict_time_mean": 0.45621748000000933,
        "predict_time_std": 0.2654482799398157
    },
    "fold_metrics": {
        "accuracies": [
            0.67,
            0.72,
            0.68,
            0.72,
            0.74,
            0.74,
            0.75,
            0.71,
            0.77,
            0.74
        ],
        "train_times": [
            39.04078719999984,
            28.745472199999995,
            29.369988499999863,
            39.683605700000044,
            35.02721200000019,
            31.826237299999775,
            31.991325599999982,
            27.651272399999925,
            26.500633200000266,
            22.822375000000193
        ],
        "predict_times": [
            0.4765914000001885,
            0.5437208999999257,
            0.3805876999999782,
            1.1662284999999883,
            0.20265800000015588,
            0.5070608000000902,
            0.19404050000002826,
            0.2402674999998453,
            0.46146730000009484,
            0.3895521999997982
        ]
    }
}