{
    "model_name": "parameterless_knn_dissimilarity_hnbf",
    "dataset": "credit_g",
    "hyperparameters": {
        "metric": "dissimilarity",
        "n_optimizer_calls": 25,
        "support_samples_method": "hnbf"
    },
    "metrics": {
        "accuracy_mean": 0.7,
        "accuracy_std": 0.0,
        "train_time_mean": 35.66280078999996,
        "train_time_std": 8.478619609180015,
        "predict_time_mean": 0.4394429900000659,
        "predict_time_std": 0.17137597020660608
    },
    "fold_metrics": {
        "accuracies": [
            0.7,
            0.7,
            0.7,
            0.7,
            0.7,
            0.7,
            0.7,
            0.7,
            0.7,
            0.7
        ],
        "train_times": [
            56.6640304,
            42.264715399999886,
            28.036002000000053,
            29.283116899999868,
            39.05001939999988,
            37.929512799999884,
            33.55049110000027,
            32.47497769999973,
            30.53440580000006,
            26.84073639999997
        ],
        "predict_times": [
            0.6793973999999707,
            0.5089536000000408,
            0.3202039000000241,
            0.3892895999999837,
            0.8005324000000655,
            0.22744890000012674,
            0.40733200000022407,
            0.4412862999997742,
            0.3583553000003121,
            0.26163050000013754
        ]
    }
}