{
    "model_name": "parameterless_knn_silhouette_gabriel_graph",
    "dataset": "credit_g",
    "hyperparameters": {
        "metric": "silhouette",
        "n_optimizer_calls": 25,
        "support_samples_method": "gabriel_graph"
    },
    "metrics": {
        "accuracy_mean": 0.346,
        "accuracy_std": 0.12483589227461789,
        "train_time_mean": 98.18279698000003,
        "train_time_std": 18.843220723395756,
        "predict_time_mean": 0.6207613400000127,
        "predict_time_std": 0.1905129501209806
    },
    "fold_metrics": {
        "accuracies": [
            0.72,
            0.3,
            0.3,
            0.3,
            0.3,
            0.3,
            0.31,
            0.31,
            0.3,
            0.32
        ],
        "train_times": [
            83.80413120000003,
            115.20432060000007,
            114.91296250000005,
            80.0904129999999,
            86.04716550000012,
            130.11461929999996,
            121.62985330000038,
            86.42502779999995,
            76.54498130000002,
            87.05449529999987
        ],
        "predict_times": [
            0.8002162000000226,
            0.6049770999998145,
            0.5159158000001298,
            0.6049502000000757,
            0.6967518999999811,
            0.8820517999997719,
            0.2164265000001251,
            0.5437470000001667,
            0.8592843999999786,
            0.4832925000000614
        ]
    }
}