{
    "model_name": "parameterless_knn_convex_hull_intra_hnbf",
    "dataset": "credit_g",
    "hyperparameters": {
        "metric": "convex_hull_intra",
        "n_optimizer_calls": 25,
        "support_samples_method": "hnbf"
    },
    "metrics": {
        "accuracy_mean": 0.7,
        "accuracy_std": 0.0,
        "train_time_mean": 30.871473020000007,
        "train_time_std": 5.276015203916694,
        "predict_time_mean": 0.6354352299999846,
        "predict_time_std": 0.2650163509729488
    },
    "fold_metrics": {
        "accuracies": [
            0.7,
            0.7,
            0.7,
            0.7,
            0.7,
            0.7,
            0.7,
            0.7,
            0.7,
            0.7
        ],
        "train_times": [
            39.318392299999914,
            40.343278700000155,
            23.309102300000177,
            28.232546199999888,
            30.771115899999586,
            34.56989790000034,
            27.150590100000045,
            29.79462220000005,
            28.87964159999956,
            26.34554300000036
        ],
        "predict_times": [
            1.0791165999999066,
            0.30169370000021445,
            0.3643167000000176,
            0.39519830000017464,
            0.7756772999996429,
            0.34164800000007745,
            0.604678100000001,
            0.9571241999997255,
            0.8613029000002825,
            0.6735964999998032
        ]
    }
}