{
    "model_name": "parameterless_knn_dissimilarity_gabriel_graph",
    "dataset": "credit_g",
    "hyperparameters": {
        "metric": "dissimilarity",
        "n_optimizer_calls": 25,
        "support_samples_method": "gabriel_graph"
    },
    "metrics": {
        "accuracy_mean": 0.704,
        "accuracy_std": 0.00489897948556636,
        "train_time_mean": 97.98856591999996,
        "train_time_std": 16.97328491466309,
        "predict_time_mean": 0.5651005699999587,
        "predict_time_std": 0.2271467942509364
    },
    "fold_metrics": {
        "accuracies": [
            0.7,
            0.71,
            0.7,
            0.7,
            0.7,
            0.71,
            0.7,
            0.7,
            0.71,
            0.71
        ],
        "train_times": [
            98.08112200000005,
            115.87102829999981,
            118.38067189999992,
            83.39468459999989,
            92.2883554,
            94.24317599999995,
            129.135577,
            88.52948470000001,
            70.55682009999964,
            89.40473920000022
        ],
        "predict_times": [
            0.7064728999998806,
            0.45438430000012886,
            0.5022149999999783,
            0.3750365000000784,
            0.3864534999997886,
            1.101887099999658,
            0.8284773000000314,
            0.45708920000015496,
            0.42795609999984663,
            0.4110338000000411
        ]
    }
}