{
    "model_name": "parameterless_knn_spread_gabriel_graph",
    "dataset": "credit_g",
    "hyperparameters": {
        "metric": "spread",
        "n_optimizer_calls": 25,
        "support_samples_method": "gabriel_graph"
    },
    "metrics": {
        "accuracy_mean": 0.7,
        "accuracy_std": 0.0,
        "train_time_mean": 83.28552748999994,
        "train_time_std": 15.623348086315959,
        "predict_time_mean": 0.6917868199999703,
        "predict_time_std": 0.3547304041382614
    },
    "fold_metrics": {
        "accuracies": [
            0.7,
            0.7,
            0.7,
            0.7,
            0.7,
            0.7,
            0.7,
            0.7,
            0.7,
            0.7
        ],
        "train_times": [
            82.40091310000003,
            86.54370440000002,
            70.21463320000021,
            65.43057739999995,
            62.66478229999984,
            99.97882290000007,
            115.93713279999974,
            91.51480679999986,
            84.8653046999998,
            73.30459729999984
        ],
        "predict_times": [
            0.7768101999999999,
            0.6590693999996802,
            0.274249300000065,
            0.7473923000002287,
            0.6351757000002181,
            1.0840951000000132,
            1.2709036999999626,
            1.0016504999998688,
            0.053366799999821524,
            0.4151551999998446
        ]
    }
}