{
    "model_name": "parameterless_knn_spread_hnbf",
    "dataset": "credit_g",
    "hyperparameters": {
        "metric": "spread",
        "n_optimizer_calls": 25,
        "support_samples_method": "hnbf"
    },
    "metrics": {
        "accuracy_mean": 0.7,
        "accuracy_std": 0.0,
        "train_time_mean": 33.41444472999992,
        "train_time_std": 4.273656728047345,
        "predict_time_mean": 0.5381744900000285,
        "predict_time_std": 0.3148564176440247
    },
    "fold_metrics": {
        "accuracies": [
            0.7,
            0.7,
            0.7,
            0.7,
            0.7,
            0.7,
            0.7,
            0.7,
            0.7,
            0.7
        ],
        "train_times": [
            37.09077469999988,
            34.6318232000001,
            38.31054459999996,
            41.571090699999786,
            28.841609099999914,
            29.80551229999992,
            30.545092099999692,
            34.58305500000006,
            28.64298319999989,
            30.12196240000003
        ],
        "predict_times": [
            0.3382798999998613,
            1.3631494000001112,
            0.8089477999999417,
            0.2516482000000906,
            0.392819099999997,
            0.25797330000023067,
            0.5199856999997792,
            0.5305234000002201,
            0.4972047000001112,
            0.42121339999994234
        ]
    }
}