{
    "model_name": "parameterless_knn_convex_hull_inter_hnbf",
    "dataset": "credit_g",
    "hyperparameters": {
        "metric": "convex_hull_inter",
        "n_optimizer_calls": 25,
        "support_samples_method": "hnbf"
    },
    "metrics": {
        "accuracy_mean": 0.7,
        "accuracy_std": 0.0,
        "train_time_mean": 30.942840680000018,
        "train_time_std": 4.024681437100691,
        "predict_time_mean": 0.3797579700000142,
        "predict_time_std": 0.22726662125809335
    },
    "fold_metrics": {
        "accuracies": [
            0.7,
            0.7,
            0.7,
            0.7,
            0.7,
            0.7,
            0.7,
            0.7,
            0.7,
            0.7
        ],
        "train_times": [
            35.55174050000005,
            40.216172800000095,
            31.32749150000018,
            25.964281499999743,
            26.86901119999993,
            29.98361440000008,
            31.505540399999973,
            27.807236500000272,
            30.705783699999756,
            29.497534300000098
        ],
        "predict_times": [
            0.3474997999999232,
            0.9867859999999382,
            0.18049680000012813,
            0.2569616999999198,
            0.20872879999978977,
            0.5518100999997841,
            0.34104900000011185,
            0.40130820000013046,
            0.22027710000020306,
            0.3026622000002135
        ]
    }
}