{
    "model_name": "parameterless_knn_dissimilarity_margin_clustering",
    "dataset": "credit_g",
    "hyperparameters": {
        "metric": "dissimilarity",
        "n_optimizer_calls": 25,
        "support_samples_method": "margin_clustering"
    },
    "metrics": {
        "accuracy_mean": 0.723,
        "accuracy_std": 0.014177446878757839,
        "train_time_mean": 33.78424672000001,
        "train_time_std": 7.0873265125853715,
        "predict_time_mean": 0.45494286000009654,
        "predict_time_std": 0.29873614490793765
    },
    "fold_metrics": {
        "accuracies": [
            0.73,
            0.71,
            0.72,
            0.72,
            0.73,
            0.7,
            0.71,
            0.74,
            0.72,
            0.75
        ],
        "train_times": [
            47.00040779999995,
            30.601038199999948,
            30.008342099999936,
            36.900586700000076,
            44.4702878999999,
            28.417843300000186,
            37.93553629999997,
            30.012965899999926,
            27.904458299999988,
            24.591000700000222
        ],
        "predict_times": [
            0.12638990000004924,
            1.2083706999999322,
            0.4471304000001055,
            0.6851309999999557,
            0.33919550000018717,
            0.5865935000001627,
            0.18664940000007846,
            0.3461378000001787,
            0.24741100000028382,
            0.3764194000000316
        ]
    }
}