{
    "model_name": "parameterless_knn_opposite_hyperplane_margin_clustering",
    "dataset": "credit_g",
    "hyperparameters": {
        "metric": "opposite_hyperplane",
        "n_optimizer_calls": 25,
        "support_samples_method": "margin_clustering"
    },
    "metrics": {
        "accuracy_mean": 0.711,
        "accuracy_std": 0.01757839583124696,
        "train_time_mean": 28.347331370000006,
        "train_time_std": 3.5895456624633337,
        "predict_time_mean": 0.47962039999997613,
        "predict_time_std": 0.23213952821017875
    },
    "fold_metrics": {
        "accuracies": [
            0.71,
            0.72,
            0.7,
            0.71,
            0.7,
            0.7,
            0.7,
            0.7,
            0.76,
            0.71
        ],
        "train_times": [
            35.964632200000096,
            24.987467599999945,
            27.76103239999975,
            28.20973529999992,
            32.920094399999925,
            27.133865100000094,
            28.611794800000098,
            27.899450500000057,
            22.34570010000016,
            27.63954130000002
        ],
        "predict_times": [
            0.29554959999995845,
            0.37007390000007945,
            0.21701979999988907,
            0.5975412999996479,
            0.3485955000001013,
            0.3560373999998774,
            1.0330438000000868,
            0.7255959999997685,
            0.4776006000001871,
            0.37514610000016546
        ]
    }
}