{
    "model_name": "sklearn_knn_wrapper",
    "dataset": "credit_g",
    "hyperparameters": {
        "n_optimizer_calls": 10
    },
    "metrics": {
        "accuracy_mean": 0.717,
        "accuracy_std": 0.012688577540449532,
        "train_time_mean": 2.074957259999792,
        "train_time_std": 0.3537676836686888,
        "predict_time_mean": 0.03034765000047628,
        "predict_time_std": 0.04278869901213906
    }
}