{
    "model_name": "sklearn_knn_wrapper",
    "dataset": "credit_g",
    "hyperparameters": {
        "n_optimizer_calls": 25
    },
    "metrics": {
        "accuracy_mean": 0.7230000000000001,
        "accuracy_std": 0.027221315177632384,
        "train_time_mean": 86.62140606999996,
        "train_time_std": 47.3945481644338,
        "predict_time_mean": 0.5077829000000292,
        "predict_time_std": 0.5713443204722315
    },
    "fold_metrics": {
        "accuracies": [
            0.72,
            0.67,
            0.72,
            0.68,
            0.74,
            0.75,
            0.74,
            0.72,
            0.73,
            0.76
        ],
        "train_times": [
            81.27897299999995,
            121.33618590000015,
            153.86916440000005,
            172.82461569999987,
            88.68850759999987,
            91.13369509999984,
            45.840072399999826,
            49.27247750000015,
            29.97313609999992,
            31.99723300000005
        ],
        "predict_times": [
            1.0694269000000531,
            0.3868784000001142,
            1.3441827999999987,
            1.6024476999996295,
            0.1842329000000973,
            0.028955900000255497,
            0.04805510000005597,
            0.006794400000217138,
            0.3690507000001162,
            0.03780419999975493
        ]
    }
}