{
    "model_name": "parameterless_knn_convex_hull_inter",
    "dataset": "ionosphere",
    "hyperparameters": {
        "metric": "convex_hull_inter",
        "n_optimizer_calls": 25
    },
    "metrics": {
        "accuracy_mean": 0.680873015873016,
        "accuracy_std": 0.03357142857142858,
        "train_time_mean": 7.540882155700819,
        "train_time_std": 1.2721608999814558,
        "predict_time_mean": 0.020267144101671873,
        "predict_time_std": 0.016373981610808185
    },
    "fold_metrics": {
        "accuracies": [
            0.6944444444444444,
            0.7428571428571429,
            0.6571428571428571,
            0.6571428571428571,
            0.7142857142857143,
            0.7142857142857143,
            0.6571428571428571,
            0.6571428571428571,
            0.6285714285714286,
            0.6857142857142857
        ],
        "train_times": [
            6.973045639999327,
            8.362524305994157,
            6.116279635010869,
            7.618739997007651,
            7.711404029003461,
            6.387628188997041,
            10.164232740004081,
            9.020272125999327,
            7.104714156987029,
            5.949980738005252
        ],
        "predict_times": [
            0.0059103240055264905,
            0.044124349995399825,
            0.024402558992733248,
            0.041383911011507735,
            0.03122288399026729,
            0.0028249419992789626,
            0.006431071000406519,
            0.03782762600167189,
            0.006143529011751525,
            0.0024002450081752613
        ]
    }
}