{
    "model_name": "parameterless_knn_convex_hull_intra_hnbf",
    "dataset": "ionosphere",
    "hyperparameters": {
        "metric": "convex_hull_intra",
        "n_optimizer_calls": 25,
        "support_samples_method": "hnbf"
    },
    "metrics": {
        "accuracy_mean": 0.7803968253968254,
        "accuracy_std": 0.08224769017840282,
        "train_time_mean": 22.666491669998504,
        "train_time_std": 1.9084299251870018,
        "predict_time_mean": 0.43660586000769397,
        "predict_time_std": 0.07195240223039376
    },
    "fold_metrics": {
        "accuracies": [
            0.8611111111111112,
            0.6,
            0.8571428571428571,
            0.7714285714285715,
            0.7714285714285715,
            0.7428571428571429,
            0.8,
            0.8571428571428571,
            0.6857142857142857,
            0.8571428571428571
        ],
        "train_times": [
            21.989860099973157,
            22.915058900020085,
            19.70829739997862,
            20.897037799993996,
            20.729867700021714,
            24.800057900021784,
            23.475335699971765,
            25.294983600033447,
            21.55686730000889,
            25.297550299961586
        ],
        "predict_times": [
            0.35309490002691746,
            0.38979099999414757,
            0.44251809996785596,
            0.27849749999586493,
            0.5175087000243366,
            0.5131344000110403,
            0.45826590002980083,
            0.4983739000163041,
            0.46046580001711845,
            0.45440839999355376
        ]
    }
}