{
    "model_name": "parameterless_knn_opposite_hyperplane",
    "dataset": "ionosphere",
    "hyperparameters": {
        "metric": "opposite_hyperplane",
        "n_optimizer_calls": 25
    },
    "metrics": {
        "accuracy_mean": 0.8603968253968255,
        "accuracy_std": 0.05181567277936502,
        "train_time_mean": 4.451814118598122,
        "train_time_std": 0.10571271953545268,
        "predict_time_mean": 0.001967594597954303,
        "predict_time_std": 0.00019141967954626658
    },
    "fold_metrics": {
        "accuracies": [
            0.8611111111111112,
            0.8,
            0.8857142857142857,
            0.9142857142857143,
            0.8571428571428571,
            0.8,
            0.7714285714285715,
            0.9428571428571428,
            0.8857142857142857,
            0.8857142857142857
        ],
        "train_times": [
            4.639186579006491,
            4.4805743519973475,
            4.529449844994815,
            4.461338606997742,
            4.441846131987404,
            4.474893152000732,
            4.196632570994552,
            4.451986814005068,
            4.388993016997119,
            4.45324011699995
        ],
        "predict_times": [
            0.002480195995303802,
            0.001785107990144752,
            0.0019900329934898764,
            0.0019462599884718657,
            0.0019721879943972453,
            0.00193618300545495,
            0.0017082749982364476,
            0.0019362729944987223,
            0.0019663980056066066,
            0.0019550320139387622
        ]
    }
}