{
    "model_name": "parameterless_knn_silhouette_margin_clustering",
    "dataset": "ionosphere",
    "hyperparameters": {
        "metric": "silhouette",
        "n_optimizer_calls": 25,
        "support_samples_method": "margin_clustering"
    },
    "metrics": {
        "accuracy_mean": 0.5860317460317461,
        "accuracy_std": 0.20698899595013365,
        "train_time_mean": 19.69275999001111,
        "train_time_std": 1.0286700176318122,
        "predict_time_mean": 0.40176328999805266,
        "predict_time_std": 0.061977513169740865
    },
    "fold_metrics": {
        "accuracies": [
            0.8888888888888888,
            0.4,
            0.7714285714285715,
            0.5714285714285714,
            0.8285714285714286,
            0.8285714285714286,
            0.37142857142857144,
            0.4,
            0.4,
            0.4
        ],
        "train_times": [
            20.634970600018278,
            21.000277300016023,
            19.21336930000689,
            17.997764600033406,
            19.344960499962326,
            18.274921000003815,
            18.999777499993797,
            20.966322400025092,
            20.374660600034986,
            20.12057610001648
        ],
        "predict_times": [
            0.43128110002726316,
            0.361741799977608,
            0.30833530001109466,
            0.48060739994980395,
            0.4083705000230111,
            0.44502680003643036,
            0.3296859000110999,
            0.34369110001716763,
            0.4046470999601297,
            0.5042458999669179
        ]
    }
}