{
    "model_name": "parameterless_knn_convex_hull_inter_margin_clustering",
    "dataset": "ionosphere",
    "hyperparameters": {
        "metric": "convex_hull_inter",
        "n_optimizer_calls": 25,
        "support_samples_method": "margin_clustering"
    },
    "metrics": {
        "accuracy_mean": 0.6950000000000001,
        "accuracy_std": 0.037259432444985655,
        "train_time_mean": 29.832159770000725,
        "train_time_std": 4.582935940150443,
        "predict_time_mean": 0.44851218999247067,
        "predict_time_std": 0.050203697695981556
    },
    "fold_metrics": {
        "accuracies": [
            0.75,
            0.7428571428571429,
            0.6857142857142857,
            0.6571428571428571,
            0.7428571428571429,
            0.7142857142857143,
            0.6571428571428571,
            0.6571428571428571,
            0.6571428571428571,
            0.6857142857142857
        ],
        "train_times": [
            24.130080899980385,
            28.64868420001585,
            25.160984799964353,
            26.972727600019425,
            37.306277700001374,
            37.65150870004436,
            34.206790199968964,
            27.652804200013634,
            28.80107240000507,
            27.790666999993846
        ],
        "predict_times": [
            0.3988497999962419,
            0.4596595999901183,
            0.396219199988991,
            0.48225250001996756,
            0.4446367000346072,
            0.4516542999772355,
            0.49882869998691604,
            0.503858299984131,
            0.3472013999707997,
            0.5019613999756984
        ]
    }
}