{
    "model_name": "parameterless_knn_dissimilarity",
    "dataset": "ionosphere",
    "hyperparameters": {
        "metric": "dissimilarity",
        "n_optimizer_calls": 25
    },
    "metrics": {
        "accuracy_mean": 0.6523809523809525,
        "accuracy_std": 0.01768969106762544,
        "train_time_mean": 2.2773932020005305,
        "train_time_std": 0.022533677714697015,
        "predict_time_mean": 0.0022940812006709164,
        "predict_time_std": 0.0002050624702576615
    },
    "fold_metrics": {
        "accuracies": [
            0.6666666666666666,
            0.6857142857142857,
            0.6571428571428571,
            0.6571428571428571,
            0.6571428571428571,
            0.6285714285714286,
            0.6571428571428571,
            0.6285714285714286,
            0.6285714285714286,
            0.6571428571428571
        ],
        "train_times": [
            2.321073366998462,
            2.2767334050004138,
            2.2518632100109244,
            2.2914238590019522,
            2.288208936995943,
            2.2562693819927517,
            2.272057968992158,
            2.2917898849991616,
            2.2391969520103885,
            2.2853150540031493
        ],
        "predict_times": [
            0.0022394809930119663,
            0.0022364030010066926,
            0.0022251470072660595,
            0.00224366900511086,
            0.0021953239920549095,
            0.0022121060028439388,
            0.0029066569986753166,
            0.0022568599961232394,
            0.0021965610067127272,
            0.002228604003903456
        ]
    }
}