{
    "model_name": "parameterless_knn_convex_hull_inter_hnbf",
    "dataset": "ionosphere",
    "hyperparameters": {
        "metric": "convex_hull_inter",
        "n_optimizer_calls": 25,
        "support_samples_method": "hnbf"
    },
    "metrics": {
        "accuracy_mean": 0.768968253968254,
        "accuracy_std": 0.07215542873333655,
        "train_time_mean": 20.909422330011147,
        "train_time_std": 2.77656153040145,
        "predict_time_mean": 0.4403582499944605,
        "predict_time_std": 0.04286861418469592
    },
    "fold_metrics": {
        "accuracies": [
            0.8611111111111112,
            0.6285714285714286,
            0.8285714285714286,
            0.7142857142857143,
            0.8,
            0.7714285714285715,
            0.8,
            0.7428571428571429,
            0.6857142857142857,
            0.8571428571428571
        ],
        "train_times": [
            28.47240030003013,
            20.098462799971458,
            19.48282710002968,
            19.201111899979878,
            20.007898000010755,
            18.110326700028963,
            19.59320130001288,
            21.357248399988748,
            20.11073180002859,
            22.6600150000304
        ],
        "predict_times": [
            0.4251590999774635,
            0.4591573000070639,
            0.45890279999002814,
            0.35443810001015663,
            0.45809749996988103,
            0.4369630999863148,
            0.44181320001371205,
            0.5318176000146195,
            0.43324699997901917,
            0.40398679999634624
        ]
    }
}