{
    "model_name": "parameterless_knn_dissimilarity_gabriel_graph",
    "dataset": "ionosphere",
    "hyperparameters": {
        "metric": "dissimilarity",
        "n_optimizer_calls": 25,
        "support_samples_method": "gabriel_graph"
    },
    "metrics": {
        "accuracy_mean": 0.7803174603174604,
        "accuracy_std": 0.06448118430404097,
        "train_time_mean": 30.858912900002906,
        "train_time_std": 4.324897083073302,
        "predict_time_mean": 0.4052144100016449,
        "predict_time_std": 0.04205697075079827
    },
    "fold_metrics": {
        "accuracies": [
            0.8888888888888888,
            0.7428571428571429,
            0.7142857142857143,
            0.7714285714285715,
            0.8,
            0.8285714285714286,
            0.7142857142857143,
            0.7428571428571429,
            0.7142857142857143,
            0.8857142857142857
        ],
        "train_times": [
            21.404444199986756,
            27.365075599984266,
            32.10732010001084,
            32.71246040001279,
            28.418769300042186,
            38.44618759996956,
            29.296891500009224,
            33.19485689996509,
            32.00371470005484,
            33.63940869999351
        ],
        "predict_times": [
            0.37588519998826087,
            0.37273719999939203,
            0.4544559000059962,
            0.42231739999260753,
            0.3564737999695353,
            0.4807892999961041,
            0.4046937000239268,
            0.34097469999687746,
            0.43382640002528206,
            0.40999050001846626
        ]
    }
}