{
    "model_name": "parameterless_knn_silhouette_hnbf",
    "dataset": "ionosphere",
    "hyperparameters": {
        "metric": "silhouette",
        "n_optimizer_calls": 25,
        "support_samples_method": "hnbf"
    },
    "metrics": {
        "accuracy_mean": 0.8518253968253969,
        "accuracy_std": 0.03086893513651844,
        "train_time_mean": 17.07718273999053,
        "train_time_std": 0.8442173622465241,
        "predict_time_mean": 0.39568486999487507,
        "predict_time_std": 0.052136882708472006
    },
    "fold_metrics": {
        "accuracies": [
            0.8611111111111112,
            0.8285714285714286,
            0.8857142857142857,
            0.8285714285714286,
            0.8285714285714286,
            0.8285714285714286,
            0.8285714285714286,
            0.9142857142857143,
            0.8285714285714286,
            0.8857142857142857
        ],
        "train_times": [
            16.541309599997476,
            18.529895599989686,
            18.22618619998684,
            16.484037999995053,
            15.490581599995494,
            17.173995499964803,
            17.07886150002014,
            16.690607999975327,
            17.665829000005033,
            16.890522399975453
        ],
        "predict_times": [
            0.41128759999992326,
            0.4051884000073187,
            0.45276519999606535,
            0.34853100002510473,
            0.3599422999541275,
            0.305928900022991,
            0.47591479995753616,
            0.3657264999928884,
            0.4598917000112124,
            0.3716722999815829
        ]
    }
}