{
    "model_name": "parameterless_knn_opposite_hyperplane_hnbf",
    "dataset": "ionosphere",
    "hyperparameters": {
        "metric": "opposite_hyperplane",
        "n_optimizer_calls": 25,
        "support_samples_method": "hnbf"
    },
    "metrics": {
        "accuracy_mean": 0.849047619047619,
        "accuracy_std": 0.04597396482985634,
        "train_time_mean": 16.360403389990097,
        "train_time_std": 0.7702085924132961,
        "predict_time_mean": 0.4033265400095843,
        "predict_time_std": 0.05116910776518313
    },
    "fold_metrics": {
        "accuracies": [
            0.8333333333333334,
            0.7428571428571429,
            0.8571428571428571,
            0.8857142857142857,
            0.8857142857142857,
            0.8285714285714286,
            0.8285714285714286,
            0.8857142857142857,
            0.8285714285714286,
            0.9142857142857143
        ],
        "train_times": [
            17.899039199983235,
            16.73874880000949,
            15.103187599976081,
            15.993320699955802,
            15.932780199975241,
            16.098655199981295,
            16.521847299998626,
            15.485605099995155,
            16.761284600012004,
            17.06956520001404
        ],
        "predict_times": [
            0.3360260000335984,
            0.3663585999747738,
            0.42674530000658706,
            0.3536718000541441,
            0.40864620002685115,
            0.33848989999387413,
            0.4990397999645211,
            0.4112992000300437,
            0.45317120000254363,
            0.4398174000089057
        ]
    }
}