{
    "model_name": "parameterless_knn_convex_hull_intra",
    "dataset": "ionosphere",
    "hyperparameters": {
        "metric": "convex_hull_intra",
        "n_optimizer_calls": 25
    },
    "metrics": {
        "accuracy_mean": 0.6891269841269841,
        "accuracy_std": 0.05146878938909619,
        "train_time_mean": 6.2016980697997495,
        "train_time_std": 0.7428306096874647,
        "predict_time_mean": 0.025819374498678372,
        "predict_time_std": 0.017900593252262773
    },
    "fold_metrics": {
        "accuracies": [
            0.8055555555555556,
            0.7428571428571429,
            0.6857142857142857,
            0.6571428571428571,
            0.7142857142857143,
            0.6857142857142857,
            0.6571428571428571,
            0.6285714285714286,
            0.6285714285714286,
            0.6857142857142857
        ],
        "train_times": [
            5.6967985890078126,
            5.784439939990989,
            6.406734704010887,
            5.15373646900116,
            7.544305049988907,
            7.153740180991008,
            6.568426312005613,
            5.1645229190035025,
            6.173248046005028,
            6.371028487992589
        ],
        "predict_times": [
            0.0129242080001859,
            0.0026582419959595427,
            0.04358455800684169,
            0.006164777994854376,
            0.025766423001186922,
            0.0521399089921033,
            0.02779256200301461,
            0.039888259998406284,
            0.0024765689886407927,
            0.0447982360055903
        ]
    }
}