{
    "model_name": "parameterless_knn_dissimilarity_margin_clustering",
    "dataset": "ionosphere",
    "hyperparameters": {
        "metric": "dissimilarity",
        "n_optimizer_calls": 25,
        "support_samples_method": "margin_clustering"
    },
    "metrics": {
        "accuracy_mean": 0.7661111111111112,
        "accuracy_std": 0.04823941144258014,
        "train_time_mean": 26.7440346999967,
        "train_time_std": 2.7439427722164456,
        "predict_time_mean": 0.4361879199917894,
        "predict_time_std": 0.028544901972437663
    },
    "fold_metrics": {
        "accuracies": [
            0.8611111111111112,
            0.7142857142857143,
            0.7714285714285715,
            0.7428571428571429,
            0.8,
            0.7714285714285715,
            0.7428571428571429,
            0.7142857142857143,
            0.7142857142857143,
            0.8285714285714286
        ],
        "train_times": [
            19.50048250000691,
            26.3397276000469,
            25.572603299980983,
            26.043786499998532,
            26.513778600026853,
            27.808889799984172,
            29.49028069997439,
            28.657593499985524,
            29.147589900007006,
            28.365614599955734
        ],
        "predict_times": [
            0.4738289999659173,
            0.44674760004272684,
            0.4544360999716446,
            0.3825337999733165,
            0.4224314999883063,
            0.43593109998619184,
            0.41407499997876585,
            0.46735730004729703,
            0.4616581999580376,
            0.40287960000569
        ]
    }
}