{
    "model_name": "parameterless_knn_silhouette",
    "dataset": "ionosphere",
    "hyperparameters": {
        "metric": "silhouette",
        "n_optimizer_calls": 25
    },
    "metrics": {
        "accuracy_mean": 0.7146825396825397,
        "accuracy_std": 0.2358495283014151,
        "train_time_mean": 4.786404853600834,
        "train_time_std": 0.27998478577805214,
        "predict_time_mean": 0.0019042487008846364,
        "predict_time_std": 0.00010397857663836092
    },
    "fold_metrics": {
        "accuracies": [
            0.8611111111111112,
            0.37142857142857144,
            0.8857142857142857,
            0.9142857142857143,
            0.34285714285714286,
            0.8,
            0.7714285714285715,
            0.9428571428571428,
            0.37142857142857144,
            0.8857142857142857
        ],
        "train_times": [
            5.549590836002608,
            4.866275474996655,
            4.560670602993923,
            4.767350932001136,
            4.849002282993752,
            4.851906616007909,
            4.644999612006359,
            4.622843315999489,
            4.578667979003512,
            4.572740884002997
        ],
        "predict_times": [
            0.0019279099942650646,
            0.0020227200002409518,
            0.0019362759921932593,
            0.0019291890057502314,
            0.0017433629982406273,
            0.0019248370081186295,
            0.0020348640100564808,
            0.0018761999963317066,
            0.0019552779995137826,
            0.001691850004135631
        ]
    }
}