{
    "model_name": "parameterless_knn_opposite_hyperplane",
    "dataset": "ionosphere",
    "hyperparameters": {
        "metric": "opposite_hyperplane",
        "n_optimizer_calls": 25
    },
    "metrics": {
        "accuracy_mean": 0.8603968253968255,
        "accuracy_std": 0.05181567277936502,
        "train_time_mean": 4.427579627398518,
        "train_time_std": 0.10584104093006953,
        "predict_time_mean": 0.0018713380020926706,
        "predict_time_std": 9.663400625697997e-05
    },
    "fold_metrics": {
        "accuracies": [
            0.8611111111111112,
            0.8,
            0.8857142857142857,
            0.9142857142857143,
            0.8571428571428571,
            0.8,
            0.7714285714285715,
            0.9428571428571428,
            0.8857142857142857,
            0.8857142857142857
        ],
        "train_times": [
            4.53271502199641,
            4.425294639993808,
            4.50803677100339,
            4.502246017000289,
            4.361354109001695,
            4.5086261489923345,
            4.154286238001077,
            4.409759571994073,
            4.3994079749973025,
            4.4740697810048005
        ],
        "predict_times": [
            0.0019711750064743683,
            0.0019492870051180944,
            0.0019314429955556989,
            0.00187495700083673,
            0.0018823169957613572,
            0.0016626279975753278,
            0.0019117579940939322,
            0.001711697012069635,
            0.0019148450082866475,
            0.0019032730051549152
        ]
    }
}