{
    "model_name": "parameterless_knn_dissimilarity",
    "dataset": "ionosphere",
    "hyperparameters": {
        "metric": "dissimilarity",
        "n_optimizer_calls": 25
    },
    "metrics": {
        "accuracy_mean": 0.6523809523809525,
        "accuracy_std": 0.01768969106762544,
        "train_time_mean": 2.272283335601969,
        "train_time_std": 0.017507034381410373,
        "predict_time_mean": 0.002423987499787472,
        "predict_time_std": 0.00021044764264580221
    },
    "fold_metrics": {
        "accuracies": [
            0.6666666666666666,
            0.6857142857142857,
            0.6571428571428571,
            0.6571428571428571,
            0.6571428571428571,
            0.6285714285714286,
            0.6571428571428571,
            0.6285714285714286,
            0.6285714285714286,
            0.6571428571428571
        ],
        "train_times": [
            2.2865497379971202,
            2.2750265680078883,
            2.259875768009806,
            2.292232624007738,
            2.289112541999202,
            2.2619447780016344,
            2.2841182580013992,
            2.277182507998077,
            2.2309807510027895,
            2.2658098209940363
        ],
        "predict_times": [
            0.0025738020049175248,
            0.0025530819984851405,
            0.002633069991134107,
            0.002699717995710671,
            0.0024791489995550364,
            0.002601051004603505,
            0.002144497004337609,
            0.0021917870035395026,
            0.0021951130038360134,
            0.002168605991755612
        ]
    }
}