{
    "model_name": "parameterless_knn_convex_hull_intra_gabriel_graph",
    "dataset": "ionosphere",
    "hyperparameters": {
        "metric": "convex_hull_intra",
        "n_optimizer_calls": 25,
        "support_samples_method": "gabriel_graph"
    },
    "metrics": {
        "accuracy_mean": 0.7148412698412698,
        "accuracy_std": 0.048823459102465896,
        "train_time_mean": 25.52807580001536,
        "train_time_std": 3.3311947668802118,
        "predict_time_mean": 0.43426236999221146,
        "predict_time_std": 0.057024544161762857
    },
    "fold_metrics": {
        "accuracies": [
            0.8055555555555556,
            0.7714285714285715,
            0.6857142857142857,
            0.6857142857142857,
            0.7428571428571429,
            0.7428571428571429,
            0.6857142857142857,
            0.6857142857142857,
            0.6285714285714286,
            0.7142857142857143
        ],
        "train_times": [
            25.666524999949615,
            23.858846900053322,
            23.2729854999925,
            22.701304999995045,
            22.523632700031158,
            25.997735299984924,
            25.356820000044536,
            34.70802820002427,
            24.722999500052538,
            26.47187990002567
        ],
        "predict_times": [
            0.42625580000458285,
            0.46831140003632754,
            0.37621840002248064,
            0.394708699954208,
            0.542726399959065,
            0.4810845999745652,
            0.4342334999819286,
            0.33266870002262294,
            0.4122011999716051,
            0.4742149999947287
        ]
    }
}