{
    "model_name": "parameterless_knn_dissimilarity_hnbf",
    "dataset": "ionosphere",
    "hyperparameters": {
        "metric": "dissimilarity",
        "n_optimizer_calls": 25,
        "support_samples_method": "hnbf"
    },
    "metrics": {
        "accuracy_mean": 0.8061111111111112,
        "accuracy_std": 0.08286569468730151,
        "train_time_mean": 17.687442790006752,
        "train_time_std": 4.756439499851965,
        "predict_time_mean": 0.33655410999199376,
        "predict_time_std": 0.10626789287422476
    },
    "fold_metrics": {
        "accuracies": [
            0.8611111111111112,
            0.6,
            0.8285714285714286,
            0.8285714285714286,
            0.8,
            0.8,
            0.8,
            0.9142857142857143,
            0.7428571428571429,
            0.8857142857142857
        ],
        "train_times": [
            9.000235800049268,
            10.06471970002167,
            14.051479800022207,
            16.568972799985204,
            19.692149199952837,
            22.19141229998786,
            20.68101610004669,
            21.096709800011013,
            21.578306099982,
            21.94942630000878
        ],
        "predict_times": [
            0.10582259995862842,
            0.3167034999933094,
            0.2354122999822721,
            0.3727299000020139,
            0.41357960004825145,
            0.40537410002434626,
            0.3312068999512121,
            0.2685844000079669,
            0.419903899950441,
            0.4962239000014961
        ]
    }
}