{
    "model_name": "parameterless_knn_spread",
    "dataset": "ionosphere",
    "hyperparameters": {
        "metric": "spread",
        "n_optimizer_calls": 25
    },
    "metrics": {
        "accuracy_mean": 0.8603968253968255,
        "accuracy_std": 0.05181567277936502,
        "train_time_mean": 4.836705823002558,
        "train_time_std": 0.6899916335636951,
        "predict_time_mean": 0.00991735219868133,
        "predict_time_std": 0.01727569098004601
    },
    "fold_metrics": {
        "accuracies": [
            0.8611111111111112,
            0.8,
            0.8857142857142857,
            0.9142857142857143,
            0.8571428571428571,
            0.8,
            0.7714285714285715,
            0.9428571428571428,
            0.8857142857142857,
            0.8857142857142857
        ],
        "train_times": [
            4.503536468997481,
            6.561430774003384,
            4.463549198000692,
            4.324704889004352,
            5.7609479509992525,
            4.46758878401306,
            4.5887165640015155,
            4.537023356999271,
            4.582515201007482,
            4.577045042999089
        ],
        "predict_times": [
            0.0017056729993782938,
            0.056452028002240695,
            0.0018774890049826354,
            0.027407362998928875,
            0.001732318996801041,
            0.0018880059942603111,
            0.0018665440002223477,
            0.002687720989342779,
            0.0018381690024398267,
            0.00171820999821648
        ]
    }
}