{
    "model_name": "parameterless_knn_convex_hull_inter_gabriel_graph",
    "dataset": "ionosphere",
    "hyperparameters": {
        "metric": "convex_hull_inter",
        "n_optimizer_calls": 25,
        "support_samples_method": "gabriel_graph"
    },
    "metrics": {
        "accuracy_mean": 0.7007142857142857,
        "accuracy_std": 0.04361824183077723,
        "train_time_mean": 25.691714320000028,
        "train_time_std": 3.1245662369091187,
        "predict_time_mean": 0.4503474500030279,
        "predict_time_std": 0.049446348624840486
    },
    "fold_metrics": {
        "accuracies": [
            0.75,
            0.7714285714285715,
            0.6571428571428571,
            0.6571428571428571,
            0.7142857142857143,
            0.7428571428571429,
            0.6857142857142857,
            0.6857142857142857,
            0.6285714285714286,
            0.7142857142857143
        ],
        "train_times": [
            26.49379959999351,
            24.976842600037344,
            24.70002069999464,
            22.360324699955527,
            24.880979200010188,
            28.073770299961325,
            21.581214900012128,
            32.18737790000159,
            28.90815700002713,
            22.7546563000069
        ],
        "predict_times": [
            0.44600050000008196,
            0.4463058999972418,
            0.4138272000127472,
            0.49562330002663657,
            0.4309388999827206,
            0.39979230001335964,
            0.4181307000108063,
            0.5024088000063784,
            0.5561928999959491,
            0.3942539999843575
        ]
    }
}