{
    "model_name": "parameterless_knn_spread_margin_clustering",
    "dataset": "ionosphere",
    "hyperparameters": {
        "metric": "spread",
        "n_optimizer_calls": 25,
        "support_samples_method": "margin_clustering"
    },
    "metrics": {
        "accuracy_mean": 0.7291269841269842,
        "accuracy_std": 0.04738573797320569,
        "train_time_mean": 23.618714949995045,
        "train_time_std": 2.018577512331295,
        "predict_time_mean": 0.42081768999341873,
        "predict_time_std": 0.06447899054329088
    },
    "fold_metrics": {
        "accuracies": [
            0.8055555555555556,
            0.7428571428571429,
            0.6857142857142857,
            0.6571428571428571,
            0.7714285714285715,
            0.7714285714285715,
            0.7142857142857143,
            0.6857142857142857,
            0.6857142857142857,
            0.7714285714285715
        ],
        "train_times": [
            26.537154599966016,
            23.76071120001143,
            23.882530300004873,
            20.344180300016887,
            20.03252959996462,
            22.279778699972667,
            25.09739599999739,
            24.071992699988186,
            25.23106399999233,
            24.94981210003607
        ],
        "predict_times": [
            0.3906303999829106,
            0.4474382000043988,
            0.39778089994797483,
            0.28089799999725074,
            0.4460460999980569,
            0.3691860000253655,
            0.48360959999263287,
            0.4592799000092782,
            0.5254794000065885,
            0.4078283999697305
        ]
    }
}