{
    "model_name": "parameterless_knn_accuracy",
    "dataset": "ionosphere",
    "hyperparameters": {
        "metric": "accuracy"
    },
    "metrics": {
        "accuracy_mean": 0.8602380952380951,
        "accuracy_std": 0.04714105335654501,
        "train_time_mean": 10.724948540000332,
        "train_time_std": 5.405812945768431,
        "predict_time_mean": 0.2864190699998289,
        "predict_time_std": 0.16268651530398506
    }
}