{
    "model_name": "parameterless_knn_opposite_hyperplane_margin_clustering",
    "dataset": "ionosphere",
    "hyperparameters": {
        "metric": "opposite_hyperplane",
        "n_optimizer_calls": 25,
        "support_samples_method": "margin_clustering"
    },
    "metrics": {
        "accuracy_mean": 0.8431746031746032,
        "accuracy_std": 0.041250300624205136,
        "train_time_mean": 18.987316019984426,
        "train_time_std": 1.2112450408595652,
        "predict_time_mean": 0.42646454999921846,
        "predict_time_std": 0.038708073447475004
    },
    "fold_metrics": {
        "accuracies": [
            0.8888888888888888,
            0.7714285714285715,
            0.8285714285714286,
            0.8571428571428571,
            0.8285714285714286,
            0.8285714285714286,
            0.8857142857142857,
            0.8285714285714286,
            0.8,
            0.9142857142857143
        ],
        "train_times": [
            18.90144359995611,
            17.713711599993985,
            18.489241800038144,
            18.776263699983247,
            17.655137199966703,
            19.019596299971454,
            19.523766199999955,
            17.68825189996278,
            20.570725500001572,
            21.53502239997033
        ],
        "predict_times": [
            0.393286700011231,
            0.44803570001386106,
            0.4503019999829121,
            0.4627023999928497,
            0.3510249999817461,
            0.45287269999971613,
            0.40707919996930286,
            0.4239907000446692,
            0.48518269998021424,
            0.390168400015682
        ]
    }
}