{
    "model_name": "parameterless_knn_convex_hull_inter",
    "dataset": "ionosphere",
    "hyperparameters": {
        "metric": "convex_hull_inter"
    },
    "metrics": {
        "accuracy_mean": 0.7176984126984127,
        "accuracy_std": 0.03621005109708512,
        "train_time_mean": 1.3656082499997866,
        "train_time_std": 0.7205293099090019,
        "predict_time_mean": 0.08183223999876646,
        "predict_time_std": 0.03424433958145695
    }
}