{
    "model_name": "parameterless_knn_silhouette",
    "dataset": "ionosphere",
    "hyperparameters": {
        "metric": "silhouette",
        "n_optimizer_calls": 25
    },
    "metrics": {
        "accuracy_mean": 0.7146825396825397,
        "accuracy_std": 0.2358495283014151,
        "train_time_mean": 4.719567789595748,
        "train_time_std": 0.23768662735298468,
        "predict_time_mean": 0.0017911811970407142,
        "predict_time_std": 0.0001099648641568792
    },
    "fold_metrics": {
        "accuracies": [
            0.8611111111111112,
            0.37142857142857144,
            0.8857142857142857,
            0.9142857142857143,
            0.34285714285714286,
            0.8,
            0.7714285714285715,
            0.9428571428571428,
            0.37142857142857144,
            0.8857142857142857
        ],
        "train_times": [
            5.357822350997594,
            4.799755793996155,
            4.530768928991165,
            4.691094866997446,
            4.841164628000115,
            4.693756196997128,
            4.617872031987645,
            4.553012516000308,
            4.614949730996159,
            4.495480850993772
        ],
        "predict_times": [
            0.0018646769894985482,
            0.0019266449962742627,
            0.0018702550005400553,
            0.0016403379995608702,
            0.001677744003245607,
            0.0019053619907936081,
            0.0016222790000028908,
            0.0017072909977287054,
            0.0018416359962429851,
            0.0018555849965196103
        ]
    }
}