{
    "model_name": "parameterless_knn_spread_hnbf",
    "dataset": "ionosphere",
    "hyperparameters": {
        "metric": "spread",
        "n_optimizer_calls": 25,
        "support_samples_method": "hnbf"
    },
    "metrics": {
        "accuracy_mean": 0.8289682539682539,
        "accuracy_std": 0.060132601018211565,
        "train_time_mean": 21.282936350000092,
        "train_time_std": 1.519177121775892,
        "predict_time_mean": 0.43081077000242657,
        "predict_time_std": 0.04082165872965004
    },
    "fold_metrics": {
        "accuracies": [
            0.8611111111111112,
            0.6857142857142857,
            0.8285714285714286,
            0.8285714285714286,
            0.8571428571428571,
            0.8285714285714286,
            0.7714285714285715,
            0.9142857142857143,
            0.8285714285714286,
            0.8857142857142857
        ],
        "train_times": [
            21.57327270001406,
            22.659466699988116,
            20.88583500002278,
            20.644641499966383,
            22.131679499987513,
            19.932609800016508,
            17.691181700036395,
            22.790375499986112,
            21.586342599999625,
            22.93395849998342
        ],
        "predict_times": [
            0.4710440000053495,
            0.4444891999592073,
            0.4811199000105262,
            0.4271475000423379,
            0.3934830999933183,
            0.3521834999555722,
            0.45779410004615784,
            0.4316625000210479,
            0.38025200000265613,
            0.4689318999880925
        ]
    }
}