{
    "model_name": "parameterless_knn_spread",
    "dataset": "ionosphere",
    "hyperparameters": {
        "metric": "spread",
        "n_optimizer_calls": 25
    },
    "metrics": {
        "accuracy_mean": 0.8603968253968255,
        "accuracy_std": 0.05181567277936502,
        "train_time_mean": 4.859338287002174,
        "train_time_std": 0.6433835767267948,
        "predict_time_mean": 0.0028210079966811464,
        "predict_time_std": 0.001855374657425692
    },
    "fold_metrics": {
        "accuracies": [
            0.8611111111111112,
            0.8,
            0.8857142857142857,
            0.9142857142857143,
            0.8571428571428571,
            0.8,
            0.7714285714285715,
            0.9428571428571428,
            0.8857142857142857,
            0.8857142857142857
        ],
        "train_times": [
            4.510034671999165,
            6.461919223002042,
            4.582816833994002,
            4.3827089780097594,
            5.72577725800511,
            4.539553893002449,
            4.690584415002377,
            4.505954513995675,
            4.569230950000929,
            4.624802133010235
        ],
        "predict_times": [
            0.001678020998951979,
            0.0055766829900676385,
            0.002343225001823157,
            0.007284601990249939,
            0.0017497689987067133,
            0.001958512992132455,
            0.002176741007133387,
            0.0019409550004638731,
            0.0017622539889998734,
            0.0017393169982824475
        ]
    }
}