{
    "model_name": "parameterless_knn_convex_hull_intra_margin_clustering",
    "dataset": "ionosphere",
    "hyperparameters": {
        "metric": "convex_hull_intra",
        "n_optimizer_calls": 25,
        "support_samples_method": "margin_clustering"
    },
    "metrics": {
        "accuracy_mean": 0.6950793650793652,
        "accuracy_std": 0.03201827709336047,
        "train_time_mean": 27.956885940005304,
        "train_time_std": 3.785157354495143,
        "predict_time_mean": 0.4102379899995867,
        "predict_time_std": 0.04886918405978857
    },
    "fold_metrics": {
        "accuracies": [
            0.7222222222222222,
            0.7428571428571429,
            0.6857142857142857,
            0.6571428571428571,
            0.7428571428571429,
            0.7142857142857143,
            0.6857142857142857,
            0.6571428571428571,
            0.6571428571428571,
            0.6857142857142857
        ],
        "train_times": [
            24.516203200037125,
            35.29925480001839,
            23.328043600020465,
            26.899545399995986,
            30.822735199995805,
            32.162336400011554,
            27.220200400042813,
            22.739986200002022,
            29.032361999968998,
            27.548192199959885
        ],
        "predict_times": [
            0.45944919995963573,
            0.3632003999664448,
            0.3131602999637835,
            0.3799651000299491,
            0.3728005000157282,
            0.46392250002827495,
            0.45657489995937794,
            0.4491336000501178,
            0.4405638999887742,
            0.40360950003378093
        ]
    }
}