{
    "model_name": "parameterless_knn_convex_hull_inter",
    "dataset": "ionosphere",
    "hyperparameters": {
        "metric": "convex_hull_inter",
        "n_optimizer_calls": 25
    },
    "metrics": {
        "accuracy_mean": 0.680873015873016,
        "accuracy_std": 0.03357142857142858,
        "train_time_mean": 7.5633866534990375,
        "train_time_std": 1.2464103483811044,
        "predict_time_mean": 0.018176443701668175,
        "predict_time_std": 0.015962237489866794
    },
    "fold_metrics": {
        "accuracies": [
            0.6944444444444444,
            0.7428571428571429,
            0.6571428571428571,
            0.6571428571428571,
            0.7142857142857143,
            0.7142857142857143,
            0.6571428571428571,
            0.6571428571428571,
            0.6285714285714286,
            0.6857142857142857
        ],
        "train_times": [
            7.144819378998363,
            8.38807966299646,
            5.968813835002948,
            7.789931384002557,
            7.888434131004033,
            6.304291841996019,
            10.27274684200529,
            8.550165515989647,
            7.143085582996719,
            6.183498359998339
        ],
        "predict_times": [
            0.004371702001662925,
            0.028479030006565154,
            0.023503197997342795,
            0.043365985999116674,
            0.039105233998270705,
            0.002468341001076624,
            0.00248511899553705,
            0.03208135000022594,
            0.0024763000110397115,
            0.0034281770058441907
        ]
    }
}