{
    "model_name": "parameterless_knn_spread_gabriel_graph",
    "dataset": "ionosphere",
    "hyperparameters": {
        "metric": "spread",
        "n_optimizer_calls": 25,
        "support_samples_method": "gabriel_graph"
    },
    "metrics": {
        "accuracy_mean": 0.7319047619047618,
        "accuracy_std": 0.05233981068281511,
        "train_time_mean": 33.035665590001734,
        "train_time_std": 2.7622314964114505,
        "predict_time_mean": 0.4408794800052419,
        "predict_time_std": 0.04907922595946279
    },
    "fold_metrics": {
        "accuracies": [
            0.8333333333333334,
            0.7714285714285715,
            0.7142857142857143,
            0.7142857142857143,
            0.7428571428571429,
            0.7428571428571429,
            0.6857142857142857,
            0.7142857142857143,
            0.6285714285714286,
            0.7714285714285715
        ],
        "train_times": [
            26.687237000034656,
            31.776834600022994,
            32.854416999965906,
            33.53518379997695,
            31.56838220002828,
            36.15218710002955,
            35.464547399955336,
            31.976022800023202,
            33.421196100011,
            36.92064789996948
        ],
        "predict_times": [
            0.3470093999640085,
            0.36584620003122836,
            0.4914804000291042,
            0.4292188999825157,
            0.4398542999988422,
            0.44935339997755364,
            0.4486723000300117,
            0.5128966000047512,
            0.4432868000003509,
            0.4811765000340529
        ]
    }
}