{
    "model_name": "parameterless_knn_silhouette_gabriel_graph",
    "dataset": "ionosphere",
    "hyperparameters": {
        "metric": "silhouette",
        "n_optimizer_calls": 25,
        "support_samples_method": "gabriel_graph"
    },
    "metrics": {
        "accuracy_mean": 0.5373015873015874,
        "accuracy_std": 0.24992742710807409,
        "train_time_mean": 26.14044191998546,
        "train_time_std": 2.905498173058053,
        "predict_time_mean": 0.41241442000609824,
        "predict_time_std": 0.05409513343969871
    },
    "fold_metrics": {
        "accuracies": [
            0.9444444444444444,
            0.4,
            0.37142857142857144,
            0.34285714285714286,
            0.4,
            0.8285714285714286,
            0.37142857142857144,
            0.9714285714285714,
            0.37142857142857144,
            0.37142857142857144
        ],
        "train_times": [
            21.002975999959745,
            21.679393299971707,
            27.956022200000007,
            27.68268289999105,
            26.362941599974874,
            23.73469049995765,
            29.47926940000616,
            29.921876000007614,
            26.394859099993482,
            27.18970819999231
        ],
        "predict_times": [
            0.38592710002558306,
            0.3922370000509545,
            0.48218599997926503,
            0.4755972999846563,
            0.47191690001636744,
            0.42924670001957566,
            0.44196530000772327,
            0.3691884999861941,
            0.36653519998071715,
            0.3093442000099458
        ]
    }
}