{
    "model_name": "parameterless_knn_convex_hull_intra",
    "dataset": "ionosphere",
    "hyperparameters": {
        "metric": "convex_hull_intra",
        "n_optimizer_calls": 25
    },
    "metrics": {
        "accuracy_mean": 0.6891269841269841,
        "accuracy_std": 0.05146878938909619,
        "train_time_mean": 6.174239080201369,
        "train_time_std": 0.7771115869885711,
        "predict_time_mean": 0.029605827596969902,
        "predict_time_std": 0.01867666156445769
    },
    "fold_metrics": {
        "accuracies": [
            0.8055555555555556,
            0.7428571428571429,
            0.6857142857142857,
            0.6571428571428571,
            0.7142857142857143,
            0.6857142857142857,
            0.6571428571428571,
            0.6285714285714286,
            0.6285714285714286,
            0.6857142857142857
        ],
        "train_times": [
            5.474537261994556,
            5.708190239005489,
            6.3038288919924526,
            5.102896367010544,
            7.635360807005782,
            7.1773735039896565,
            6.593052846001228,
            5.259798735001823,
            6.29499283900077,
            6.192359311011387
        ],
        "predict_times": [
            0.002425023994874209,
            0.03994205000344664,
            0.0439159809902776,
            0.002727619998040609,
            0.029583484996692277,
            0.05002408199652564,
            0.03397305399994366,
            0.0459272809966933,
            0.0020346319943200797,
            0.04550506699888501
        ]
    }
}