{
    "model_name": "parameterless_knn_opposite_hyperplane_gabriel_graph",
    "dataset": "ionosphere",
    "hyperparameters": {
        "metric": "opposite_hyperplane",
        "n_optimizer_calls": 25,
        "support_samples_method": "gabriel_graph"
    },
    "metrics": {
        "accuracy_mean": 0.8231746031746031,
        "accuracy_std": 0.047894441754972,
        "train_time_mean": 20.860814069991466,
        "train_time_std": 2.8109115670102938,
        "predict_time_mean": 0.460584720002953,
        "predict_time_std": 0.05574852570288203
    },
    "fold_metrics": {
        "accuracies": [
            0.8888888888888888,
            0.7714285714285715,
            0.8,
            0.8571428571428571,
            0.8571428571428571,
            0.8285714285714286,
            0.7714285714285715,
            0.8285714285714286,
            0.7428571428571429,
            0.8857142857142857
        ],
        "train_times": [
            21.761297000048216,
            17.19718879996799,
            20.776129100006074,
            19.188346199982334,
            18.399322399985977,
            18.063206199964043,
            21.670368699997198,
            20.57401049998589,
            26.990632899978664,
            23.987638899998274
        ],
        "predict_times": [
            0.47784779994981363,
            0.3940835000248626,
            0.5628177000326104,
            0.45725079998373985,
            0.46886690001701936,
            0.5282235000049695,
            0.4193041999824345,
            0.41617300000507385,
            0.38241540000308305,
            0.4988644000259228
        ]
    }
}