{
    "model_name": "sklearn_knn_wrapper",
    "dataset": "ionosphere",
    "hyperparameters": {
        "n_optimizer_calls": 25
    },
    "metrics": {
        "accuracy_mean": 0.903015873015873,
        "accuracy_std": 0.04477456761111049,
        "train_time_mean": 6.161745241199969,
        "train_time_std": 0.27576729035344427,
        "predict_time_mean": 0.004195594100747257,
        "predict_time_std": 0.010090205668266444
    },
    "fold_metrics": {
        "accuracies": [
            0.9444444444444444,
            0.8571428571428571,
            0.8857142857142857,
            0.9142857142857143,
            0.8857142857142857,
            0.8571428571428571,
            0.8285714285714286,
            0.9428571428571428,
            0.9428571428571428,
            0.9714285714285714
        ],
        "train_times": [
            6.15973718999885,
            6.166538375997334,
            6.498912253999151,
            6.427738676007721,
            5.976956827988033,
            6.431792863004375,
            6.188516565001919,
            6.039190694005811,
            5.4925895420019515,
            6.235479423994548
        ],
        "predict_times": [
            0.0007107920100679621,
            0.0007032930006971583,
            0.0007147959986468777,
            0.000909474998479709,
            0.0012743889965349808,
            0.03446088499913458,
            0.000699531999998726,
            0.0010778389987535775,
            0.0007042119977995753,
            0.0007007280073594302
        ]
    }
}