{
    "model_name": "sklearn_knn_wrapper",
    "dataset": "ionosphere",
    "hyperparameters": {
        "n_optimizer_calls": 25
    },
    "metrics": {
        "accuracy_mean": 0.8773809523809524,
        "accuracy_std": 0.05737304826019499,
        "train_time_mean": 114.41242336999858,
        "train_time_std": 21.310153287292362,
        "predict_time_mean": 0.42933606000151486,
        "predict_time_std": 0.19503445451365617
    },
    "fold_metrics": {
        "accuracies": [
            0.9166666666666666,
            0.8571428571428571,
            0.8285714285714286,
            0.8857142857142857,
            0.8571428571428571,
            0.8285714285714286,
            0.7714285714285715,
            0.9428571428571428,
            0.9142857142857143,
            0.9714285714285714
        ],
        "train_times": [
            113.44456150004407,
            129.438178899989,
            134.05328919994645,
            128.04592330002924,
            137.6138071999885,
            133.21700649999548,
            105.34291850001318,
            94.91635849996237,
            100.48746490001213,
            67.56472520000534
        ],
        "predict_times": [
            0.3251548999687657,
            0.6379345000023022,
            0.6468816000269726,
            0.5188486999832094,
            0.018340500013437122,
            0.5360961999977008,
            0.49600159999681637,
            0.5202941000461578,
            0.4427974999998696,
            0.15101099997991696
        ]
    }
}