{
    "model_name": "sklearn_knn_wrapper",
    "dataset": "ionosphere",
    "hyperparameters": {
        "n_optimizer_calls": 10
    },
    "metrics": {
        "accuracy_mean": 0.8260317460317459,
        "accuracy_std": 0.05373994658920334,
        "train_time_mean": 3.5608549299984587,
        "train_time_std": 0.5955366577490576,
        "predict_time_mean": 0.024622550001004127,
        "predict_time_std": 0.015563848402295983
    }
}