{
    "model_name": "sklearn_knn_wrapper",
    "dataset": "ionosphere",
    "hyperparameters": {
        "n_optimizer_calls": 25
    },
    "metrics": {
        "accuracy_mean": 0.903015873015873,
        "accuracy_std": 0.04477456761111049,
        "train_time_mean": 6.134234085302159,
        "train_time_std": 0.2416155560614847,
        "predict_time_mean": 0.00355811299814377,
        "predict_time_std": 0.008326782765178545
    },
    "fold_metrics": {
        "accuracies": [
            0.9444444444444444,
            0.8571428571428571,
            0.8857142857142857,
            0.9142857142857143,
            0.8857142857142857,
            0.8571428571428571,
            0.8285714285714286,
            0.9428571428571428,
            0.9428571428571428,
            0.9714285714285714
        ],
        "train_times": [
            6.1000799300090875,
            6.052653745995485,
            6.458567339999718,
            6.367664359000628,
            6.004183910001302,
            6.377104333994794,
            6.158556499009137,
            6.041515695993439,
            5.56476255900634,
            6.217252480011666
        ],
        "predict_times": [
            0.0006941120082046837,
            0.0006760159885743633,
            0.0006964109925320372,
            0.0007051090069580823,
            0.001027582009555772,
            0.028532750002341345,
            0.0006773919885745272,
            0.0012192659924039617,
            0.0006750339962309226,
            0.0006774579960620031
        ]
    }
}