{
    "model_name": "parameterless_knn_convex_hull_inter_hnbf",
    "dataset": "titanic",
    "hyperparameters": {
        "metric": "convex_hull_inter",
        "n_optimizer_calls": 25,
        "support_samples_method": "hnbf"
    },
    "metrics": {
        "accuracy_mean": 0.6180270111567822,
        "accuracy_std": 0.0008807985907222538,
        "train_time_mean": 22.56352554000914,
        "train_time_std": 4.338779839731757,
        "predict_time_mean": 0.3608440999872983,
        "predict_time_std": 0.08171327539450257
    },
    "fold_metrics": {
        "accuracies": [
            0.6183206106870229,
            0.6183206106870229,
            0.6183206106870229,
            0.6183206106870229,
            0.6183206106870229,
            0.6183206106870229,
            0.6183206106870229,
            0.6183206106870229,
            0.6183206106870229,
            0.6153846153846154
        ],
        "train_times": [
            25.266419399995357,
            16.36791590001667,
            21.471413300023414,
            21.79375389998313,
            30.91785940004047,
            21.107061700022314,
            26.15646490000654,
            25.329511099960655,
            15.690509200037923,
            21.534346600004937
        ],
        "predict_times": [
            0.34236489998875186,
            0.36505229998147115,
            0.41038359998492524,
            0.3553317000041716,
            0.4851474000024609,
            0.3834629999473691,
            0.4825291999732144,
            0.27028559998143464,
            0.21592709998367354,
            0.29795620002551004
        ]
    }
}