{
    "model_name": "parameterless_knn_convex_hull_inter_margin_clustering",
    "dataset": "titanic",
    "hyperparameters": {
        "metric": "convex_hull_inter",
        "n_optimizer_calls": 25,
        "support_samples_method": "margin_clustering"
    },
    "metrics": {
        "accuracy_mean": 0.6226071638285378,
        "accuracy_std": 0.008004236159265085,
        "train_time_mean": 23.299210409994703,
        "train_time_std": 7.225641569449262,
        "predict_time_mean": 0.3697655199968722,
        "predict_time_std": 0.10436767083086687
    },
    "fold_metrics": {
        "accuracies": [
            0.6183206106870229,
            0.6335877862595419,
            0.6183206106870229,
            0.6335877862595419,
            0.6106870229007634,
            0.6183206106870229,
            0.6183206106870229,
            0.6335877862595419,
            0.6259541984732825,
            0.6153846153846154
        ],
        "train_times": [
            16.125995500013232,
            26.453817699977662,
            27.290964799991343,
            37.12684609997086,
            24.71722619998036,
            11.328378600010183,
            29.356067200016696,
            18.89016879996052,
            25.33092370000668,
            16.37171550001949
        ],
        "predict_times": [
            0.2961266999482177,
            0.5071213000337593,
            0.4368460000259802,
            0.5440726000233553,
            0.40878739999607205,
            0.2420826000161469,
            0.4275812999694608,
            0.2873962000012398,
            0.31499210000038147,
            0.23264899995410815
        ]
    }
}