{
    "model_name": "parameterless_knn_spread_margin_clustering",
    "dataset": "titanic",
    "hyperparameters": {
        "metric": "spread",
        "n_optimizer_calls": 25,
        "support_samples_method": "margin_clustering"
    },
    "metrics": {
        "accuracy_mean": 0.6218438050499119,
        "accuracy_std": 0.005407335024414,
        "train_time_mean": 32.03350168000325,
        "train_time_std": 8.636864460984176,
        "predict_time_mean": 0.47153215000289495,
        "predict_time_std": 0.1274846789929213
    },
    "fold_metrics": {
        "accuracies": [
            0.6183206106870229,
            0.6335877862595419,
            0.6183206106870229,
            0.6259541984732825,
            0.6183206106870229,
            0.6183206106870229,
            0.6183206106870229,
            0.6259541984732825,
            0.6259541984732825,
            0.6153846153846154
        ],
        "train_times": [
            30.629059500002768,
            38.800147100002505,
            39.42595369997434,
            39.46014079998713,
            31.897305199992843,
            12.21147259999998,
            40.68142160004936,
            36.40847180003766,
            28.0377862000023,
            22.783258299983572
        ],
        "predict_times": [
            0.4748596000135876,
            0.5116074000252411,
            0.5838180999853648,
            0.6921955000143498,
            0.33404370001517236,
            0.21856030001072213,
            0.48192210000706837,
            0.5766436999547295,
            0.4351774000097066,
            0.4064936999930069
        ]
    }
}