{
    "model_name": "parameterless_knn_opposite_hyperplane_gabriel_graph",
    "dataset": "titanic",
    "hyperparameters": {
        "metric": "opposite_hyperplane",
        "n_optimizer_calls": 25,
        "support_samples_method": "gabriel_graph"
    },
    "metrics": {
        "accuracy_mean": 0.6233705226071639,
        "accuracy_std": 0.007149374635454772,
        "train_time_mean": 1112.016210680001,
        "train_time_std": 355.9360466983128,
        "predict_time_mean": 0.11405936999362894,
        "predict_time_std": 0.1702810689079626
    },
    "fold_metrics": {
        "accuracies": [
            0.6259541984732825,
            0.6335877862595419,
            0.6335877862595419,
            0.6335877862595419,
            0.6183206106870229,
            0.6183206106870229,
            0.6183206106870229,
            0.6183206106870229,
            0.6183206106870229,
            0.6153846153846154
        ],
        "train_times": [
            1293.8208208999713,
            990.5357228000066,
            867.9685375000117,
            866.2768581999699,
            1729.9635499000433,
            854.2295438000001,
            1826.8724814000307,
            904.6120953999925,
            872.80844719999,
            913.0740496999933
        ],
        "predict_times": [
            0.614526699995622,
            0.06577990000369027,
            0.08523119997698814,
            0.06970200000796467,
            0.10611699998844415,
            0.11309900000924245,
            0.016385299968533218,
            0.02656690002186224,
            0.021757999958936125,
            0.021427700005006045
        ]
    }
}