{
    "model_name": "parameterless_knn_convex_hull_intra_gabriel_graph",
    "dataset": "titanic",
    "hyperparameters": {
        "metric": "convex_hull_intra",
        "n_optimizer_calls": 25,
        "support_samples_method": "gabriel_graph"
    },
    "metrics": {
        "accuracy_mean": 0.619553728714034,
        "accuracy_std": 0.004759211254950563,
        "train_time_mean": 1120.1460011799995,
        "train_time_std": 354.52911850944406,
        "predict_time_mean": 0.10804295998532325,
        "predict_time_std": 0.14587080512662423
    },
    "fold_metrics": {
        "accuracies": [
            0.6183206106870229,
            0.6335877862595419,
            0.6183206106870229,
            0.6183206106870229,
            0.6183206106870229,
            0.6183206106870229,
            0.6183206106870229,
            0.6183206106870229,
            0.6183206106870229,
            0.6153846153846154
        ],
        "train_times": [
            1298.251110299956,
            1049.6056266999803,
            853.9094468000112,
            863.9919528000173,
            1733.3863402999705,
            859.7684875000268,
            1827.8090837000054,
            910.2963399,
            897.3255645000027,
            907.1160593000241
        ],
        "predict_times": [
            0.5317314999992959,
            0.1050995999830775,
            0.09381539997411892,
            0.0751336999819614,
            0.09210050001274794,
            0.10643729998264462,
            0.0173066999996081,
            0.02176599996164441,
            0.021201999974437058,
            0.01583689998369664
        ]
    }
}