{
    "model_name": "parameterless_knn_silhouette_margin_clustering",
    "dataset": "titanic",
    "hyperparameters": {
        "metric": "silhouette",
        "n_optimizer_calls": 25,
        "support_samples_method": "margin_clustering"
    },
    "metrics": {
        "accuracy_mean": 0.619553728714034,
        "accuracy_std": 0.007590328666373178,
        "train_time_mean": 37.02402055999264,
        "train_time_std": 6.782229671268535,
        "predict_time_mean": 0.4723955600115005,
        "predict_time_std": 0.10991053614721015
    },
    "fold_metrics": {
        "accuracies": [
            0.6183206106870229,
            0.6335877862595419,
            0.6183206106870229,
            0.6183206106870229,
            0.6106870229007634,
            0.6183206106870229,
            0.6106870229007634,
            0.6335877862595419,
            0.6183206106870229,
            0.6153846153846154
        ],
        "train_times": [
            37.5714169999701,
            43.30971000000136,
            36.487234300002456,
            42.036513399973046,
            40.55352939997101,
            19.571919100009836,
            42.36545819998719,
            31.50694570003543,
            41.14553270000033,
            35.691945799975656
        ],
        "predict_times": [
            0.6349891000427306,
            0.3913561000372283,
            0.4725036000018008,
            0.542446999985259,
            0.5046380000421777,
            0.27416400000220165,
            0.6267092999769375,
            0.36697189998812973,
            0.5143786999979056,
            0.395797900040634
        ]
    }
}