{
    "model_name": "parameterless_knn_spread_gabriel_graph",
    "dataset": "titanic",
    "hyperparameters": {
        "metric": "spread",
        "n_optimizer_calls": 25,
        "support_samples_method": "gabriel_graph"
    },
    "metrics": {
        "accuracy_mean": 0.6233763945977687,
        "accuracy_std": 0.006828418176379724,
        "train_time_mean": 1091.713123509998,
        "train_time_std": 354.8945975108868,
        "predict_time_mean": 0.08761011000024155,
        "predict_time_std": 0.08777861056012314
    },
    "fold_metrics": {
        "accuracies": [
            0.6183206106870229,
            0.6335877862595419,
            0.6259541984732825,
            0.6335877862595419,
            0.6106870229007634,
            0.6183206106870229,
            0.6183206106870229,
            0.6259541984732825,
            0.6259541984732825,
            0.6230769230769231
        ],
        "train_times": [
            1007.206098900002,
            1123.504402999999,
            861.62267719995,
            850.8436896000057,
            862.4933280000114,
            1734.7575437999913,
            867.9747160000261,
            1828.5477553000092,
            884.8661867000046,
            895.3148365999805
        ],
        "predict_times": [
            0.331482200010214,
            0.10459329996956512,
            0.07241220003925264,
            0.07372679997934029,
            0.09364979999372736,
            0.10254069999791682,
            0.04600089997984469,
            0.014505699975416064,
            0.01998680003453046,
            0.017202700022608042
        ]
    }
}