{
    "model_name": "parameterless_knn_spread_hnbf",
    "dataset": "titanic",
    "hyperparameters": {
        "metric": "spread",
        "n_optimizer_calls": 25,
        "support_samples_method": "hnbf"
    },
    "metrics": {
        "accuracy_mean": 0.6180270111567822,
        "accuracy_std": 0.0008807985907222538,
        "train_time_mean": 30.35178127999534,
        "train_time_std": 4.023730087160657,
        "predict_time_mean": 0.48357560998992993,
        "predict_time_std": 0.12082610711827742
    },
    "fold_metrics": {
        "accuracies": [
            0.6183206106870229,
            0.6183206106870229,
            0.6183206106870229,
            0.6183206106870229,
            0.6183206106870229,
            0.6183206106870229,
            0.6183206106870229,
            0.6183206106870229,
            0.6183206106870229,
            0.6153846153846154
        ],
        "train_times": [
            36.8543706999626,
            26.407913399976678,
            27.09474670002237,
            31.278162300004624,
            31.79592980002053,
            32.55404550000094,
            34.076375900011044,
            22.440938999992795,
            28.367377799993847,
            32.64795169996796
        ],
        "predict_times": [
            0.759118199988734,
            0.39499200001591817,
            0.39064449997385964,
            0.5011664999765344,
            0.5085585999768227,
            0.4508248000056483,
            0.48484190000453964,
            0.27036949998000637,
            0.5258671999908984,
            0.5493728999863379
        ]
    }
}