{
    "model_name": "parameterless_knn_dissimilarity_hnbf",
    "dataset": "titanic",
    "hyperparameters": {
        "metric": "dissimilarity",
        "n_optimizer_calls": 25,
        "support_samples_method": "hnbf"
    },
    "metrics": {
        "accuracy_mean": 0.6180270111567822,
        "accuracy_std": 0.0008807985907222538,
        "train_time_mean": 32.51971501000808,
        "train_time_std": 3.6437877498966857,
        "predict_time_mean": 0.5599615199898835,
        "predict_time_std": 0.09752131094231004
    },
    "fold_metrics": {
        "accuracies": [
            0.6183206106870229,
            0.6183206106870229,
            0.6183206106870229,
            0.6183206106870229,
            0.6183206106870229,
            0.6183206106870229,
            0.6183206106870229,
            0.6183206106870229,
            0.6183206106870229,
            0.6153846153846154
        ],
        "train_times": [
            37.4015668000211,
            35.49843120004516,
            36.71768479997991,
            33.47751930000959,
            34.826566500007175,
            26.04154499998549,
            27.04228910000529,
            31.309659900027327,
            30.969694399973378,
            31.912193100026343
        ],
        "predict_times": [
            0.697127899969928,
            0.7334338999935426,
            0.6543556000106037,
            0.4991069999523461,
            0.5592847999650985,
            0.5091448000166565,
            0.49755829997593537,
            0.45565379998879507,
            0.561362000007648,
            0.4325871000182815
        ]
    }
}