{
    "model_name": "parameterless_knn_dissimilarity_gabriel_graph",
    "dataset": "titanic",
    "hyperparameters": {
        "metric": "dissimilarity",
        "n_optimizer_calls": 25,
        "support_samples_method": "gabriel_graph"
    },
    "metrics": {
        "accuracy_mean": 0.6233763945977685,
        "accuracy_std": 0.00482893671477488,
        "train_time_mean": 1106.3314206400014,
        "train_time_std": 350.1905307218479,
        "predict_time_mean": 0.10602450000005774,
        "predict_time_std": 0.09264413513936144
    },
    "fold_metrics": {
        "accuracies": [
            0.6183206106870229,
            0.6335877862595419,
            0.6259541984732825,
            0.6259541984732825,
            0.6183206106870229,
            0.6183206106870229,
            0.6183206106870229,
            0.6259541984732825,
            0.6259541984732825,
            0.6230769230769231
        ],
        "train_times": [
            1000.8252578999964,
            1150.3552703000023,
            948.9181348999846,
            852.4146703999722,
            867.5353690999909,
            1741.77184880001,
            856.6467908000341,
            1828.9052891000174,
            902.7560715000145,
            913.1855035999906
        ],
        "predict_times": [
            0.30285079998429865,
            0.24761710001621395,
            0.06814829999348149,
            0.12864989996887743,
            0.07570300000952557,
            0.11087360000237823,
            0.06984250003006309,
            0.02404649998061359,
            0.017808300035540015,
            0.01470499997958541
        ]
    }
}