{
    "model_name": "parameterless_knn_convex_hull_inter_gabriel_graph",
    "dataset": "titanic",
    "hyperparameters": {
        "metric": "convex_hull_inter",
        "n_optimizer_calls": 25,
        "support_samples_method": "gabriel_graph"
    },
    "metrics": {
        "accuracy_mean": 0.6294832648267763,
        "accuracy_std": 0.006388901179762021,
        "train_time_mean": 1105.4190029999997,
        "train_time_std": 352.5664510992815,
        "predict_time_mean": 0.09744493998587131,
        "predict_time_std": 0.12018678113359751
    },
    "fold_metrics": {
        "accuracies": [
            0.6259541984732825,
            0.6335877862595419,
            0.6335877862595419,
            0.6412213740458015,
            0.6183206106870229,
            0.6259541984732825,
            0.6335877862595419,
            0.6335877862595419,
            0.6259541984732825,
            0.6230769230769231
        ],
        "train_times": [
            1170.462109999964,
            1080.491821500007,
            856.0508144000196,
            860.3278618999757,
            849.4369081999757,
            1734.2113315000315,
            1825.7450867000152,
            896.7240321999998,
            883.1975020000245,
            897.5425615999848
        ],
        "predict_times": [
            0.4475373000022955,
            0.09220670000649989,
            0.07269699999596924,
            0.08764839998912066,
            0.0974102999898605,
            0.07318089995533228,
            0.023802299983799458,
            0.02240309998160228,
            0.034927799948491156,
            0.022635600005742162
        ]
    }
}