{
    "model_name": "parameterless_knn_dissimilarity_margin_clustering",
    "dataset": "titanic",
    "hyperparameters": {
        "metric": "dissimilarity",
        "n_optimizer_calls": 25,
        "support_samples_method": "margin_clustering"
    },
    "metrics": {
        "accuracy_mean": 0.6226071638285378,
        "accuracy_std": 0.005394886374982195,
        "train_time_mean": 35.149852180009475,
        "train_time_std": 7.183882348154616,
        "predict_time_mean": 0.49331085999729113,
        "predict_time_std": 0.08207109811471487
    },
    "fold_metrics": {
        "accuracies": [
            0.6183206106870229,
            0.6335877862595419,
            0.6183206106870229,
            0.6259541984732825,
            0.6183206106870229,
            0.6259541984732825,
            0.6183206106870229,
            0.6259541984732825,
            0.6259541984732825,
            0.6153846153846154
        ],
        "train_times": [
            38.99243610003032,
            45.73552430002019,
            35.138907000015024,
            33.650039899977855,
            38.82693120004842,
            18.1956177999964,
            39.23508180002682,
            40.14706170000136,
            29.00821519998135,
            32.56870679999702
        ],
        "predict_times": [
            0.6133584000053816,
            0.5988113000057638,
            0.4032275999779813,
            0.43990360002499074,
            0.46305099996970966,
            0.4103178000077605,
            0.4529786999919452,
            0.5450111000100151,
            0.4069232000038028,
            0.5995258999755606
        ]
    }
}