{
    "model_name": "parameterless_knn_convex_hull_intra_hnbf",
    "dataset": "titanic",
    "hyperparameters": {
        "metric": "convex_hull_intra",
        "n_optimizer_calls": 25,
        "support_samples_method": "hnbf"
    },
    "metrics": {
        "accuracy_mean": 0.6180270111567822,
        "accuracy_std": 0.0008807985907222538,
        "train_time_mean": 21.909292310004822,
        "train_time_std": 2.706538925328584,
        "predict_time_mean": 0.35083402000018393,
        "predict_time_std": 0.07545886881217408
    },
    "fold_metrics": {
        "accuracies": [
            0.6183206106870229,
            0.6183206106870229,
            0.6183206106870229,
            0.6183206106870229,
            0.6183206106870229,
            0.6183206106870229,
            0.6183206106870229,
            0.6183206106870229,
            0.6183206106870229,
            0.6153846153846154
        ],
        "train_times": [
            21.514759599987883,
            25.91130510001676,
            23.455497000017203,
            22.512339900014922,
            26.27925249998225,
            20.00776250002673,
            16.560921100026462,
            21.297143500007223,
            20.96522610000102,
            20.58871579996776
        ],
        "predict_times": [
            0.3273254000232555,
            0.5303228999837302,
            0.3635991000337526,
            0.372220000019297,
            0.416493900003843,
            0.2897549999761395,
            0.24549339996883646,
            0.28752389998408034,
            0.34350000001722947,
            0.33210659999167547
        ]
    }
}