{
    "model_name": "parameterless_knn_opposite_hyperplane_margin_clustering",
    "dataset": "titanic",
    "hyperparameters": {
        "metric": "opposite_hyperplane",
        "n_optimizer_calls": 25,
        "support_samples_method": "margin_clustering"
    },
    "metrics": {
        "accuracy_mean": 0.6210863182618909,
        "accuracy_std": 0.005950065218862869,
        "train_time_mean": 22.557198940002127,
        "train_time_std": 5.775705266755851,
        "predict_time_mean": 0.3263233800069429,
        "predict_time_std": 0.08665769172387233
    },
    "fold_metrics": {
        "accuracies": [
            0.6106870229007634,
            0.6335877862595419,
            0.6183206106870229,
            0.6183206106870229,
            0.6183206106870229,
            0.6259541984732825,
            0.6183206106870229,
            0.6183206106870229,
            0.6259541984732825,
            0.6230769230769231
        ],
        "train_times": [
            31.422178100037854,
            28.654017799999565,
            25.111775600002147,
            23.851988700043876,
            17.430646499968134,
            10.734603599994443,
            21.496699400013313,
            27.53177439997671,
            20.38271119998535,
            18.95559409999987
        ],
        "predict_times": [
            0.4203818999812938,
            0.33730409998679534,
            0.31368969997856766,
            0.16184259997680783,
            0.26928140001837164,
            0.2292998000048101,
            0.3580725000356324,
            0.4778158999979496,
            0.37393510004039854,
            0.32161080004880205
        ]
    }
}