{
    "model_name": "parameterless_knn_silhouette_gabriel_graph",
    "dataset": "titanic",
    "hyperparameters": {
        "metric": "silhouette",
        "n_optimizer_calls": 25,
        "support_samples_method": "gabriel_graph"
    },
    "metrics": {
        "accuracy_mean": 0.6203229594832648,
        "accuracy_std": 0.004643437848128518,
        "train_time_mean": 1125.597815930011,
        "train_time_std": 355.41265632940105,
        "predict_time_mean": 0.12431893999455497,
        "predict_time_std": 0.11918038589863802
    },
    "fold_metrics": {
        "accuracies": [
            0.6183206106870229,
            0.6335877862595419,
            0.6183206106870229,
            0.6183206106870229,
            0.6183206106870229,
            0.6183206106870229,
            0.6183206106870229,
            0.6183206106870229,
            0.6183206106870229,
            0.6230769230769231
        ],
        "train_times": [
            1275.2908142000088,
            1121.3710991999833,
            874.0067003000295,
            865.0789886999992,
            858.877495600027,
            1737.4654650000157,
            875.6930782999843,
            1836.1812602000427,
            894.9608636000194,
            917.0523942
        ],
        "predict_times": [
            0.42497769999317825,
            0.2615202000015415,
            0.0838637999841012,
            0.09023580001667142,
            0.09195699996780604,
            0.12366200005635619,
            0.07513979997020215,
            0.028455999970901757,
            0.0418051999877207,
            0.02157189999707043
        ]
    }
}