{
    "model_name": "parameterless_knn_convex_hull_intra_margin_clustering",
    "dataset": "titanic",
    "hyperparameters": {
        "metric": "convex_hull_intra",
        "n_optimizer_calls": 25,
        "support_samples_method": "margin_clustering"
    },
    "metrics": {
        "accuracy_mean": 0.62031708749266,
        "accuracy_std": 0.005100188080001966,
        "train_time_mean": 23.55528097001952,
        "train_time_std": 7.722939017951391,
        "predict_time_mean": 0.31909749999758785,
        "predict_time_std": 0.10069230750459286
    },
    "fold_metrics": {
        "accuracies": [
            0.6183206106870229,
            0.6335877862595419,
            0.6183206106870229,
            0.6183206106870229,
            0.6183206106870229,
            0.6259541984732825,
            0.6183206106870229,
            0.6183206106870229,
            0.6183206106870229,
            0.6153846153846154
        ],
        "train_times": [
            34.94248309999239,
            35.37824789999286,
            29.561774600006174,
            23.450055700028315,
            21.22324950003531,
            9.709443000028841,
            21.114655300043523,
            18.85928790003527,
            25.60357290005777,
            15.710039799974766
        ],
        "predict_times": [
            0.40297529997769743,
            0.2642166999867186,
            0.45792419998906553,
            0.25522589997854084,
            0.31651829998008907,
            0.15429720003157854,
            0.4764123999630101,
            0.35084339999593794,
            0.31618130003334954,
            0.19638030003989115
        ]
    }
}