{
    "model_name": "sklearn_knn_wrapper",
    "dataset": "titanic",
    "hyperparameters": {
        "n_optimizer_calls": 10
    },
    "metrics": {
        "accuracy_mean": 0.7670229007633587,
        "accuracy_std": 0.030027860341913785,
        "train_time_mean": 1.2900576299998647,
        "train_time_std": 0.15131231935684922,
        "predict_time_mean": 0.007480209999994258,
        "predict_time_std": 0.0014048966609637274
    }
}