{
    "model_name": "sklearn_knn_wrapper",
    "dataset": "titanic",
    "hyperparameters": {
        "n_optimizer_calls": 25
    },
    "metrics": {
        "accuracy_mean": 0.6295302407516148,
        "accuracy_std": 0.01959004578414489,
        "train_time_mean": 80.39924765998731,
        "train_time_std": 14.050743460143302,
        "predict_time_mean": 0.24297785999951885,
        "predict_time_std": 0.15399607637120155
    },
    "fold_metrics": {
        "accuracies": [
            0.6183206106870229,
            0.6259541984732825,
            0.6335877862595419,
            0.6106870229007634,
            0.6335877862595419,
            0.6259541984732825,
            0.6183206106870229,
            0.6259541984732825,
            0.6183206106870229,
            0.6846153846153846
        ],
        "train_times": [
            97.56617559998995,
            66.7902383999899,
            67.342635399953,
            64.18838730000425,
            73.96089550002944,
            83.1033101999783,
            70.51349839998875,
            90.15659699996468,
            81.36326349998126,
            109.00747529999353
        ],
        "predict_times": [
            0.4035316000226885,
            0.2431932999752462,
            0.15580710000358522,
            0.1499560999800451,
            0.18084889999590814,
            0.19537049997597933,
            0.646837999986019,
            0.15796670003328472,
            0.1664522999781184,
            0.12981410004431382
        ]
    }
}