{
    "model_name": "sklearn_knn_wrapper",
    "dataset": "titanic",
    "hyperparameters": {
    },
    "metrics": {
        "accuracy_mean": 0.7670229007633587,
        "accuracy_std": 0.030027860341913785,
        "train_time_mean": 2.4547659300013036,
        "train_time_std": 0.2642428309638014,
        "predict_time_mean": 0.012769770000886638,
        "predict_time_std": 0.0048431259172993756
    }
}