{
    "model_name": "parameterless_knn_convex_hull_inter_margin_clustering",
    "dataset": "heart_disease",
    "hyperparameters": {
        "metric": "convex_hull_inter",
        "n_optimizer_calls": 25,
        "support_samples_method": "margin_clustering"
    },
    "metrics": {
        "accuracy_mean": 0.5677419354838709,
        "accuracy_std": 0.049178709789798276,
        "train_time_mean": 4.259681030007778,
        "train_time_std": 0.919870641374365,
        "predict_time_mean": 0.0020799500052817166,
        "predict_time_std": 0.0002142280226673564
    },
    "fold_metrics": {
        "accuracies": [
            0.5483870967741935,
            0.5483870967741935,
            0.5806451612903226,
            0.6666666666666666,
            0.5333333333333333,
            0.6333333333333333,
            0.5333333333333333,
            0.5,
            0.6,
            0.5333333333333333
        ],
        "train_times": [
            6.64990650000982,
            4.1995046000229195,
            4.688520599971525,
            4.7965093000093475,
            3.7800571999978274,
            3.7540680000092834,
            3.483903000014834,
            3.4004746999708004,
            4.252716500021052,
            3.591149900050368
        ],
        "predict_times": [
            0.0017444000113755465,
            0.0023077999940142035,
            0.001831500034313649,
            0.00207280000904575,
            0.0021238999906927347,
            0.0020090999896638095,
            0.0019221000256948173,
            0.0025027000228874385,
            0.002058300015050918,
            0.002226899960078299
        ]
    }
}