{
    "model_name": "parameterless_knn_silhouette_margin_clustering",
    "dataset": "heart_disease",
    "hyperparameters": {
        "metric": "silhouette",
        "n_optimizer_calls": 25,
        "support_samples_method": "margin_clustering"
    },
    "metrics": {
        "accuracy_mean": 0.5213978494623654,
        "accuracy_std": 0.0635327382802846,
        "train_time_mean": 7.19799631999922,
        "train_time_std": 1.3369961659186596,
        "predict_time_mean": 0.004620669991709292,
        "predict_time_std": 0.007832242043172047
    },
    "fold_metrics": {
        "accuracies": [
            0.5483870967741935,
            0.5483870967741935,
            0.4838709677419355,
            0.43333333333333335,
            0.6333333333333333,
            0.5333333333333333,
            0.4,
            0.5666666666666667,
            0.5333333333333333,
            0.5333333333333333
        ],
        "train_times": [
            9.582450000045355,
            7.3771027000038885,
            8.073364300013054,
            7.6122108999988995,
            8.42876239999896,
            5.302514899987727,
            5.056533099967055,
            6.02265840000473,
            7.523800699971616,
            7.000565800000913
        ],
        "predict_times": [
            0.0020196999539621174,
            0.0017724999925121665,
            0.02811350004049018,
            0.0019984999671578407,
            0.0019727000035345554,
            0.0019863999914377928,
            0.002294000005349517,
            0.002030499977990985,
            0.0021880000131204724,
            0.001830899971537292
        ]
    }
}