{
    "model_name": "parameterless_knn_dissimilarity_gabriel_graph",
    "dataset": "heart_disease",
    "hyperparameters": {
        "metric": "dissimilarity",
        "n_optimizer_calls": 25,
        "support_samples_method": "gabriel_graph"
    },
    "metrics": {
        "accuracy_mean": 0.5907526881720429,
        "accuracy_std": 0.0570504844454924,
        "train_time_mean": 10.522150600003078,
        "train_time_std": 1.6200713884816582,
        "predict_time_mean": 0.00498767999233678,
        "predict_time_std": 0.008366652837379111
    },
    "fold_metrics": {
        "accuracies": [
            0.5806451612903226,
            0.5161290322580645,
            0.6774193548387096,
            0.6666666666666666,
            0.5666666666666667,
            0.6666666666666666,
            0.5666666666666667,
            0.5333333333333333,
            0.6,
            0.5333333333333333
        ],
        "train_times": [
            9.789231900009327,
            10.296469199995045,
            9.570724299992435,
            10.76692710001953,
            8.082399200007785,
            10.0078464000253,
            9.400983899948187,
            10.810226200032048,
            12.182546099997126,
            14.314151700004004
        ],
        "predict_times": [
            0.0021006999886594713,
            0.0023775000008754432,
            0.002328899980057031,
            0.002047699992544949,
            0.002168699982576072,
            0.002202100004069507,
            0.0021801000111736357,
            0.030086099985055625,
            0.0021527999779209495,
            0.002232200000435114
        ]
    }
}