{
    "model_name": "parameterless_knn_spread",
    "dataset": "heart_disease",
    "hyperparameters": {
        "metric": "spread",
        "n_optimizer_calls": 25
    },
    "metrics": {
        "accuracy_mean": 0.554516129032258,
        "accuracy_std": 0.06588344992824763,
        "train_time_mean": 7.037379952002084,
        "train_time_std": 0.7031115260904933,
        "predict_time_mean": 0.002855945497867651,
        "predict_time_std": 0.00027863255414480823
    },
    "fold_metrics": {
        "accuracies": [
            0.6129032258064516,
            0.4838709677419355,
            0.5483870967741935,
            0.6,
            0.5666666666666667,
            0.5333333333333333,
            0.4,
            0.5666666666666667,
            0.6333333333333333,
            0.6
        ],
        "train_times": [
            8.09919308499957,
            7.422384371995577,
            7.162967324999045,
            6.380518767997273,
            5.956275643009576,
            6.144757051006309,
            6.534296704005101,
            7.882627685001353,
            7.270282293000491,
            7.520496594006545
        ],
        "predict_times": [
            0.0029129070026101544,
            0.003029915998922661,
            0.0029822459910064936,
            0.003073276995564811,
            0.002316166996024549,
            0.0028737120010191575,
            0.002307710994500667,
            0.002961337988381274,
            0.0030422140116570517,
            0.003059966998989694
        ]
    }
}