{
    "model_name": "parameterless_knn_spread_margin_clustering",
    "dataset": "heart_disease",
    "hyperparameters": {
        "metric": "spread",
        "n_optimizer_calls": 25,
        "support_samples_method": "margin_clustering"
    },
    "metrics": {
        "accuracy_mean": 0.5808602150537634,
        "accuracy_std": 0.06877653368085913,
        "train_time_mean": 10.65021977997967,
        "train_time_std": 2.368615113441358,
        "predict_time_mean": 0.007892569992691278,
        "predict_time_std": 0.009212427086440714
    },
    "fold_metrics": {
        "accuracies": [
            0.5806451612903226,
            0.4838709677419355,
            0.6774193548387096,
            0.7,
            0.5666666666666667,
            0.6333333333333333,
            0.5,
            0.5333333333333333,
            0.6,
            0.5333333333333333
        ],
        "train_times": [
            13.741217500006314,
            10.435471099975985,
            11.167665500019211,
            9.15950549999252,
            7.915081199957058,
            8.557921600004192,
            8.46273679996375,
            9.970709099958185,
            11.294605699949898,
            15.797283799969591
        ],
        "predict_times": [
            0.019524200004525483,
            0.018853799963835627,
            0.002027199952863157,
            0.0020620999857783318,
            0.00167420000070706,
            0.0021016999962739646,
            0.002037899976130575,
            0.002051500021480024,
            0.0020037000067532063,
            0.026589400018565357
        ]
    }
}