{
    "model_name": "parameterless_knn_dissimilarity_margin_clustering",
    "dataset": "heart_disease",
    "hyperparameters": {
        "metric": "dissimilarity",
        "n_optimizer_calls": 25,
        "support_samples_method": "margin_clustering"
    },
    "metrics": {
        "accuracy_mean": 0.5840860215053763,
        "accuracy_std": 0.05167961638258166,
        "train_time_mean": 7.299106510006823,
        "train_time_std": 1.2829847625612245,
        "predict_time_mean": 0.0018501299957279116,
        "predict_time_std": 0.00010674683479477874
    },
    "fold_metrics": {
        "accuracies": [
            0.6129032258064516,
            0.5161290322580645,
            0.6451612903225806,
            0.6333333333333333,
            0.5333333333333333,
            0.6666666666666666,
            0.5333333333333333,
            0.5333333333333333,
            0.5666666666666667,
            0.6
        ],
        "train_times": [
            9.780719400034286,
            8.02360040001804,
            8.346536299970467,
            7.701307100011036,
            7.781759199977387,
            5.368894700019155,
            5.724651700002141,
            6.016557800001465,
            7.55604580004001,
            6.69099269999424
        ],
        "predict_times": [
            0.00196309998864308,
            0.001863999990746379,
            0.0017946999869309366,
            0.0017210999503731728,
            0.001796900003682822,
            0.001880299998447299,
            0.0017235000268556178,
            0.001743700006045401,
            0.002028800023254007,
            0.0019851999823004007
        ]
    }
}