{
    "model_name": "parameterless_knn_opposite_hyperplane_gabriel_graph",
    "dataset": "heart_disease",
    "hyperparameters": {
        "metric": "opposite_hyperplane",
        "n_optimizer_calls": 25,
        "support_samples_method": "gabriel_graph"
    },
    "metrics": {
        "accuracy_mean": 0.580752688172043,
        "accuracy_std": 0.057717902128830975,
        "train_time_mean": 12.847845220007002,
        "train_time_std": 3.4212520544698295,
        "predict_time_mean": 0.008722980006132275,
        "predict_time_std": 0.012216518932711858
    },
    "fold_metrics": {
        "accuracies": [
            0.6451612903225806,
            0.5161290322580645,
            0.6129032258064516,
            0.6333333333333333,
            0.5666666666666667,
            0.6666666666666666,
            0.5,
            0.5,
            0.6,
            0.5666666666666667
        ],
        "train_times": [
            8.04618649999611,
            8.081788800016511,
            10.608123900019564,
            13.024154299986549,
            11.398478400020394,
            13.295004899962805,
            14.360715400020126,
            12.878341900010128,
            18.663924899999984,
            18.121733200037852
        ],
        "predict_times": [
            0.0024105000193230808,
            0.002159999974537641,
            0.0024919999996200204,
            0.0022749000345356762,
            0.002449000021442771,
            0.03280730004189536,
            0.0022359000286087394,
            0.033410899981390685,
            0.004807399993296713,
            0.002181899966672063
        ]
    }
}