{
    "model_name": "parameterless_knn_convex_hull_intra_gabriel_graph",
    "dataset": "heart_disease",
    "hyperparameters": {
        "metric": "convex_hull_intra",
        "n_optimizer_calls": 25,
        "support_samples_method": "gabriel_graph"
    },
    "metrics": {
        "accuracy_mean": 0.564516129032258,
        "accuracy_std": 0.05512889698417373,
        "train_time_mean": 17.299437639984536,
        "train_time_std": 4.908667585138399,
        "predict_time_mean": 0.0026198600069619717,
        "predict_time_std": 0.0010213166697561136
    },
    "fold_metrics": {
        "accuracies": [
            0.5483870967741935,
            0.4838709677419355,
            0.6129032258064516,
            0.6,
            0.5666666666666667,
            0.6666666666666666,
            0.5,
            0.5,
            0.6,
            0.5666666666666667
        ],
        "train_times": [
            11.665813600004185,
            9.894611099967733,
            12.640604699961841,
            13.457922699977644,
            17.105037299974356,
            18.164340599963907,
            21.40591690002475,
            21.37531829997897,
            24.90548289997969,
            22.379328300012276
        ],
        "predict_times": [
            0.0022465999936684966,
            0.002398099983111024,
            0.0023760999902151525,
            0.0023826000397093594,
            0.0022214000346139073,
            0.002121600031387061,
            0.0022116999607533216,
            0.0022855999995954335,
            0.0022811000235378742,
            0.005673800013028085
        ]
    }
}