{
    "model_name": "parameterless_knn_opposite_hyperplane",
    "dataset": "heart_disease",
    "hyperparameters": {
        "metric": "opposite_hyperplane",
        "n_optimizer_calls": 25
    },
    "metrics": {
        "accuracy_mean": 0.5249462365591397,
        "accuracy_std": 0.06829235338802793,
        "train_time_mean": 4.558962217303633,
        "train_time_std": 0.14961658182818563,
        "predict_time_mean": 0.002306240900361445,
        "predict_time_std": 0.00025935308869012256
    },
    "fold_metrics": {
        "accuracies": [
            0.4838709677419355,
            0.4838709677419355,
            0.5483870967741935,
            0.5666666666666667,
            0.6,
            0.43333333333333335,
            0.4,
            0.5333333333333333,
            0.6,
            0.6
        ],
        "train_times": [
            4.6998871930118185,
            4.645376896995003,
            4.531069147007656,
            4.457263536009123,
            4.534073425995302,
            4.350175630999729,
            4.763024126004893,
            4.371703251003055,
            4.787919619004242,
            4.44912934700551
        ],
        "predict_times": [
            0.002816488005919382,
            0.0021836079977219924,
            0.002201269002398476,
            0.0021720469958381727,
            0.0021764400007668883,
            0.002166605001548305,
            0.002165444995625876,
            0.002162839999073185,
            0.0028324080049060285,
            0.002185258999816142
        ]
    }
}