{
    "model_name": "parameterless_knn_dissimilarity",
    "dataset": "heart_disease",
    "hyperparameters": {
        "metric": "dissimilarity",
        "n_optimizer_calls": 25
    },
    "metrics": {
        "accuracy_mean": 0.5577419354838709,
        "accuracy_std": 0.0740110737215335,
        "train_time_mean": 7.120565376499144,
        "train_time_std": 0.3111452140681511,
        "predict_time_mean": 0.0029053044010652227,
        "predict_time_std": 5.464791308361437e-05
    },
    "fold_metrics": {
        "accuracies": [
            0.6451612903225806,
            0.4838709677419355,
            0.5483870967741935,
            0.43333333333333335,
            0.6666666666666666,
            0.6,
            0.4666666666666667,
            0.5333333333333333,
            0.6,
            0.6
        ],
        "train_times": [
            7.362963007995859,
            7.3011547249916475,
            7.271387633008999,
            7.150829845006228,
            7.14525103798951,
            7.56890645500971,
            7.190140006001457,
            6.45645124699513,
            6.668167420997634,
            7.090402386995265
        ],
        "predict_times": [
            0.0029533009947044775,
            0.002935490003437735,
            0.0028501560009317473,
            0.0029148400062695146,
            0.0028928680112585425,
            0.002866776005248539,
            0.0028640459931921214,
            0.003036630994756706,
            0.0028560460050357506,
            0.002882889995817095
        ]
    }
}