{
    "model_name": "parameterless_knn_convex_hull_intra",
    "dataset": "heart_disease",
    "hyperparameters": {
        "metric": "convex_hull_intra",
        "n_optimizer_calls": 25
    },
    "metrics": {
        "accuracy_mean": 0.5481720430107526,
        "accuracy_std": 0.04005084062367438,
        "train_time_mean": 5.991265846398892,
        "train_time_std": 0.8544516473729146,
        "predict_time_mean": 0.0026800696010468527,
        "predict_time_std": 0.00032965462981690677
    },
    "fold_metrics": {
        "accuracies": [
            0.4838709677419355,
            0.5806451612903226,
            0.4838709677419355,
            0.5333333333333333,
            0.6,
            0.5333333333333333,
            0.5333333333333333,
            0.5666666666666667,
            0.5666666666666667,
            0.6
        ],
        "train_times": [
            5.347144080995349,
            6.805208281002706,
            6.920461510992027,
            4.738003996011685,
            5.153103978998843,
            7.276382998999907,
            5.017130348001956,
            5.837950504996115,
            6.647935242988751,
            6.16933752100158
        ],
        "predict_times": [
            0.0021435990056488663,
            0.0028577799967024475,
            0.002900517007219605,
            0.002199408001615666,
            0.0029312210099305958,
            0.00282788100594189,
            0.00219563499558717,
            0.002878407991374843,
            0.002951759990537539,
            0.002914487005909905
        ]
    }
}