{
    "model_name": "parameterless_knn_spread_hnbf",
    "dataset": "heart_disease",
    "hyperparameters": {
        "metric": "spread",
        "n_optimizer_calls": 25,
        "support_samples_method": "hnbf"
    },
    "metrics": {
        "accuracy_mean": 0.5411827956989248,
        "accuracy_std": 0.010838901688007373,
        "train_time_mean": 4.1574084000021685,
        "train_time_std": 1.605762897269382,
        "predict_time_mean": 0.0019051000068429857,
        "predict_time_std": 0.00028046689216631743
    },
    "fold_metrics": {
        "accuracies": [
            0.5483870967741935,
            0.5483870967741935,
            0.5483870967741935,
            0.5666666666666667,
            0.5333333333333333,
            0.5333333333333333,
            0.5333333333333333,
            0.5333333333333333,
            0.5333333333333333,
            0.5333333333333333
        ],
        "train_times": [
            5.050061899994034,
            3.2503481000312604,
            3.7045163000002503,
            3.3689870999660343,
            4.315233099972829,
            3.4965226000058465,
            3.278827700007241,
            8.662231800029986,
            3.4076806000084616,
            3.0396748000057414
        ],
        "predict_times": [
            0.001887099992018193,
            0.0016978000057861209,
            0.002575599995907396,
            0.001761100022122264,
            0.0017131000058725476,
            0.0016489000408910215,
            0.0018588000093586743,
            0.0016585999983362854,
            0.002198799978941679,
            0.002051200019195676
        ]
    }
}