{
    "model_name": "parameterless_knn_silhouette",
    "dataset": "heart_disease",
    "hyperparameters": {
        "metric": "silhouette",
        "n_optimizer_calls": 25
    },
    "metrics": {
        "accuracy_mean": 0.5480645161290323,
        "accuracy_std": 0.04658297336291798,
        "train_time_mean": 5.356768737400126,
        "train_time_std": 0.537251035549738,
        "predict_time_mean": 0.0025162510020891203,
        "predict_time_std": 0.00034899431275719296
    },
    "fold_metrics": {
        "accuracies": [
            0.4838709677419355,
            0.5806451612903226,
            0.5161290322580645,
            0.5666666666666667,
            0.6,
            0.5333333333333333,
            0.4666666666666667,
            0.5333333333333333,
            0.6,
            0.6
        ],
        "train_times": [
            5.674792808000348,
            5.3809118129865965,
            4.556816289987182,
            4.810381846007658,
            5.539889947001939,
            4.795036505005555,
            4.9698392400023295,
            6.10604134699679,
            6.2312363980017835,
            5.502741180011071
        ],
        "predict_times": [
            0.0021122640027897432,
            0.0022376809938577935,
            0.0023044990084599704,
            0.002141855002264492,
            0.0028735519881593063,
            0.002543841997976415,
            0.0029611190111609176,
            0.0028954070003237575,
            0.0029463160026352853,
            0.0021459750132635236
        ]
    }
}