{
    "model_name": "parameterless_knn_convex_hull_inter_gabriel_graph",
    "dataset": "heart_disease",
    "hyperparameters": {
        "metric": "convex_hull_inter",
        "n_optimizer_calls": 25,
        "support_samples_method": "gabriel_graph"
    },
    "metrics": {
        "accuracy_mean": 0.5741935483870967,
        "accuracy_std": 0.05001098272257593,
        "train_time_mean": 22.446626950002972,
        "train_time_std": 6.844653874276464,
        "predict_time_mean": 0.010473190003540366,
        "predict_time_std": 0.013012823837449517
    },
    "fold_metrics": {
        "accuracies": [
            0.5806451612903226,
            0.5161290322580645,
            0.6451612903225806,
            0.6333333333333333,
            0.5666666666666667,
            0.6333333333333333,
            0.5,
            0.5333333333333333,
            0.6,
            0.5333333333333333
        ],
        "train_times": [
            14.984972100006416,
            19.055546100018546,
            16.845439500000793,
            13.462429400009569,
            16.17876520002028,
            23.952550799993332,
            32.930709499982186,
            27.60115850000875,
            28.11938079999527,
            31.335317599994596
        ],
        "predict_times": [
            0.026756700011901557,
            0.002446600003167987,
            0.0026508000446483493,
            0.0023252000100910664,
            0.04087559995241463,
            0.0024967000354081392,
            0.002617499965708703,
            0.002493100007995963,
            0.0188522000098601,
            0.0032174999942071736
        ]
    }
}