{
    "model_name": "parameterless_knn_opposite_hyperplane_margin_clustering",
    "dataset": "heart_disease",
    "hyperparameters": {
        "metric": "opposite_hyperplane",
        "n_optimizer_calls": 25,
        "support_samples_method": "margin_clustering"
    },
    "metrics": {
        "accuracy_mean": 0.5776344086021504,
        "accuracy_std": 0.059922098423900706,
        "train_time_mean": 9.789218490006169,
        "train_time_std": 3.6788179478284846,
        "predict_time_mean": 0.0027120800048578532,
        "predict_time_std": 0.001673596166961662
    },
    "fold_metrics": {
        "accuracies": [
            0.5806451612903226,
            0.5161290322580645,
            0.6129032258064516,
            0.7,
            0.5666666666666667,
            0.6333333333333333,
            0.5,
            0.5,
            0.5666666666666667,
            0.6
        ],
        "train_times": [
            7.002633900032379,
            4.9646761999465525,
            8.356067400018219,
            6.403295100026298,
            7.0212434999994,
            12.51655469997786,
            10.082275200053118,
            12.298046400013845,
            17.981735499983188,
            11.265657000010833
        ],
        "predict_times": [
            0.0018680999637581408,
            0.0019138000207021832,
            0.006468400009907782,
            0.0020385999814607203,
            0.001940599991939962,
            0.005589100008364767,
            0.0016323000309057534,
            0.0020247999927960336,
            0.0018609000253491104,
            0.001784200023394078
        ]
    }
}