{
    "model_name": "parameterless_knn_convex_hull_inter",
    "dataset": "heart_disease",
    "hyperparameters": {
        "metric": "convex_hull_inter",
        "n_optimizer_calls": 25
    },
    "metrics": {
        "accuracy_mean": 0.5741935483870967,
        "accuracy_std": 0.055652822702537616,
        "train_time_mean": 10.042250820397749,
        "train_time_std": 1.6965266250806803,
        "predict_time_mean": 0.003086763799365144,
        "predict_time_std": 0.0004050784510081326
    },
    "fold_metrics": {
        "accuracies": [
            0.5806451612903226,
            0.4838709677419355,
            0.6774193548387096,
            0.6333333333333333,
            0.5666666666666667,
            0.6333333333333333,
            0.5333333333333333,
            0.5333333333333333,
            0.5666666666666667,
            0.5333333333333333
        ],
        "train_times": [
            8.82395408199227,
            9.491817709000316,
            11.942800553006236,
            8.035726400004933,
            9.268072270002449,
            12.981456814988633,
            9.498260751002817,
            7.756669748996501,
            10.482841863995418,
            12.140908010987914
        ],
        "predict_times": [
            0.0035573390050558373,
            0.002589502008049749,
            0.0034343879960943013,
            0.003555666989996098,
            0.003272129994002171,
            0.003251382993767038,
            0.002621524006826803,
            0.0024838359968271106,
            0.003357092005899176,
            0.002744776997133158
        ]
    }
}