{
    "model_name": "parameterless_knn_convex_hull_inter",
    "dataset": "heart_disease",
    "hyperparameters": {
        "metric": "convex_hull_inter",
        "n_optimizer_calls": 25
    },
    "metrics": {
        "accuracy_mean": 0.5741935483870967,
        "accuracy_std": 0.055652822702537616,
        "train_time_mean": 10.038432950399875,
        "train_time_std": 1.6643239220400772,
        "predict_time_mean": 0.003207728896813933,
        "predict_time_std": 0.0004097643096486711
    },
    "fold_metrics": {
        "accuracies": [
            0.5806451612903226,
            0.4838709677419355,
            0.6774193548387096,
            0.6333333333333333,
            0.5666666666666667,
            0.6333333333333333,
            0.5333333333333333,
            0.5333333333333333,
            0.5666666666666667,
            0.5333333333333333
        ],
        "train_times": [
            8.90898702100094,
            9.446606320998399,
            11.889977529004682,
            8.14802057700581,
            9.296291552993353,
            12.995961494991207,
            9.515500182998949,
            7.758018220003578,
            10.333941723001772,
            12.091024882000056
        ],
        "predict_times": [
            0.0035944730043411255,
            0.0026669409999158233,
            0.003436119994148612,
            0.0035003099910682067,
            0.0033823279954958707,
            0.0032802249916130677,
            0.0026829510024981573,
            0.002454589994158596,
            0.0035230700013926253,
            0.0035562809935072437
        ]
    }
}