{
    "model_name": "parameterless_knn_convex_hull_intra",
    "dataset": "heart_disease",
    "hyperparameters": {
        "metric": "convex_hull_intra",
        "n_optimizer_calls": 25
    },
    "metrics": {
        "accuracy_mean": 0.5481720430107526,
        "accuracy_std": 0.04005084062367438,
        "train_time_mean": 6.058028175997606,
        "train_time_std": 0.9003521455947319,
        "predict_time_mean": 0.0026962296033161692,
        "predict_time_std": 0.00034087924069800616
    },
    "fold_metrics": {
        "accuracies": [
            0.4838709677419355,
            0.5806451612903226,
            0.4838709677419355,
            0.5333333333333333,
            0.6,
            0.5333333333333333,
            0.5333333333333333,
            0.5666666666666667,
            0.5666666666666667,
            0.6
        ],
        "train_times": [
            5.366740815996309,
            6.781442676001461,
            7.03970257799665,
            4.702542954997625,
            5.096129572993959,
            7.388800230997731,
            5.131449900989537,
            5.919854064006358,
            6.8866462409932865,
            6.266972725003143
        ],
        "predict_times": [
            0.002150413012714125,
            0.0029496610077330843,
            0.0029025600088061765,
            0.0022046269878046587,
            0.0028907130035804585,
            0.0029473379981936887,
            0.002175499001168646,
            0.0029015750042162836,
            0.0028946020029252395,
            0.0029453080060193315
        ]
    }
}