{
    "model_name": "parameterless_knn_spread",
    "dataset": "heart_disease",
    "hyperparameters": {
        "metric": "spread",
        "n_optimizer_calls": 25
    },
    "metrics": {
        "accuracy_mean": 0.554516129032258,
        "accuracy_std": 0.06588344992824763,
        "train_time_mean": 6.9600064503960315,
        "train_time_std": 0.6830652334814648,
        "predict_time_mean": 0.002803746699646581,
        "predict_time_std": 0.0002483621857198047
    },
    "fold_metrics": {
        "accuracies": [
            0.6129032258064516,
            0.4838709677419355,
            0.5483870967741935,
            0.6,
            0.5666666666666667,
            0.5333333333333333,
            0.4,
            0.5666666666666667,
            0.6333333333333333,
            0.6
        ],
        "train_times": [
            8.150206156002241,
            7.224248653990799,
            7.017506445001345,
            6.188288003002526,
            6.066609553003218,
            6.1390568599890685,
            6.564593809991493,
            7.851849390994175,
            7.052942169990274,
            7.344763461995171
        ],
        "predict_times": [
            0.002831470003002323,
            0.0029312020051293075,
            0.00292997999349609,
            0.0029650369979208335,
            0.0022873889975016937,
            0.002885854002670385,
            0.0023468619911000133,
            0.002952063994598575,
            0.0028877300064777955,
            0.003019879004568793
        ]
    }
}