{
    "model_name": "parameterless_knn_silhouette_gabriel_graph",
    "dataset": "heart_disease",
    "hyperparameters": {
        "metric": "silhouette",
        "n_optimizer_calls": 25,
        "support_samples_method": "gabriel_graph"
    },
    "metrics": {
        "accuracy_mean": 0.5674193548387096,
        "accuracy_std": 0.03673282588050234,
        "train_time_mean": 9.941674820001936,
        "train_time_std": 1.3618167715141596,
        "predict_time_mean": 0.0031562999938614666,
        "predict_time_std": 0.0028172157968276964
    },
    "fold_metrics": {
        "accuracies": [
            0.5483870967741935,
            0.6129032258064516,
            0.6129032258064516,
            0.5333333333333333,
            0.6333333333333333,
            0.5333333333333333,
            0.5333333333333333,
            0.5333333333333333,
            0.5666666666666667,
            0.5666666666666667
        ],
        "train_times": [
            9.186108499998227,
            10.632760200009216,
            9.478729099966586,
            9.575264400045853,
            7.6137793000089005,
            8.146267799951602,
            11.05981000000611,
            10.395867299987003,
            10.91711070004385,
            12.41105090000201
        ],
        "predict_times": [
            0.0021533999824896455,
            0.0022610999876633286,
            0.011601899983361363,
            0.002324199944268912,
            0.002182800031732768,
            0.002331600000616163,
            0.0022717000101692975,
            0.002258600026834756,
            0.002237499982584268,
            0.0019401999888941646
        ]
    }
}