{
    "model_name": "parameterless_knn_dissimilarity_hnbf",
    "dataset": "heart_disease",
    "hyperparameters": {
        "metric": "dissimilarity",
        "n_optimizer_calls": 25,
        "support_samples_method": "hnbf"
    },
    "metrics": {
        "accuracy_mean": 0.5411827956989248,
        "accuracy_std": 0.010838901688007373,
        "train_time_mean": 3.9921779299969784,
        "train_time_std": 0.9114648258114142,
        "predict_time_mean": 0.0035684999835211783,
        "predict_time_std": 0.0040177814984205555
    },
    "fold_metrics": {
        "accuracies": [
            0.5483870967741935,
            0.5483870967741935,
            0.5483870967741935,
            0.5666666666666667,
            0.5333333333333333,
            0.5333333333333333,
            0.5333333333333333,
            0.5333333333333333,
            0.5333333333333333,
            0.5333333333333333
        ],
        "train_times": [
            5.0281579999718815,
            3.5380939999595284,
            3.7748704999685287,
            3.562993200030178,
            4.177982099994551,
            3.3810843999963254,
            3.3278907000203617,
            6.234602499986067,
            3.0437240000464953,
            3.852379899995867
        ],
        "predict_times": [
            0.002154999994672835,
            0.00195569999050349,
            0.0034084999933838844,
            0.0018383999704383314,
            0.002590899995993823,
            0.0028639999800361693,
            0.0018671999569050968,
            0.01551820000167936,
            0.0017938999808393419,
            0.0016931999707594514
        ]
    }
}