{
    "model_name": "parameterless_knn_convex_hull_intra_hnbf",
    "dataset": "heart_disease",
    "hyperparameters": {
        "metric": "convex_hull_intra",
        "n_optimizer_calls": 25,
        "support_samples_method": "hnbf"
    },
    "metrics": {
        "accuracy_mean": 0.5411827956989248,
        "accuracy_std": 0.010838901688007373,
        "train_time_mean": 5.569277190009598,
        "train_time_std": 1.1976006950115192,
        "predict_time_mean": 0.03913607000140473,
        "predict_time_std": 0.11196028842935428
    },
    "fold_metrics": {
        "accuracies": [
            0.5483870967741935,
            0.5483870967741935,
            0.5483870967741935,
            0.5666666666666667,
            0.5333333333333333,
            0.5333333333333333,
            0.5333333333333333,
            0.5333333333333333,
            0.5333333333333333,
            0.5333333333333333
        ],
        "train_times": [
            5.341911200026516,
            7.426058800017927,
            7.14764290000312,
            5.786045400018338,
            4.549689000006765,
            6.084931499965023,
            6.623998399998527,
            3.6321261000121012,
            4.7195404000231065,
            4.380828200024553
        ],
        "predict_times": [
            0.001687800046056509,
            0.37501620000693947,
            0.002435999980662018,
            0.0016620000242255628,
            0.0015402999706566334,
            0.0019049000111408532,
            0.0019203000119887292,
            0.0017825000104494393,
            0.0016613999614492059,
            0.001749299990478903
        ]
    }
}