{
    "model_name": "parameterless_knn_silhouette",
    "dataset": "heart_disease",
    "hyperparameters": {
        "metric": "silhouette",
        "n_optimizer_calls": 25
    },
    "metrics": {
        "accuracy_mean": 0.5480645161290323,
        "accuracy_std": 0.04658297336291798,
        "train_time_mean": 5.331487774099514,
        "train_time_std": 0.56412966332845,
        "predict_time_mean": 0.0025695146032376215,
        "predict_time_std": 0.0003553091246179322
    },
    "fold_metrics": {
        "accuracies": [
            0.4838709677419355,
            0.5806451612903226,
            0.5161290322580645,
            0.5666666666666667,
            0.6,
            0.5333333333333333,
            0.4666666666666667,
            0.5333333333333333,
            0.6,
            0.6
        ],
        "train_times": [
            5.706520594001631,
            5.42073226699722,
            4.484778501995606,
            4.865094468987081,
            5.50005191800301,
            4.563576125990949,
            4.990529797010822,
            6.082338559004711,
            6.212722505006241,
            5.488533003997873
        ],
        "predict_times": [
            0.0021324720000848174,
            0.0028727450117003173,
            0.0022383530013030395,
            0.002105201012454927,
            0.002915945995482616,
            0.0025418750010430813,
            0.002913643009378575,
            0.0028981909999856725,
            0.0029289130034158006,
            0.0021478069975273684
        ]
    }
}