{
    "model_name": "parameterless_knn_convex_hull_intra_margin_clustering",
    "dataset": "heart_disease",
    "hyperparameters": {
        "metric": "convex_hull_intra",
        "n_optimizer_calls": 25,
        "support_samples_method": "margin_clustering"
    },
    "metrics": {
        "accuracy_mean": 0.5873118279569892,
        "accuracy_std": 0.062302155353434044,
        "train_time_mean": 9.602675600000657,
        "train_time_std": 2.791228639414224,
        "predict_time_mean": 0.06821793998824432,
        "predict_time_std": 0.14103813153214062
    },
    "fold_metrics": {
        "accuracies": [
            0.6129032258064516,
            0.5483870967741935,
            0.6451612903225806,
            0.7,
            0.5666666666666667,
            0.6666666666666666,
            0.5,
            0.5333333333333333,
            0.5666666666666667,
            0.5333333333333333
        ],
        "train_times": [
            11.066223900008481,
            8.087332700029947,
            12.497667299991008,
            11.565015300002415,
            6.6075046000187285,
            5.911221999966074,
            7.505604500009213,
            7.139435999968555,
            14.75089119997574,
            10.895858500036411
        ],
        "predict_times": [
            0.0019583000103011727,
            0.22585990000516176,
            0.0018470999784767628,
            0.002082599967252463,
            0.0019901999621652067,
            0.0018751000170595944,
            0.0017994999652728438,
            0.0019265000009909272,
            0.0019183999975211918,
            0.4409217999782413
        ]
    }
}