{
    "model_name": "parameterless_knn_spread_gabriel_graph",
    "dataset": "heart_disease",
    "hyperparameters": {
        "metric": "spread",
        "n_optimizer_calls": 25,
        "support_samples_method": "gabriel_graph"
    },
    "metrics": {
        "accuracy_mean": 0.5740860215053762,
        "accuracy_std": 0.05126552002820497,
        "train_time_mean": 18.820711450005184,
        "train_time_std": 6.460480718988632,
        "predict_time_mean": 0.002968079992569983,
        "predict_time_std": 0.001483944224409941
    },
    "fold_metrics": {
        "accuracies": [
            0.6129032258064516,
            0.5483870967741935,
            0.6129032258064516,
            0.6,
            0.5666666666666667,
            0.6666666666666666,
            0.5,
            0.5,
            0.6,
            0.5333333333333333
        ],
        "train_times": [
            16.532262600027025,
            12.896489400009159,
            14.433945299999323,
            12.643560500000603,
            13.376167900045402,
            13.743076300015673,
            21.795240100007504,
            23.7689040999976,
            28.409126899961848,
            30.608341399987694
        ],
        "predict_times": [
            0.0035712000099010766,
            0.007222999993246049,
            0.002200299990363419,
            0.0027408000314608216,
            0.0026567999739199877,
            0.0019409999949857593,
            0.00218819995643571,
            0.0023352999705821276,
            0.00215419998858124,
            0.0026700000162236392
        ]
    }
}