{
    "model_name": "parameterless_knn_opposite_hyperplane",
    "dataset": "heart_disease",
    "hyperparameters": {
        "metric": "opposite_hyperplane",
        "n_optimizer_calls": 25
    },
    "metrics": {
        "accuracy_mean": 0.5249462365591397,
        "accuracy_std": 0.06829235338802793,
        "train_time_mean": 4.53659432100103,
        "train_time_std": 0.1366213340944872,
        "predict_time_mean": 0.0023045191031997093,
        "predict_time_std": 0.00026127875274716065
    },
    "fold_metrics": {
        "accuracies": [
            0.4838709677419355,
            0.4838709677419355,
            0.5483870967741935,
            0.5666666666666667,
            0.6,
            0.43333333333333335,
            0.4,
            0.5333333333333333,
            0.6,
            0.6
        ],
        "train_times": [
            4.725857598998118,
            4.619659263000358,
            4.437439169996651,
            4.45383599800698,
            4.5336780049983645,
            4.432429387001321,
            4.758764598009293,
            4.366371905998676,
            4.65576793999935,
            4.382139344001189
        ],
        "predict_times": [
            0.0028501820052042603,
            0.0021782230032840744,
            0.0021671029971912503,
            0.0021562949987128377,
            0.002187466001487337,
            0.002176820009481162,
            0.0021925799956079572,
            0.002160846008337103,
            0.0021734170004492626,
            0.002802259012241848
        ]
    }
}