{
    "model_name": "parameterless_knn_dissimilarity",
    "dataset": "heart_disease",
    "hyperparameters": {
        "metric": "dissimilarity",
        "n_optimizer_calls": 25
    },
    "metrics": {
        "accuracy_mean": 0.5577419354838709,
        "accuracy_std": 0.0740110737215335,
        "train_time_mean": 7.122330964800494,
        "train_time_std": 0.30459890642623655,
        "predict_time_mean": 0.00292857899912633,
        "predict_time_std": 5.214765948659996e-05
    },
    "fold_metrics": {
        "accuracies": [
            0.6451612903225806,
            0.4838709677419355,
            0.5483870967741935,
            0.43333333333333335,
            0.6666666666666666,
            0.6,
            0.4666666666666667,
            0.5333333333333333,
            0.6,
            0.6
        ],
        "train_times": [
            7.330613192010787,
            7.238826850007172,
            7.35909697599709,
            7.261649143998511,
            7.238354251006967,
            7.505392388993641,
            7.0809800819988595,
            6.543645860001561,
            6.576981384991086,
            7.087769518999266
        ],
        "predict_times": [
            0.0029397000034805387,
            0.0029931450117146596,
            0.002897817990742624,
            0.003037004003999755,
            0.0029311779944691807,
            0.002890730000217445,
            0.0028913409914821386,
            0.002870869997423142,
            0.0028735579981002957,
            0.002960445999633521
        ]
    }
}