{
    "model_name": "parameterless_knn_convex_hull_inter_hnbf",
    "dataset": "heart_disease",
    "hyperparameters": {
        "metric": "convex_hull_inter",
        "n_optimizer_calls": 25,
        "support_samples_method": "hnbf"
    },
    "metrics": {
        "accuracy_mean": 0.5411827956989248,
        "accuracy_std": 0.010838901688007373,
        "train_time_mean": 3.7665524500014724,
        "train_time_std": 0.4640049239573913,
        "predict_time_mean": 0.0018834400048945098,
        "predict_time_std": 0.0001399879147740331
    },
    "fold_metrics": {
        "accuracies": [
            0.5483870967741935,
            0.5483870967741935,
            0.5483870967741935,
            0.5666666666666667,
            0.5333333333333333,
            0.5333333333333333,
            0.5333333333333333,
            0.5333333333333333,
            0.5333333333333333,
            0.5333333333333333
        ],
        "train_times": [
            4.948708500014618,
            3.502913100004662,
            3.911154399975203,
            3.8989132000133395,
            4.088017500005662,
            3.445901800005231,
            3.7015519000124186,
            3.45146129996283,
            3.407547799986787,
            3.3093550000339746
        ],
        "predict_times": [
            0.002063599997200072,
            0.0018606000230647624,
            0.0019711999921128154,
            0.0017072000191546977,
            0.0020740999607369304,
            0.0018369000172242522,
            0.002043900021817535,
            0.001790400012396276,
            0.0018207000102847815,
            0.0016657999949529767
        ]
    }
}