{
    "model_name": "sklearn_knn_wrapper",
    "dataset": "heart_disease",
    "hyperparameters": {
        "n_optimizer_calls": 25
    },
    "metrics": {
        "accuracy_mean": 0.5576344086021505,
        "accuracy_std": 0.031027421586015375,
        "train_time_mean": 6.792203473304108,
        "train_time_std": 0.5448059543692735,
        "predict_time_mean": 0.002749177000077907,
        "predict_time_std": 0.0012855694324201484
    },
    "fold_metrics": {
        "accuracies": [
            0.6129032258064516,
            0.5161290322580645,
            0.5806451612903226,
            0.5333333333333333,
            0.5666666666666667,
            0.6,
            0.5333333333333333,
            0.5333333333333333,
            0.5666666666666667,
            0.5333333333333333
        ],
        "train_times": [
            7.075128876007511,
            8.076738275005482,
            6.540100526006427,
            6.969983960996615,
            5.911672054004157,
            6.543154573999345,
            6.559522832001676,
            6.651038967000204,
            7.13750574500591,
            6.457188923013746
        ],
        "predict_times": [
            0.004839407003601082,
            0.0013129200087860227,
            0.0034119820047635585,
            0.0031838650029385462,
            0.004118483004276641,
            0.0012156880111433566,
            0.003477576989098452,
            0.0012429679918568581,
            0.003372370993020013,
            0.0013165089912945405
        ]
    }
}