{
    "model_name": "sklearn_knn_wrapper",
    "dataset": "heart_disease",
    "hyperparameters": {
        "n_optimizer_calls": 25
    },
    "metrics": {
        "accuracy_mean": 0.5907526881720429,
        "accuracy_std": 0.04660319751120096,
        "train_time_mean": 15.126414420001675,
        "train_time_std": 4.735435421091143,
        "predict_time_mean": 0.004338360001565888,
        "predict_time_std": 0.008939870977446808
    },
    "fold_metrics": {
        "accuracies": [
            0.6451612903225806,
            0.5161290322580645,
            0.6129032258064516,
            0.6333333333333333,
            0.6333333333333333,
            0.6333333333333333,
            0.6,
            0.5666666666666667,
            0.5333333333333333,
            0.5333333333333333
        ],
        "train_times": [
            7.717195000033826,
            9.096612800029106,
            9.82652489998145,
            13.277025199960917,
            14.715037799964193,
            17.327738900028635,
            22.052793700015172,
            19.674187599972356,
            19.490439000015613,
            18.086589300015476
        ],
        "predict_times": [
            0.0014664000482298434,
            0.0010150999878533185,
            0.0013658999814651906,
            0.0017237000283785164,
            0.0015138000017032027,
            0.0015375000075437129,
            0.0010721000144258142,
            0.0015364999999292195,
            0.031148599984589964,
            0.001003999961540103
        ]
    }
}