{
    "model_name": "sklearn_knn_wrapper",
    "dataset": "heart_disease",
    "hyperparameters": {
        "n_optimizer_calls": 25
    },
    "metrics": {
        "accuracy_mean": 0.5576344086021505,
        "accuracy_std": 0.031027421586015375,
        "train_time_mean": 6.757404708398099,
        "train_time_std": 0.579379252749534,
        "predict_time_mean": 0.002688316699641291,
        "predict_time_std": 0.0012472873446505777
    },
    "fold_metrics": {
        "accuracies": [
            0.6129032258064516,
            0.5161290322580645,
            0.5806451612903226,
            0.5333333333333333,
            0.5666666666666667,
            0.6,
            0.5333333333333333,
            0.5333333333333333,
            0.5666666666666667,
            0.5333333333333333
        ],
        "train_times": [
            7.021300848995452,
            8.108508213001187,
            6.3070686160062905,
            6.986168267991161,
            5.835109082006966,
            6.527510966989212,
            6.523239315996761,
            6.680360650992952,
            7.138691280997591,
            6.446089841003413
        ],
        "predict_times": [
            0.004942212995956652,
            0.0012864290038123727,
            0.003425121001782827,
            0.0031950559932738543,
            0.003521399004966952,
            0.0012110309908166528,
            0.003371055005118251,
            0.001221921993419528,
            0.0033535959955770522,
            0.0013553450116887689
        ]
    }
}