{
    "model_name": "sklearn_knn_wrapper",
    "dataset": "heart_disease",
    "hyperparameters": {
    },
    "metrics": {
        "accuracy_mean": 0.5808602150537634,
        "accuracy_std": 0.06074231522445954,
        "train_time_mean": 0.5471455000006245,
        "train_time_std": 0.05870008291526682,
        "predict_time_mean": 0.0014380399996298365,
        "predict_time_std": 0.0002331832232653957
    }
}