{
    "model_name": "sklearn_knn_wrapper",
    "dataset": "heart_disease",
    "hyperparameters": {
        "n_optimizer_calls": 10
    },
    "metrics": {
        "accuracy_mean": 0.5808602150537634,
        "accuracy_std": 0.06074231522445954,
        "train_time_mean": 0.5342815499996505,
        "train_time_std": 0.05116571535434138,
        "predict_time_mean": 0.001333810000505764,
        "predict_time_std": 0.0002723075483913695
    }
}