{
    "model_name": "parameterless_knn_silhouette_margin_clustering",
    "dataset": "diabetes_pima",
    "hyperparameters": {
        "metric": "silhouette",
        "n_optimizer_calls": 25,
        "support_samples_method": "margin_clustering"
    },
    "metrics": {
        "accuracy_mean": 0.6679425837320574,
        "accuracy_std": 0.030559925713359935,
        "train_time_mean": 9.212480990000767,
        "train_time_std": 1.7994058287057952,
        "predict_time_mean": 0.004200059990398586,
        "predict_time_std": 0.00047156849919890916
    },
    "fold_metrics": {
        "accuracies": [
            0.6363636363636364,
            0.6493506493506493,
            0.6493506493506493,
            0.6883116883116883,
            0.7012987012987013,
            0.6493506493506493,
            0.7402597402597403,
            0.6493506493506493,
            0.6578947368421053,
            0.6578947368421053
        ],
        "train_times": [
            11.427746400004253,
            10.768601599964313,
            9.330362699984107,
            9.196868399973027,
            6.739146300009452,
            6.743676399986725,
            7.728364600043278,
            8.05595790001098,
            9.970631700009108,
            12.163453900022432
        ],
        "predict_times": [
            0.004086299974005669,
            0.0038280999870039523,
            0.005224500026088208,
            0.004119700053706765,
            0.004996599978767335,
            0.0037706999573856592,
            0.003961099951993674,
            0.004125299979932606,
            0.0038992000045254827,
            0.003989099990576506
        ]
    }
}