{
    "model_name": "parameterless_knn_convex_hull_intra_gabriel_graph",
    "dataset": "diabetes_pima",
    "hyperparameters": {
        "metric": "convex_hull_intra",
        "n_optimizer_calls": 25,
        "support_samples_method": "gabriel_graph"
    },
    "metrics": {
        "accuracy_mean": 0.712218045112782,
        "accuracy_std": 0.03432235133314991,
        "train_time_mean": 25.450803620001533,
        "train_time_std": 3.156557402977827,
        "predict_time_mean": 0.009837469994090497,
        "predict_time_std": 0.008827924973614124
    },
    "fold_metrics": {
        "accuracies": [
            0.6753246753246753,
            0.6883116883116883,
            0.7662337662337663,
            0.7142857142857143,
            0.7012987012987013,
            0.6753246753246753,
            0.7662337662337663,
            0.7272727272727273,
            0.7368421052631579,
            0.6710526315789473
        ],
        "train_times": [
            25.328579000022728,
            20.069263100042008,
            21.02181180001935,
            27.21911739994539,
            31.73960420000367,
            25.85543840000173,
            26.59790090000024,
            23.694412699958775,
            25.58474890002981,
            27.39715979999164
        ],
        "predict_times": [
            0.005284200015012175,
            0.006106100045144558,
            0.005206500005442649,
            0.005328800005372614,
            0.0055670999572612345,
            0.025197899958584458,
            0.005539099976886064,
            0.029558899987023324,
            0.00528779998421669,
            0.0052983000059612095
        ]
    }
}