{
    "model_name": "parameterless_knn_silhouette_hnbf",
    "dataset": "diabetes_pima",
    "hyperparameters": {
        "metric": "silhouette",
        "n_optimizer_calls": 25,
        "support_samples_method": "hnbf"
    },
    "metrics": {
        "accuracy_mean": 0.6900717703349282,
        "accuracy_std": 0.05109496051447764,
        "train_time_mean": 7.777993240003707,
        "train_time_std": 1.4226145279985813,
        "predict_time_mean": 0.007625639997422695,
        "predict_time_std": 0.009879829448859017
    },
    "fold_metrics": {
        "accuracies": [
            0.6883116883116883,
            0.6493506493506493,
            0.7922077922077922,
            0.6493506493506493,
            0.6493506493506493,
            0.6883116883116883,
            0.6493506493506493,
            0.7792207792207793,
            0.6578947368421053,
            0.6973684210526315
        ],
        "train_times": [
            6.374168700014707,
            7.668847900000401,
            9.719123199989554,
            10.249792999995407,
            8.374255199974868,
            5.989691000024322,
            6.084685600013472,
            6.651458700012881,
            8.520763700013049,
            8.147145399998408
        ],
        "predict_times": [
            0.004206600016914308,
            0.004348099988419563,
            0.00342550000641495,
            0.007043800025712699,
            0.004219199996441603,
            0.03713010001229122,
            0.0041809999966062605,
            0.0037328999605961144,
            0.004139799973927438,
            0.0038293999969027936
        ]
    }
}