{
    "model_name": "parameterless_knn_dissimilarity_gabriel_graph",
    "dataset": "diabetes_pima",
    "hyperparameters": {
        "metric": "dissimilarity",
        "n_optimizer_calls": 25,
        "support_samples_method": "gabriel_graph"
    },
    "metrics": {
        "accuracy_mean": 0.740874914559125,
        "accuracy_std": 0.03319394594729007,
        "train_time_mean": 26.745055280002997,
        "train_time_std": 3.8042109445261736,
        "predict_time_mean": 0.008733130007749423,
        "predict_time_std": 0.009159025652365982
    },
    "fold_metrics": {
        "accuracies": [
            0.7012987012987013,
            0.7532467532467533,
            0.7402597402597403,
            0.7012987012987013,
            0.7532467532467533,
            0.7402597402597403,
            0.8181818181818182,
            0.7272727272727273,
            0.7631578947368421,
            0.7105263157894737
        ],
        "train_times": [
            24.781955499958713,
            22.11142850003671,
            24.04885820002528,
            25.698392899997998,
            27.1848478000029,
            34.1277777000214,
            32.47127699997509,
            22.892408599960618,
            25.00604890001705,
            29.12755770003423
        ],
        "predict_times": [
            0.004703400016296655,
            0.005125200026668608,
            0.006145799998193979,
            0.006939699989743531,
            0.004773099964950234,
            0.035996099992189556,
            0.0049162000068463385,
            0.005578900047112256,
            0.004713800037279725,
            0.00843909999821335
        ]
    }
}