{
    "model_name": "parameterless_knn_spread_gabriel_graph",
    "dataset": "diabetes_pima",
    "hyperparameters": {
        "metric": "spread",
        "n_optimizer_calls": 25,
        "support_samples_method": "gabriel_graph"
    },
    "metrics": {
        "accuracy_mean": 0.7200786056049215,
        "accuracy_std": 0.03432813611050202,
        "train_time_mean": 26.093242930003907,
        "train_time_std": 3.6349441142906773,
        "predict_time_mean": 0.011635240004397928,
        "predict_time_std": 0.011495991478140176
    },
    "fold_metrics": {
        "accuracies": [
            0.6753246753246753,
            0.7142857142857143,
            0.7272727272727273,
            0.7012987012987013,
            0.7402597402597403,
            0.6883116883116883,
            0.7922077922077922,
            0.7012987012987013,
            0.7631578947368421,
            0.6973684210526315
        ],
        "train_times": [
            24.101982399995904,
            21.119271799980197,
            22.125064500025474,
            25.576304799993522,
            26.1803558000247,
            26.969701300025918,
            28.976550399966072,
            28.38078249996761,
            34.180636600009166,
            23.321779200050514
        ],
        "predict_times": [
            0.005177400016691536,
            0.010542000003624707,
            0.004968099994584918,
            0.005146199953742325,
            0.033812500012572855,
            0.005697300017345697,
            0.03499690000899136,
            0.005763100052718073,
            0.005102300026919693,
            0.005146599956788123
        ]
    }
}