{
    "model_name": "parameterless_knn_opposite_hyperplane_margin_clustering",
    "dataset": "diabetes_pima",
    "hyperparameters": {
        "metric": "opposite_hyperplane",
        "n_optimizer_calls": 25,
        "support_samples_method": "margin_clustering"
    },
    "metrics": {
        "accuracy_mean": 0.7448222829801776,
        "accuracy_std": 0.042983472526761914,
        "train_time_mean": 8.507664849993308,
        "train_time_std": 1.5662584565248932,
        "predict_time_mean": 0.005298430001130327,
        "predict_time_std": 0.005607355648139668
    },
    "fold_metrics": {
        "accuracies": [
            0.6883116883116883,
            0.7402597402597403,
            0.7792207792207793,
            0.7012987012987013,
            0.7142857142857143,
            0.7272727272727273,
            0.8441558441558441,
            0.7402597402597403,
            0.7763157894736842,
            0.7368421052631579
        ],
        "train_times": [
            12.005585499980953,
            8.5602808999829,
            8.790514799999073,
            8.371360799996182,
            7.446735300007276,
            7.161455699999351,
            6.246581799990963,
            7.573936800006777,
            8.606166200013831,
            10.314030699955765
        ],
        "predict_times": [
            0.004073099989909679,
            0.0032562999986112118,
            0.003938300011213869,
            0.003171199990902096,
            0.003867299994453788,
            0.0032895999611355364,
            0.0220850000041537,
            0.002982800011523068,
            0.0031705000437796116,
            0.003150200005620718
        ]
    }
}