{
    "model_name": "parameterless_knn_spread",
    "dataset": "diabetes_pima",
    "hyperparameters": {
        "metric": "spread",
        "n_optimizer_calls": 25
    },
    "metrics": {
        "accuracy_mean": 0.7136363636363636,
        "accuracy_std": 0.04129380024827182,
        "train_time_mean": 7.111623778499779,
        "train_time_std": 1.3896403861657751,
        "predict_time_mean": 0.0035964880036772227,
        "predict_time_std": 0.0007778834805155141
    },
    "fold_metrics": {
        "accuracies": [
            0.7142857142857143,
            0.7662337662337663,
            0.7662337662337663,
            0.6753246753246753,
            0.6493506493506493,
            0.7142857142857143,
            0.6883116883116883,
            0.6623376623376623,
            0.75,
            0.75
        ],
        "train_times": [
            9.093374276999384,
            7.843971298003453,
            8.405331934001879,
            6.007001124002272,
            5.430473642991274,
            9.002849065000191,
            5.4896609720017295,
            5.415982834994793,
            7.105110470001819,
            7.322482167000999
        ],
        "predict_times": [
            0.0044296979904174805,
            0.004692458009230904,
            0.00414524799271021,
            0.002594877005321905,
            0.0029900330118834972,
            0.002991273009683937,
            0.004007951007224619,
            0.0028786960028810427,
            0.0027712120063370094,
            0.004463434001081623
        ]
    }
}