{
    "model_name": "parameterless_knn_dissimilarity",
    "dataset": "diabetes_pima",
    "hyperparameters": {
        "metric": "dissimilarity",
        "n_optimizer_calls": 25
    },
    "metrics": {
        "accuracy_mean": 0.671907040328093,
        "accuracy_std": 0.02612155462374984,
        "train_time_mean": 2.8935340309006277,
        "train_time_std": 0.01483823268780931,
        "predict_time_mean": 0.005942659698484931,
        "predict_time_std": 9.137125774913809e-05
    },
    "fold_metrics": {
        "accuracies": [
            0.6623376623376623,
            0.6753246753246753,
            0.7142857142857143,
            0.6623376623376623,
            0.6493506493506493,
            0.6233766233766234,
            0.6883116883116883,
            0.6753246753246753,
            0.7105263157894737,
            0.6578947368421053
        ],
        "train_times": [
            2.894844735012157,
            2.892102903992054,
            2.8660895339999115,
            2.8718494690110674,
            2.910914738997235,
            2.897446161994594,
            2.906389366995427,
            2.8945452439947985,
            2.914571993998834,
            2.8865861610102
        ],
        "predict_times": [
            0.005980143992928788,
            0.0059373230033088475,
            0.006189528998220339,
            0.0058371630002511665,
            0.0059549559955485165,
            0.005917500995565206,
            0.005902977005462162,
            0.0059445859951665625,
            0.005875528004253283,
            0.00588688999414444
        ]
    }
}