{
    "model_name": "parameterless_knn_spread",
    "dataset": "diabetes_pima",
    "hyperparameters": {
        "metric": "spread",
        "n_optimizer_calls": 25
    },
    "metrics": {
        "accuracy_mean": 0.7136363636363636,
        "accuracy_std": 0.04129380024827182,
        "train_time_mean": 7.13484711520141,
        "train_time_std": 1.4294448710277743,
        "predict_time_mean": 0.0036108503976720386,
        "predict_time_std": 0.0007348332522503511
    },
    "fold_metrics": {
        "accuracies": [
            0.7142857142857143,
            0.7662337662337663,
            0.7662337662337663,
            0.6753246753246753,
            0.6493506493506493,
            0.7142857142857143,
            0.6883116883116883,
            0.6623376623376623,
            0.75,
            0.75
        ],
        "train_times": [
            9.058862987993052,
            7.776007622000179,
            8.579818397003692,
            6.063392238997039,
            5.408027764002327,
            9.065108556998894,
            5.420166789001087,
            5.320631430004141,
            7.140969312007655,
            7.515486054006033
        ],
        "predict_times": [
            0.004136853996897116,
            0.004433442998561077,
            0.0042650099931051955,
            0.0026558499957900494,
            0.0030193379934644327,
            0.0029960310057504103,
            0.004652048999560066,
            0.0030316710035549477,
            0.00278346698905807,
            0.004134791000979021
        ]
    }
}