{
    "model_name": "parameterless_knn_opposite_hyperplane",
    "dataset": "diabetes_pima",
    "hyperparameters": {
        "metric": "opposite_hyperplane",
        "n_optimizer_calls": 25
    },
    "metrics": {
        "accuracy_mean": 0.713550922761449,
        "accuracy_std": 0.04787495820115402,
        "train_time_mean": 5.327424824603076,
        "train_time_std": 0.2550501511200467,
        "predict_time_mean": 0.0025786209997022526,
        "predict_time_std": 4.630162618685781e-05
    },
    "fold_metrics": {
        "accuracies": [
            0.6233766233766234,
            0.6753246753246753,
            0.7532467532467533,
            0.6883116883116883,
            0.7012987012987013,
            0.7012987012987013,
            0.7792207792207793,
            0.7792207792207793,
            0.75,
            0.6842105263157895
        ],
        "train_times": [
            4.877090052003041,
            4.888737777000642,
            5.567087721006828,
            5.239573655999266,
            5.590781962004257,
            5.416774889003136,
            5.29577987799712,
            5.44371685400256,
            5.640569645009236,
            5.314135812004679
        ],
        "predict_times": [
            0.0025440489989705384,
            0.002502654999261722,
            0.002556697989348322,
            0.00262784500955604,
            0.0026061899989144877,
            0.0025797319976845756,
            0.002659186997334473,
            0.002622158994199708,
            0.0025449910026509315,
            0.002542704009101726
        ]
    }
}