{
    "model_name": "parameterless_knn_convex_hull_intra_hnbf",
    "dataset": "diabetes_pima",
    "hyperparameters": {
        "metric": "convex_hull_intra",
        "n_optimizer_calls": 25,
        "support_samples_method": "hnbf"
    },
    "metrics": {
        "accuracy_mean": 0.6810492139439508,
        "accuracy_std": 0.034585659871079,
        "train_time_mean": 11.579203449992928,
        "train_time_std": 3.5681901035687993,
        "predict_time_mean": 0.012343239999609068,
        "predict_time_std": 0.013975116278421403
    },
    "fold_metrics": {
        "accuracies": [
            0.6623376623376623,
            0.6753246753246753,
            0.7142857142857143,
            0.6753246753246753,
            0.6363636363636364,
            0.6363636363636364,
            0.7142857142857143,
            0.6883116883116883,
            0.75,
            0.6578947368421053
        ],
        "train_times": [
            10.34317429998191,
            15.961467900022399,
            9.818622399994638,
            8.966580900014378,
            6.826236299995799,
            7.441403800039552,
            9.667904699977953,
            16.799086099956185,
            13.786330999981146,
            16.181227099965326
        ],
        "predict_times": [
            0.03446950000943616,
            0.0044216999667696655,
            0.00414099998306483,
            0.004488499951548874,
            0.004904500034172088,
            0.005105499993078411,
            0.01289000001270324,
            0.0043466000352054834,
            0.0041794999851845205,
            0.04448560002492741
        ]
    }
}