{
    "model_name": "parameterless_knn_opposite_hyperplane_gabriel_graph",
    "dataset": "diabetes_pima",
    "hyperparameters": {
        "metric": "opposite_hyperplane",
        "n_optimizer_calls": 25,
        "support_samples_method": "gabriel_graph"
    },
    "metrics": {
        "accuracy_mean": 0.7682330827067669,
        "accuracy_std": 0.03521557784066766,
        "train_time_mean": 23.869035849999637,
        "train_time_std": 3.520594904396001,
        "predict_time_mean": 0.0084179800003767,
        "predict_time_std": 0.013676599756358258
    },
    "fold_metrics": {
        "accuracies": [
            0.7142857142857143,
            0.7532467532467533,
            0.8181818181818182,
            0.7272727272727273,
            0.7662337662337663,
            0.7532467532467533,
            0.8311688311688312,
            0.7792207792207793,
            0.7894736842105263,
            0.75
        ],
        "train_times": [
            23.64126479998231,
            19.27248610003153,
            18.8759710000013,
            21.82074219995411,
            23.940923399990425,
            23.943817400024273,
            25.021454100031406,
            22.665962799976114,
            30.64572380000027,
            28.86201290000463
        ],
        "predict_times": [
            0.0042292000143788755,
            0.003775100049097091,
            0.04943940002704039,
            0.0033776999916881323,
            0.003919999988283962,
            0.004398399963974953,
            0.003611199965234846,
            0.0037509999820031226,
            0.003938000008929521,
            0.0037398000131361187
        ]
    }
}