{
    "model_name": "parameterless_knn_silhouette",
    "dataset": "diabetes_pima",
    "hyperparameters": {
        "metric": "silhouette",
        "n_optimizer_calls": 25
    },
    "metrics": {
        "accuracy_mean": 0.7369958988380041,
        "accuracy_std": 0.05228135164860792,
        "train_time_mean": 6.619745688799594,
        "train_time_std": 0.3901942617683632,
        "predict_time_mean": 0.004269040000508539,
        "predict_time_std": 0.0004958024847506461
    },
    "fold_metrics": {
        "accuracies": [
            0.7142857142857143,
            0.7012987012987013,
            0.7662337662337663,
            0.7142857142857143,
            0.7012987012987013,
            0.7012987012987013,
            0.8571428571428571,
            0.7272727272727273,
            0.8026315789473685,
            0.6842105263157895
        ],
        "train_times": [
            6.863398688001325,
            5.725893511000322,
            6.786973736001528,
            7.1375050009955885,
            6.2254623740009265,
            6.460580455997842,
            6.478276811001706,
            6.772448144998634,
            6.960842818007222,
            6.786075347990845
        ],
        "predict_times": [
            0.0041704940085764974,
            0.004628088005119935,
            0.004673969000577927,
            0.004525173004367389,
            0.004411502988659777,
            0.0037431269884109497,
            0.004228389007039368,
            0.0030485090101137757,
            0.004488516991841607,
            0.004772631000378169
        ]
    }
}