{
    "model_name": "parameterless_knn_convex_hull_inter",
    "dataset": "diabetes_pima",
    "hyperparameters": {
        "metric": "convex_hull_inter",
        "n_optimizer_calls": 25
    },
    "metrics": {
        "accuracy_mean": 0.7057245386192754,
        "accuracy_std": 0.030938795586785337,
        "train_time_mean": 8.58555520850059,
        "train_time_std": 1.5517075266488056,
        "predict_time_mean": 0.005625087799853645,
        "predict_time_std": 0.0005245714628348076
    },
    "fold_metrics": {
        "accuracies": [
            0.6883116883116883,
            0.7012987012987013,
            0.7142857142857143,
            0.7142857142857143,
            0.7012987012987013,
            0.6493506493506493,
            0.7662337662337663,
            0.7142857142857143,
            0.7368421052631579,
            0.6710526315789473
        ],
        "train_times": [
            9.814527841997915,
            7.187734381004702,
            9.040686186999665,
            6.843284842005232,
            9.844908372993814,
            8.521925738008576,
            6.813823092990788,
            7.940770672008512,
            12.002846332994523,
            7.845044624002185
        ],
        "predict_times": [
            0.005532783005037345,
            0.00540880901098717,
            0.005546790998778306,
            0.005321317992638797,
            0.005371125997044146,
            0.00560513099480886,
            0.0053536769992206246,
            0.005394526000600308,
            0.005542589002288878,
            0.007174127997132018
        ]
    }
}