{
    "model_name": "parameterless_knn_convex_hull_intra",
    "dataset": "diabetes_pima",
    "hyperparameters": {
        "metric": "convex_hull_intra"
    },
    "metrics": {
        "accuracy_mean": 0.6992310321257689,
        "accuracy_std": 0.03500736511118262,
        "train_time_mean": 1.1107717799968668,
        "train_time_std": 0.02972404734754824,
        "predict_time_mean": 0.013888640000368468,
        "predict_time_std": 0.009901816620751716
    }
}