{
    "model_name": "parameterless_knn_spread_hnbf",
    "dataset": "diabetes_pima",
    "hyperparameters": {
        "metric": "spread",
        "n_optimizer_calls": 25,
        "support_samples_method": "hnbf"
    },
    "metrics": {
        "accuracy_mean": 0.6901401230348598,
        "accuracy_std": 0.03692738798710924,
        "train_time_mean": 9.817237579997164,
        "train_time_std": 1.979256356362193,
        "predict_time_mean": 0.005551620008191094,
        "predict_time_std": 0.003799323624653874
    },
    "fold_metrics": {
        "accuracies": [
            0.6623376623376623,
            0.6883116883116883,
            0.7142857142857143,
            0.6883116883116883,
            0.6623376623376623,
            0.6363636363636364,
            0.7532467532467533,
            0.6883116883116883,
            0.75,
            0.6578947368421053
        ],
        "train_times": [
            7.4375246000126936,
            11.939224699977785,
            10.66278469999088,
            9.26411139999982,
            7.899237700039521,
            7.838352599996142,
            9.114856600004714,
            8.479499000008218,
            12.180355299962685,
            13.356429199979175
        ],
        "predict_times": [
            0.0048905000439845026,
            0.004100000020116568,
            0.004289500007871538,
            0.004614400037098676,
            0.016905899974517524,
            0.004706399980932474,
            0.004047499969601631,
            0.004199100018013269,
            0.00400040001841262,
            0.0037625000113621354
        ]
    }
}