{
    "model_name": "parameterless_knn_convex_hull_intra",
    "dataset": "diabetes_pima",
    "hyperparameters": {
        "metric": "convex_hull_intra",
        "n_optimizer_calls": 25
    },
    "metrics": {
        "accuracy_mean": 0.7512645249487355,
        "accuracy_std": 0.04726183910200609,
        "train_time_mean": 7.159579738402681,
        "train_time_std": 1.1564229494597975,
        "predict_time_mean": 0.00529339539934881,
        "predict_time_std": 0.001025942286842817
    },
    "fold_metrics": {
        "accuracies": [
            0.7012987012987013,
            0.7662337662337663,
            0.7922077922077922,
            0.7012987012987013,
            0.7402597402597403,
            0.7272727272727273,
            0.8571428571428571,
            0.7532467532467533,
            0.7763157894736842,
            0.6973684210526315
        ],
        "train_times": [
            8.553386534011224,
            6.349525830999482,
            6.869156604007003,
            9.360599028004799,
            7.178693370995461,
            6.353770935005741,
            5.83889707698836,
            8.39760505000595,
            5.800037246008287,
            6.894125708000502
        ],
        "predict_times": [
            0.004313276003813371,
            0.004835066007217392,
            0.004578790991217829,
            0.0063783799996599555,
            0.004508694997639395,
            0.006662051993771456,
            0.0045046000013826415,
            0.004091181996045634,
            0.006376973004080355,
            0.006684938998660073
        ]
    }
}