{
    "model_name": "parameterless_knn_convex_hull_inter_gabriel_graph",
    "dataset": "diabetes_pima",
    "hyperparameters": {
        "metric": "convex_hull_inter",
        "n_optimizer_calls": 25,
        "support_samples_method": "gabriel_graph"
    },
    "metrics": {
        "accuracy_mean": 0.7057245386192754,
        "accuracy_std": 0.03869016790607646,
        "train_time_mean": 25.947486249991925,
        "train_time_std": 2.8524834461918087,
        "predict_time_mean": 0.0081974400090985,
        "predict_time_std": 0.006151126302307723
    },
    "fold_metrics": {
        "accuracies": [
            0.6753246753246753,
            0.6883116883116883,
            0.7662337662337663,
            0.6883116883116883,
            0.7012987012987013,
            0.6623376623376623,
            0.7792207792207793,
            0.6883116883116883,
            0.7368421052631579,
            0.6710526315789473
        ],
        "train_times": [
            26.43441809999058,
            20.297864999971353,
            22.250922799983528,
            27.09740430000238,
            29.212263999972492,
            27.610318399965763,
            25.97010809998028,
            27.837635400006548,
            29.284539800020866,
            23.479386600025464
        ],
        "predict_times": [
            0.0054243000340647995,
            0.01007349998690188,
            0.00606270000571385,
            0.005144599999766797,
            0.026099400012753904,
            0.005294200032949448,
            0.005445100017823279,
            0.005316799972206354,
            0.005309599975589663,
            0.007804200053215027
        ]
    }
}