{
    "model_name": "parameterless_knn_dissimilarity",
    "dataset": "diabetes_pima",
    "hyperparameters": {
        "metric": "dissimilarity",
        "n_optimizer_calls": 25
    },
    "metrics": {
        "accuracy_mean": 0.671907040328093,
        "accuracy_std": 0.02612155462374984,
        "train_time_mean": 2.853016338401358,
        "train_time_std": 0.01500475769454879,
        "predict_time_mean": 0.005851497797993943,
        "predict_time_std": 5.928510166896182e-05
    },
    "fold_metrics": {
        "accuracies": [
            0.6623376623376623,
            0.6753246753246753,
            0.7142857142857143,
            0.6623376623376623,
            0.6493506493506493,
            0.6233766233766234,
            0.6883116883116883,
            0.6753246753246753,
            0.7105263157894737,
            0.6578947368421053
        ],
        "train_times": [
            2.856364325998584,
            2.8591253269987646,
            2.838587391001056,
            2.8441768910124665,
            2.867998051995528,
            2.836583504002192,
            2.856870980001986,
            2.877132216002792,
            2.8659612920018844,
            2.827363404998323
        ],
        "predict_times": [
            0.0058061799936695024,
            0.005911574000492692,
            0.005848832006449811,
            0.005829788002301939,
            0.005855544994119555,
            0.005840408994117752,
            0.005833941992023028,
            0.00577497499762103,
            0.005997892003506422,
            0.0058158409956377
        ]
    }
}