{
    "model_name": "parameterless_knn_silhouette_gabriel_graph",
    "dataset": "diabetes_pima",
    "hyperparameters": {
        "metric": "silhouette",
        "n_optimizer_calls": 25,
        "support_samples_method": "gabriel_graph"
    },
    "metrics": {
        "accuracy_mean": 0.7148496240601504,
        "accuracy_std": 0.05006129822765089,
        "train_time_mean": 23.917178350000178,
        "train_time_std": 3.066474086123302,
        "predict_time_mean": 0.009302999993087724,
        "predict_time_std": 0.012814523897800903
    },
    "fold_metrics": {
        "accuracies": [
            0.6363636363636364,
            0.7142857142857143,
            0.7792207792207793,
            0.6753246753246753,
            0.7142857142857143,
            0.6493506493506493,
            0.8051948051948052,
            0.7402597402597403,
            0.7236842105263158,
            0.7105263157894737
        ],
        "train_times": [
            23.520830199995544,
            20.517111999972258,
            22.249864400015213,
            25.09879080002429,
            24.584306800039485,
            26.011032499955036,
            20.867368899984285,
            28.147330300009344,
            28.886327199987136,
            19.288820400019176
        ],
        "predict_times": [
            0.0048182999598793685,
            0.005424100032541901,
            0.005153800011612475,
            0.0477373999892734,
            0.00432919996092096,
            0.00521229999139905,
            0.005087299970909953,
            0.005014800000935793,
            0.005022500001359731,
            0.005230300012044609
        ]
    }
}