{
    "model_name": "parameterless_knn_silhouette",
    "dataset": "diabetes_pima",
    "hyperparameters": {
        "metric": "silhouette",
        "n_optimizer_calls": 25
    },
    "metrics": {
        "accuracy_mean": 0.7369958988380041,
        "accuracy_std": 0.05228135164860792,
        "train_time_mean": 6.621291159999965,
        "train_time_std": 0.3982033986389642,
        "predict_time_mean": 0.004000118099793326,
        "predict_time_std": 0.0004195015463987986
    },
    "fold_metrics": {
        "accuracies": [
            0.7142857142857143,
            0.7012987012987013,
            0.7662337662337663,
            0.7142857142857143,
            0.7012987012987013,
            0.7012987012987013,
            0.8571428571428571,
            0.7272727272727273,
            0.8026315789473685,
            0.6842105263157895
        ],
        "train_times": [
            6.840093867009273,
            5.675421060004737,
            6.720168022991857,
            7.107465099004912,
            6.129632465002942,
            6.625594134005951,
            6.603026322991354,
            6.905391439999221,
            6.8666991039935965,
            6.7394200849958
        ],
        "predict_times": [
            0.0042532260122243315,
            0.004053337004734203,
            0.0041512530006002635,
            0.004397408993099816,
            0.004144306993111968,
            0.003455824000411667,
            0.004164646001299843,
            0.0029669340001419187,
            0.004120661993511021,
            0.004293582998798229
        ]
    }
}