{
    "model_name": "parameterless_knn_convex_hull_intra_margin_clustering",
    "dataset": "diabetes_pima",
    "hyperparameters": {
        "metric": "convex_hull_intra",
        "n_optimizer_calls": 25,
        "support_samples_method": "margin_clustering"
    },
    "metrics": {
        "accuracy_mean": 0.708356117566644,
        "accuracy_std": 0.03978368256956851,
        "train_time_mean": 12.462697380001192,
        "train_time_std": 3.4130390501611347,
        "predict_time_mean": 0.004320600000210106,
        "predict_time_std": 0.00045527657312919456
    },
    "fold_metrics": {
        "accuracies": [
            0.6753246753246753,
            0.7012987012987013,
            0.7532467532467533,
            0.7272727272727273,
            0.6493506493506493,
            0.6753246753246753,
            0.7792207792207793,
            0.6883116883116883,
            0.75,
            0.6842105263157895
        ],
        "train_times": [
            17.5395206999965,
            11.11250290001044,
            9.207277400011662,
            8.772303299978375,
            8.111191999982111,
            9.543402899987996,
            13.954140400048345,
            15.17695230001118,
            17.589637400000356,
            13.620044499984942
        ],
        "predict_times": [
            0.0052346999873407185,
            0.0041809999966062605,
            0.004685300053097308,
            0.0041114999912679195,
            0.0048405000125057995,
            0.004335400008130819,
            0.0035602999851107597,
            0.003986199968494475,
            0.004213300009723753,
            0.004057799989823252
        ]
    }
}