{
    "model_name": "parameterless_knn_dissimilarity_margin_clustering",
    "dataset": "diabetes_pima",
    "hyperparameters": {
        "metric": "dissimilarity",
        "n_optimizer_calls": 25,
        "support_samples_method": "margin_clustering"
    },
    "metrics": {
        "accuracy_mean": 0.7317327409432672,
        "accuracy_std": 0.03383548833004767,
        "train_time_mean": 12.320218729996123,
        "train_time_std": 3.0643809358455494,
        "predict_time_mean": 0.007084130001021549,
        "predict_time_std": 0.007317547134937497
    },
    "fold_metrics": {
        "accuracies": [
            0.6753246753246753,
            0.7532467532467533,
            0.7402597402597403,
            0.7012987012987013,
            0.7402597402597403,
            0.7532467532467533,
            0.7922077922077922,
            0.7272727272727273,
            0.75,
            0.6842105263157895
        ],
        "train_times": [
            14.868871399958152,
            12.696911000006367,
            9.486864299979061,
            10.66060970001854,
            8.245419200044125,
            8.581467899959534,
            10.597622299974319,
            15.61100139998598,
            15.336656300001778,
            17.116763800033368
        ],
        "predict_times": [
            0.00346550001995638,
            0.003675399988424033,
            0.004135499999392778,
            0.00444340001558885,
            0.005341799987945706,
            0.0034106000093743205,
            0.00314110005274415,
            0.011876799981109798,
            0.003584099991712719,
            0.027767099963966757
        ]
    }
}