{
    "model_name": "parameterless_knn_opposite_hyperplane",
    "dataset": "diabetes_pima",
    "hyperparameters": {
        "metric": "opposite_hyperplane"
    },
    "metrics": {
        "accuracy_mean": 0.7344155844155844,
        "accuracy_std": 0.034191110961322255,
        "train_time_mean": 1.0273884200003522,
        "train_time_std": 0.06839694141987293,
        "predict_time_mean": 0.012031029999343445,
        "predict_time_std": 0.007308849022249684
    }
}