{
    "model_name": "parameterless_knn_convex_hull_inter_hnbf",
    "dataset": "diabetes_pima",
    "hyperparameters": {
        "metric": "convex_hull_inter",
        "n_optimizer_calls": 25,
        "support_samples_method": "hnbf"
    },
    "metrics": {
        "accuracy_mean": 0.6810321257689679,
        "accuracy_std": 0.030542281749603425,
        "train_time_mean": 9.572744310001145,
        "train_time_std": 1.5561171883124318,
        "predict_time_mean": 0.009546299988869578,
        "predict_time_std": 0.01085517618788238
    },
    "fold_metrics": {
        "accuracies": [
            0.6623376623376623,
            0.6753246753246753,
            0.7142857142857143,
            0.6753246753246753,
            0.6493506493506493,
            0.6363636363636364,
            0.7142857142857143,
            0.6883116883116883,
            0.7368421052631579,
            0.6578947368421053
        ],
        "train_times": [
            10.197691300010774,
            10.99917959998129,
            9.068178099987563,
            8.962284599954728,
            8.330046200018842,
            6.519249600009061,
            8.272675800020806,
            10.202936600020621,
            11.797054000024218,
            11.378147299983539
        ],
        "predict_times": [
            0.004300599975977093,
            0.0044935999903827906,
            0.004078200028743595,
            0.004084400017745793,
            0.004026799986604601,
            0.004751999978907406,
            0.0037505999789573252,
            0.03474789997562766,
            0.004000599961727858,
            0.027228299994021654
        ]
    }
}