{
    "model_name": "parameterless_knn_dissimilarity_hnbf",
    "dataset": "diabetes_pima",
    "hyperparameters": {
        "metric": "dissimilarity",
        "n_optimizer_calls": 25,
        "support_samples_method": "hnbf"
    },
    "metrics": {
        "accuracy_mean": 0.699196855775803,
        "accuracy_std": 0.03856873776378731,
        "train_time_mean": 10.108779789984691,
        "train_time_std": 2.040582843453761,
        "predict_time_mean": 0.008540909993462265,
        "predict_time_std": 0.008323623280356197
    },
    "fold_metrics": {
        "accuracies": [
            0.6753246753246753,
            0.6883116883116883,
            0.7402597402597403,
            0.7012987012987013,
            0.6753246753246753,
            0.6753246753246753,
            0.7792207792207793,
            0.6753246753246753,
            0.7368421052631579,
            0.6447368421052632
        ],
        "train_times": [
            7.606093999987934,
            12.074708799947985,
            9.899477600003593,
            9.102672800014261,
            8.227294999989681,
            8.516281299991533,
            8.93699449999258,
            9.745437999954447,
            13.397634299995843,
            13.581201599969063
        ],
        "predict_times": [
            0.003973099985159934,
            0.0038290999946184456,
            0.018042200012132525,
            0.0035734999692067504,
            0.00360029999865219,
            0.004630999988876283,
            0.03008080000290647,
            0.008257300010882318,
            0.0037810999783687294,
            0.005640699993818998
        ]
    }
}