{
    "model_name": "parameterless_knn_convex_hull_inter_margin_clustering",
    "dataset": "diabetes_pima",
    "hyperparameters": {
        "metric": "convex_hull_inter",
        "n_optimizer_calls": 25,
        "support_samples_method": "margin_clustering"
    },
    "metrics": {
        "accuracy_mean": 0.7070574162679426,
        "accuracy_std": 0.037601289447583015,
        "train_time_mean": 12.694277839985443,
        "train_time_std": 3.9858353538450335,
        "predict_time_mean": 0.00995976000558585,
        "predict_time_std": 0.011676555889970373
    },
    "fold_metrics": {
        "accuracies": [
            0.6753246753246753,
            0.7012987012987013,
            0.7402597402597403,
            0.7142857142857143,
            0.6493506493506493,
            0.6753246753246753,
            0.7792207792207793,
            0.7012987012987013,
            0.75,
            0.6842105263157895
        ],
        "train_times": [
            17.60377079999307,
            10.448598199989647,
            12.651307199965231,
            6.234724099980667,
            8.862738999945577,
            7.758312800026033,
            14.422095499990974,
            16.102119499992114,
            18.224990899965633,
            14.634120400005486
        ],
        "predict_times": [
            0.00358550000237301,
            0.003961000009439886,
            0.005446900031529367,
            0.0044166999869048595,
            0.004687400010880083,
            0.003978799970354885,
            0.003686700016260147,
            0.03501200000755489,
            0.0033734000171534717,
            0.031449200003407896
        ]
    }
}