{
    "model_name": "parameterless_knn_convex_hull_intra",
    "dataset": "diabetes_pima",
    "hyperparameters": {
        "metric": "convex_hull_intra",
        "n_optimizer_calls": 25
    },
    "metrics": {
        "accuracy_mean": 0.7512645249487355,
        "accuracy_std": 0.04726183910200609,
        "train_time_mean": 7.146479256199382,
        "train_time_std": 1.2183495582021449,
        "predict_time_mean": 0.004816760699031875,
        "predict_time_std": 0.0006995679682474823
    },
    "fold_metrics": {
        "accuracies": [
            0.7012987012987013,
            0.7662337662337663,
            0.7922077922077922,
            0.7012987012987013,
            0.7402597402597403,
            0.7272727272727273,
            0.8571428571428571,
            0.7532467532467533,
            0.7763157894736842,
            0.6973684210526315
        ],
        "train_times": [
            8.600049618005869,
            6.2709627599979285,
            7.027362764987629,
            9.490938859002199,
            7.347336513004848,
            6.112244461997761,
            5.828779559000395,
            8.351386569993338,
            5.753691506004543,
            6.682039949999307
        ],
        "predict_times": [
            0.0044270090002100915,
            0.0051221779867773876,
            0.004713903006631881,
            0.0066933120106114075,
            0.004481811993173324,
            0.004943705003825016,
            0.0045340020005824044,
            0.00395972999103833,
            0.004405510000651702,
            0.004886445996817201
        ]
    }
}