{
    "model_name": "parameterless_knn_opposite_hyperplane_hnbf",
    "dataset": "diabetes_pima",
    "hyperparameters": {
        "metric": "opposite_hyperplane",
        "n_optimizer_calls": 25,
        "support_samples_method": "hnbf"
    },
    "metrics": {
        "accuracy_mean": 0.7396787423103213,
        "accuracy_std": 0.047667873782081635,
        "train_time_mean": 7.876194940012647,
        "train_time_std": 1.6501929895901086,
        "predict_time_mean": 0.0033363899972755464,
        "predict_time_std": 0.0003590004039272247
    },
    "fold_metrics": {
        "accuracies": [
            0.7012987012987013,
            0.7402597402597403,
            0.7662337662337663,
            0.6883116883116883,
            0.7142857142857143,
            0.7012987012987013,
            0.8051948051948052,
            0.7272727272727273,
            0.8421052631578947,
            0.7105263157894737
        ],
        "train_times": [
            6.120159599988256,
            11.470100300037302,
            9.64255350001622,
            8.10844810004346,
            8.140893199946731,
            6.7733599000494,
            5.318539600004442,
            7.615930300031323,
            7.516108700016048,
            8.055856199993286
        ],
        "predict_times": [
            0.0029094000346958637,
            0.003204900014679879,
            0.0029269999940879643,
            0.0033587999641895294,
            0.0032223000307567418,
            0.0035183000145480037,
            0.003901099960785359,
            0.003596199967432767,
            0.0028693999629467726,
            0.0038565000286325812
        ]
    }
}