{
    "model_name": "parameterless_knn_convex_hull_inter",
    "dataset": "diabetes_pima",
    "hyperparameters": {
        "metric": "convex_hull_inter",
        "n_optimizer_calls": 25
    },
    "metrics": {
        "accuracy_mean": 0.7057245386192754,
        "accuracy_std": 0.030938795586785337,
        "train_time_mean": 8.72360338090075,
        "train_time_std": 1.639045909210875,
        "predict_time_mean": 0.005744066099578049,
        "predict_time_std": 0.0007238347331759007
    },
    "fold_metrics": {
        "accuracies": [
            0.6883116883116883,
            0.7012987012987013,
            0.7142857142857143,
            0.7142857142857143,
            0.7012987012987013,
            0.6493506493506493,
            0.7662337662337663,
            0.7142857142857143,
            0.7368421052631579,
            0.6710526315789473
        ],
        "train_times": [
            9.77758621898829,
            7.147985742994933,
            9.150931992000551,
            7.177501067009871,
            9.75241429900052,
            8.725690210994799,
            6.644937275006669,
            8.126142212000559,
            12.553228804012178,
            8.179615986999124
        ],
        "predict_times": [
            0.005466578004416078,
            0.005307312996592373,
            0.005522883002413437,
            0.005200826999498531,
            0.005386903998441994,
            0.005487450005603023,
            0.007088334998115897,
            0.007268899003975093,
            0.0053417319868458435,
            0.00536973999987822
        ]
    }
}