{
    "model_name": "parameterless_knn_spread_margin_clustering",
    "dataset": "diabetes_pima",
    "hyperparameters": {
        "metric": "spread",
        "n_optimizer_calls": 25,
        "support_samples_method": "margin_clustering"
    },
    "metrics": {
        "accuracy_mean": 0.7122522214627478,
        "accuracy_std": 0.036037048797951096,
        "train_time_mean": 11.377824049990158,
        "train_time_std": 2.5690606118113757,
        "predict_time_mean": 0.009150260000023992,
        "predict_time_std": 0.009505716529737217
    },
    "fold_metrics": {
        "accuracies": [
            0.6753246753246753,
            0.7142857142857143,
            0.7402597402597403,
            0.7012987012987013,
            0.6753246753246753,
            0.6883116883116883,
            0.7792207792207793,
            0.7142857142857143,
            0.7631578947368421,
            0.6710526315789473
        ],
        "train_times": [
            13.163977799995337,
            12.720537299988791,
            10.293930999992881,
            9.331242399988696,
            7.512144599983003,
            9.455198199953884,
            9.495697999955155,
            11.616060300031677,
            13.395557300013024,
            16.793893599999137
        ],
        "predict_times": [
            0.004367499961517751,
            0.024632399959955364,
            0.004830599995329976,
            0.0047085999976843596,
            0.005651300016324967,
            0.004030500014778227,
            0.003949700039811432,
            0.031185099971480668,
            0.0042227000230923295,
            0.003924200020264834
        ]
    }
}