{
    "model_name": "parameterless_knn_opposite_hyperplane",
    "dataset": "diabetes_pima",
    "hyperparameters": {
        "metric": "opposite_hyperplane",
        "n_optimizer_calls": 25
    },
    "metrics": {
        "accuracy_mean": 0.713550922761449,
        "accuracy_std": 0.04787495820115402,
        "train_time_mean": 5.3694577739952365,
        "train_time_std": 0.29081194373436176,
        "predict_time_mean": 0.002706528000999242,
        "predict_time_std": 0.00032009920372847036
    },
    "fold_metrics": {
        "accuracies": [
            0.6233766233766234,
            0.6753246753246753,
            0.7532467532467533,
            0.6883116883116883,
            0.7012987012987013,
            0.7012987012987013,
            0.7792207792207793,
            0.7792207792207793,
            0.75,
            0.6842105263157895
        ],
        "train_times": [
            4.935316720002447,
            4.858560395005043,
            5.605171346993302,
            5.157866633991944,
            5.76412122399779,
            5.462178670990397,
            5.3596002029953524,
            5.550102748995414,
            5.6801147669903,
            5.321545029990375
        ],
        "predict_times": [
            0.002577616003691219,
            0.0025648659939179197,
            0.0025726950116222724,
            0.002658872996107675,
            0.0036627080116886646,
            0.0025926319940481335,
            0.002608073002193123,
            0.0026388520054752007,
            0.002618272992549464,
            0.0025706919986987486
        ]
    }
}