{
    "model_name": "sklearn_knn_wrapper",
    "dataset": "diabetes_pima",
    "hyperparameters": {
        "n_optimizer_calls": 10
    },
    "metrics": {
        "accuracy_mean": 0.7435748462064252,
        "accuracy_std": 0.05096077704986487,
        "train_time_mean": 0.8354637599997659,
        "train_time_std": 0.04427769063557447,
        "predict_time_mean": 0.002385219998905086,
        "predict_time_std": 0.00035450778189938367
    }
}