{
    "model_name": "sklearn_knn_wrapper",
    "dataset": "diabetes_pima",
    "hyperparameters": {
        "n_optimizer_calls": 25
    },
    "metrics": {
        "accuracy_mean": 0.7552118933697881,
        "accuracy_std": 0.04719339700185627,
        "train_time_mean": 7.235916472198733,
        "train_time_std": 0.3433613965084365,
        "predict_time_mean": 0.0022195731027750297,
        "predict_time_std": 0.00015415420423127145
    },
    "fold_metrics": {
        "accuracies": [
            0.7142857142857143,
            0.7792207792207793,
            0.7792207792207793,
            0.7012987012987013,
            0.7532467532467533,
            0.7142857142857143,
            0.8571428571428571,
            0.7402597402597403,
            0.8026315789473685,
            0.7105263157894737
        ],
        "train_times": [
            7.097999323988915,
            7.004392575996462,
            7.738016920993687,
            7.068663661004393,
            7.217332634012564,
            6.752245915995445,
            7.441965710997465,
            7.9111579329910455,
            7.194571544998325,
            6.932818501009024
        ],
        "predict_times": [
            0.0021884099987801164,
            0.002233392995549366,
            0.002374566000071354,
            0.002321487001609057,
            0.002226051001343876,
            0.0020650190126616508,
            0.0023225970071507618,
            0.0022464240028057247,
            0.0018421530112391338,
            0.0023756309965392575
        ]
    }
}