{
    "model_name": "sklearn_knn_wrapper",
    "dataset": "diabetes_pima",
    "hyperparameters": {
        "n_optimizer_calls": 25
    },
    "metrics": {
        "accuracy_mean": 0.7552118933697881,
        "accuracy_std": 0.04719339700185627,
        "train_time_mean": 7.173786774900509,
        "train_time_std": 0.35648901649329484,
        "predict_time_mean": 0.0021832259997609073,
        "predict_time_std": 0.00016951758201000808
    },
    "fold_metrics": {
        "accuracies": [
            0.7142857142857143,
            0.7792207792207793,
            0.7792207792207793,
            0.7012987012987013,
            0.7532467532467533,
            0.7142857142857143,
            0.8571428571428571,
            0.7402597402597403,
            0.8026315789473685,
            0.7105263157894737
        ],
        "train_times": [
            7.062269075002405,
            6.908008913000231,
            7.698775076001766,
            7.067435117001878,
            7.133120615995722,
            6.704601406992879,
            7.313887174997944,
            7.909632566006621,
            7.10227894000127,
            6.8378588640043745
        ],
        "predict_times": [
            0.0020992000063415617,
            0.0021968920045765117,
            0.0023284950002562255,
            0.0023152709909481928,
            0.0021778989903395995,
            0.0019966440013376996,
            0.0023483209952246398,
            0.002216656008386053,
            0.001797554999939166,
            0.0023553270002594218
        ]
    }
}