{
    "model_name": "sklearn_knn_wrapper",
    "dataset": "diabetes_pima",
    "hyperparameters": {
        "n_optimizer_calls": 25
    },
    "metrics": {
        "accuracy_mean": 0.7630553656869445,
        "accuracy_std": 0.04808408397952115,
        "train_time_mean": 13.317853030003608,
        "train_time_std": 4.503593433154208,
        "predict_time_mean": 0.002387299994006753,
        "predict_time_std": 0.0003218528775431664
    },
    "fold_metrics": {
        "accuracies": [
            0.7012987012987013,
            0.7792207792207793,
            0.7922077922077922,
            0.7012987012987013,
            0.7792207792207793,
            0.7272727272727273,
            0.8571428571428571,
            0.7402597402597403,
            0.8157894736842105,
            0.7368421052631579
        ],
        "train_times": [
            10.675186300009955,
            15.261070000007749,
            9.851489100023173,
            10.608375800016802,
            8.726167599961627,
            10.839294100005645,
            10.568845800007693,
            13.612702600017656,
            20.221350400010124,
            22.81404859997565
        ],
        "predict_times": [
            0.002182499971240759,
            0.0018074999679811299,
            0.0020480999955907464,
            0.0028480999753810465,
            0.0024719000211916864,
            0.002888199989683926,
            0.002203900017775595,
            0.00253800000064075,
            0.0023719999589957297,
            0.0025128000415861607
        ]
    }
}