{
    "model_name": "parameterless_knn_accuracy",
    "dataset": "monk",
    "hyperparameters": {
        "metric": "accuracy"
    },
    "metrics": {
        "accuracy_mean": 0.7547040169133192,
        "accuracy_std": 0.045062254528668105,
        "train_time_mean": 8.205297719999361,
        "train_time_std": 0.9149446682411222,
        "predict_time_mean": 0.0030035400006454436,
        "predict_time_std": 0.0014524365856001746
    }
}