{
    "model_name": "sklearn_knn_wrapper",
    "dataset": "monk",
    "hyperparameters": {
        "n_optimizer_calls": 10
    },
    "metrics": {
        "accuracy_mean": 0.8149577167019026,
        "accuracy_std": 0.05230072337553631,
        "train_time_mean": 0.6034975200003828,
        "train_time_std": 0.056677924238777995,
        "predict_time_mean": 0.00179652999904647,
        "predict_time_std": 0.0004832848314789757
    }
}