{
    "model_name": "parameterless_knn_spread_hnbf",
    "dataset": "wine",
    "hyperparameters": {
        "metric": "spread",
        "n_optimizer_calls": 25,
        "support_samples_method": "hnbf"
    },
    "metrics": {
        "accuracy_mean": 0.9437908496732026,
        "accuracy_std": 0.07857829376279953,
        "train_time_mean": 4.566339080006583,
        "train_time_std": 0.44946472062779325,
        "predict_time_mean": 0.001277129986556247,
        "predict_time_std": 0.00015040255491039094
    },
    "fold_metrics": {
        "accuracies": [
            0.9444444444444444,
            0.9444444444444444,
            0.7222222222222222,
            0.9444444444444444,
            1.0,
            1.0,
            1.0,
            1.0,
            0.9411764705882353,
            0.9411764705882353
        ],
        "train_times": [
            4.8283599999849685,
            4.103931299992837,
            3.860169199993834,
            5.353253300010692,
            4.920467899995856,
            3.964839300024323,
            4.432606500049587,
            4.611764299974311,
            4.726977300015278,
            4.861021700024139
        ],
        "predict_times": [
            0.001430800009984523,
            0.0011959999683313072,
            0.0014893999905325472,
            0.0011508000316098332,
            0.001553799957036972,
            0.0012827999889850616,
            0.0011644999613054097,
            0.001101300003938377,
            0.0012409999617375433,
            0.0011608999921008945
        ]
    }
}