{
    "model_name": "parameterless_knn_convex_hull_inter_gabriel_graph",
    "dataset": "wine",
    "hyperparameters": {
        "metric": "convex_hull_inter",
        "n_optimizer_calls": 25,
        "support_samples_method": "gabriel_graph"
    },
    "metrics": {
        "accuracy_mean": 0.9777777777777779,
        "accuracy_std": 0.027216552697590882,
        "train_time_mean": 2.1354055600124413,
        "train_time_std": 0.0710909075051656,
        "predict_time_mean": 0.0014493499998934566,
        "predict_time_std": 0.0001667207546760471
    },
    "fold_metrics": {
        "accuracies": [
            1.0,
            0.9444444444444444,
            0.9444444444444444,
            1.0,
            1.0,
            1.0,
            0.9444444444444444,
            0.9444444444444444,
            1.0,
            1.0
        ],
        "train_times": [
            2.12298909999663,
            2.093555900035426,
            2.1249297999893315,
            2.039006899984088,
            2.1444831000408158,
            2.041812200041022,
            2.1654193000285886,
            2.1291118999943137,
            2.2954693000065163,
            2.1972781000076793
        ],
        "predict_times": [
            0.001791900023818016,
            0.001360700000077486,
            0.0013167000142857432,
            0.0015004000160843134,
            0.0012883999734185636,
            0.001456799975130707,
            0.001263100013602525,
            0.001317199959885329,
            0.0016683000139892101,
            0.0015300000086426735
        ]
    }
}