{
    "model_name": "parameterless_knn_silhouette",
    "dataset": "wine",
    "hyperparameters": {
        "metric": "silhouette",
        "n_optimizer_calls": 25
    },
    "metrics": {
        "accuracy_mean": 0.9552287581699346,
        "accuracy_std": 0.05450858919353087,
        "train_time_mean": 6.56232553919981,
        "train_time_std": 0.6464371214890745,
        "predict_time_mean": 0.002129261498339474,
        "predict_time_std": 0.00025036360221645517
    },
    "fold_metrics": {
        "accuracies": [
            1.0,
            0.9444444444444444,
            1.0,
            1.0,
            0.9444444444444444,
            1.0,
            0.8333333333333334,
            0.8888888888888888,
            0.9411764705882353,
            1.0
        ],
        "train_times": [
            7.252391576999798,
            6.5622633949969895,
            5.405255255987868,
            6.564482721005334,
            7.5154481990030035,
            7.143609742997796,
            5.821932006001589,
            6.81909425399499,
            6.676655439005117,
            5.862122802005615
        ],
        "predict_times": [
            0.0023758369934512302,
            0.001830118999350816,
            0.001884633005829528,
            0.0018317509966436774,
            0.002362415994866751,
            0.002380940000875853,
            0.0019273560028523207,
            0.0023663139872951433,
            0.002401915000518784,
            0.0019313340017106384
        ]
    }
}