{
    "model_name": "parameterless_knn_dissimilarity_hnbf",
    "dataset": "wine",
    "hyperparameters": {
        "metric": "dissimilarity",
        "n_optimizer_calls": 25,
        "support_samples_method": "hnbf"
    },
    "metrics": {
        "accuracy_mean": 0.9326797385620915,
        "accuracy_std": 0.10766672042862224,
        "train_time_mean": 7.183596599980956,
        "train_time_std": 1.039182728519624,
        "predict_time_mean": 0.004738770017866045,
        "predict_time_std": 0.0062464687221426484
    },
    "fold_metrics": {
        "accuracies": [
            1.0,
            1.0,
            0.7222222222222222,
            0.7222222222222222,
            1.0,
            1.0,
            1.0,
            1.0,
            0.9411764705882353,
            0.9411764705882353
        ],
        "train_times": [
            8.397865499951877,
            8.565779899945483,
            7.400205800018739,
            6.129059300001245,
            7.353760799975134,
            6.721885899954941,
            5.678141499985941,
            5.665724200021941,
            7.62149039999349,
            8.302052699960768
        ],
        "predict_times": [
            0.0014405000256374478,
            0.0014959000400267541,
            0.0017504000570625067,
            0.0017568999901413918,
            0.0017375000170432031,
            0.0016705000307410955,
            0.01568710000719875,
            0.018633699975907803,
            0.0016364000039175153,
            0.0015788000309839845
        ]
    }
}