{
    "model_name": "parameterless_knn_convex_hull_inter_hnbf",
    "dataset": "wine",
    "hyperparameters": {
        "metric": "convex_hull_inter",
        "n_optimizer_calls": 25,
        "support_samples_method": "hnbf"
    },
    "metrics": {
        "accuracy_mean": 0.8022875816993464,
        "accuracy_std": 0.14948792653966042,
        "train_time_mean": 4.628136689995881,
        "train_time_std": 0.5367945877829616,
        "predict_time_mean": 0.0021082299994304777,
        "predict_time_std": 0.0009528273494273825
    },
    "fold_metrics": {
        "accuracies": [
            1.0,
            0.9444444444444444,
            0.6111111111111112,
            0.6111111111111112,
            1.0,
            0.8888888888888888,
            0.6666666666666666,
            0.8888888888888888,
            0.7058823529411765,
            0.7058823529411765
        ],
        "train_times": [
            4.242206899973098,
            4.292945199995302,
            3.9154833999928087,
            3.686343899986241,
            4.810485400026664,
            4.963572799984831,
            5.054650500009302,
            4.845467799983453,
            4.996774600003846,
            5.473436400003266
        ],
        "predict_times": [
            0.0017472000326961279,
            0.0017443000106140971,
            0.0015721999807283282,
            0.002230399986729026,
            0.0019316999823786318,
            0.0018607000238262117,
            0.0016899999463930726,
            0.0017285000067204237,
            0.0016583999968133867,
            0.004918900027405471
        ]
    }
}