{
    "model_name": "parameterless_knn_convex_hull_intra_hnbf",
    "dataset": "wine",
    "hyperparameters": {
        "metric": "convex_hull_intra",
        "n_optimizer_calls": 25,
        "support_samples_method": "hnbf"
    },
    "metrics": {
        "accuracy_mean": 0.8127450980392157,
        "accuracy_std": 0.24098975183512533,
        "train_time_mean": 8.426100159995258,
        "train_time_std": 1.4509063028621414,
        "predict_time_mean": 0.0017471399973146618,
        "predict_time_std": 0.00011488239070124229
    },
    "fold_metrics": {
        "accuracies": [
            1.0,
            0.9444444444444444,
            0.9444444444444444,
            0.9444444444444444,
            0.9444444444444444,
            0.9444444444444444,
            0.3333333333333333,
            0.7777777777777778,
            0.35294117647058826,
            0.9411764705882353
        ],
        "train_times": [
            9.48739529994782,
            8.680793699983042,
            9.29211330000544,
            5.812263400002848,
            6.42292979999911,
            10.624961599998642,
            9.972293200029526,
            8.403424700023606,
            7.458084999991115,
            8.106741599971429
        ],
        "predict_times": [
            0.001742499996908009,
            0.0017219000146724284,
            0.0017630999791435897,
            0.0019023999921046197,
            0.001862000033725053,
            0.0016548000276088715,
            0.0017232999671250582,
            0.0015403999714180827,
            0.001921399962157011,
            0.001639600028283894
        ]
    }
}