{
    "model_name": "parameterless_knn_convex_hull_intra_gabriel_graph",
    "dataset": "wine",
    "hyperparameters": {
        "metric": "convex_hull_intra",
        "n_optimizer_calls": 25,
        "support_samples_method": "gabriel_graph"
    },
    "metrics": {
        "accuracy_mean": 0.9111111111111111,
        "accuracy_std": 0.19436506316151,
        "train_time_mean": 3.912078210012987,
        "train_time_std": 0.4506839182088247,
        "predict_time_mean": 0.0014123399916570634,
        "predict_time_std": 0.00019719914431659958
    },
    "fold_metrics": {
        "accuracies": [
            1.0,
            0.9444444444444444,
            0.3333333333333333,
            1.0,
            0.9444444444444444,
            1.0,
            0.9444444444444444,
            0.9444444444444444,
            1.0,
            1.0
        ],
        "train_times": [
            3.7976976000354625,
            4.2450916999951005,
            5.020056699984707,
            3.743043399997987,
            3.349230499996338,
            3.710114200017415,
            3.595547800010536,
            3.5755547000444494,
            4.194025500037242,
            3.8904200000106357
        ],
        "predict_times": [
            0.0011450000456534326,
            0.0014532000059261918,
            0.001151899981778115,
            0.0013431999832391739,
            0.0013767000054940581,
            0.0016750999493524432,
            0.0012990999966859818,
            0.0013199999812059104,
            0.0017451999592594802,
            0.0016140000079758465
        ]
    }
}