{
    "model_name": "parameterless_knn_spread_gabriel_graph",
    "dataset": "wine",
    "hyperparameters": {
        "metric": "spread",
        "n_optimizer_calls": 25,
        "support_samples_method": "gabriel_graph"
    },
    "metrics": {
        "accuracy_mean": 0.9663398692810456,
        "accuracy_std": 0.037060898375364325,
        "train_time_mean": 9.840549340000143,
        "train_time_std": 1.3386997713981597,
        "predict_time_mean": 0.0023664099804591387,
        "predict_time_std": 0.0008408571378888836
    },
    "fold_metrics": {
        "accuracies": [
            1.0,
            0.9444444444444444,
            0.9444444444444444,
            1.0,
            1.0,
            1.0,
            0.8888888888888888,
            0.9444444444444444,
            0.9411764705882353,
            1.0
        ],
        "train_times": [
            7.870140399958473,
            10.007451399986167,
            11.214591299998574,
            11.093551700003445,
            8.764465100015514,
            9.674083499994595,
            8.07240979996277,
            8.884935600042809,
            10.9708400000236,
            11.853024600015488
        ],
        "predict_times": [
            0.0044935999903827906,
            0.0017783999792300165,
            0.0024230999988503754,
            0.002562499954365194,
            0.0017926999717019498,
            0.0019090999849140644,
            0.0019631999894045293,
            0.001814599963836372,
            0.003216399985831231,
            0.0017104999860748649
        ]
    }
}