{
    "model_name": "parameterless_knn_convex_hull_intra_gabriel_graph",
    "dataset": "wine",
    "hyperparameters": {
        "metric": "convex_hull_intra",
        "n_optimizer_calls": 25,
        "support_samples_method": "gabriel_graph"
    },
    "metrics": {
        "accuracy_mean": 0.9111111111111111,
        "accuracy_std": 0.19436506316151,
        "train_time_mean": 9.843176620011217,
        "train_time_std": 0.872287651473021,
        "predict_time_mean": 0.0031974300043657424,
        "predict_time_std": 0.0037852698356140918
    },
    "fold_metrics": {
        "accuracies": [
            1.0,
            0.9444444444444444,
            0.3333333333333333,
            1.0,
            0.9444444444444444,
            1.0,
            0.9444444444444444,
            0.9444444444444444,
            1.0,
            1.0
        ],
        "train_times": [
            10.710674400033895,
            8.979970300046261,
            10.874815199989825,
            11.348153900005855,
            10.41396989999339,
            8.718716900038999,
            9.186254900007043,
            9.619692600041162,
            9.068741799972486,
            9.510776299983263
        ],
        "predict_times": [
            0.014543900033459067,
            0.0022271000198088586,
            0.00184599997010082,
            0.0021012999932281673,
            0.001762300031259656,
            0.0017466999706812203,
            0.001880900003015995,
            0.0020131999626755714,
            0.0017846000264398754,
            0.0020683000329881907
        ]
    }
}