{
    "model_name": "parameterless_knn_opposite_hyperplane_hnbf",
    "dataset": "wine",
    "hyperparameters": {
        "metric": "opposite_hyperplane",
        "n_optimizer_calls": 25,
        "support_samples_method": "hnbf"
    },
    "metrics": {
        "accuracy_mean": 0.9382352941176471,
        "accuracy_std": 0.08028115510084348,
        "train_time_mean": 4.072320199996466,
        "train_time_std": 0.4348443134183943,
        "predict_time_mean": 0.0022491699899546804,
        "predict_time_std": 0.000983913485438557
    },
    "fold_metrics": {
        "accuracies": [
            1.0,
            1.0,
            0.7222222222222222,
            0.9444444444444444,
            0.9444444444444444,
            1.0,
            1.0,
            0.8888888888888888,
            0.9411764705882353,
            0.9411764705882353
        ],
        "train_times": [
            3.9671247000223957,
            4.715529300039634,
            4.256312199984677,
            4.814820799976587,
            4.342585199978203,
            4.055812099948525,
            3.751974100014195,
            3.5522897000191733,
            3.4764690999872983,
            3.7902847999939695
        ],
        "predict_times": [
            0.0017765999655239284,
            0.001790399954188615,
            0.0015782000264152884,
            0.0019253999926149845,
            0.00234250002540648,
            0.005015600007027388,
            0.0017777999746613204,
            0.0017426999984309077,
            0.001746599969919771,
            0.002795899985358119
        ]
    }
}