{
    "model_name": "parameterless_knn_convex_hull_intra_margin_clustering",
    "dataset": "wine",
    "hyperparameters": {
        "metric": "convex_hull_intra",
        "n_optimizer_calls": 25,
        "support_samples_method": "margin_clustering"
    },
    "metrics": {
        "accuracy_mean": 0.8091503267973856,
        "accuracy_std": 0.24663223537103707,
        "train_time_mean": 3.4626645000011194,
        "train_time_std": 0.2911021264731171,
        "predict_time_mean": 0.0013628799933940172,
        "predict_time_std": 0.00021548841099605084
    },
    "fold_metrics": {
        "accuracies": [
            1.0,
            0.9444444444444444,
            0.9444444444444444,
            0.9444444444444444,
            0.9444444444444444,
            0.9444444444444444,
            0.8888888888888888,
            0.8333333333333334,
            0.35294117647058826,
            0.29411764705882354
        ],
        "train_times": [
            3.392088199965656,
            3.201720400014892,
            3.5095988999819383,
            3.555736100010108,
            3.370199600001797,
            3.3699591999757104,
            4.073171600000933,
            3.155065300001297,
            3.1278912000125274,
            3.871214500046335
        ],
        "predict_times": [
            0.0016172999748960137,
            0.001108099997509271,
            0.0015021000290289521,
            0.0015341000398620963,
            0.0010768999927677214,
            0.0011348999687470496,
            0.0012796999653801322,
            0.0016482999781146646,
            0.0015423999866470695,
            0.001185000000987202
        ]
    }
}