{
    "model_name": "parameterless_knn_spread_margin_clustering",
    "dataset": "wine",
    "hyperparameters": {
        "metric": "spread",
        "n_optimizer_calls": 25,
        "support_samples_method": "margin_clustering"
    },
    "metrics": {
        "accuracy_mean": 0.9267973856209151,
        "accuracy_std": 0.05044125851392089,
        "train_time_mean": 5.219187459984096,
        "train_time_std": 0.42427775097684234,
        "predict_time_mean": 0.0014171000104397536,
        "predict_time_std": 0.0002340869910980651
    },
    "fold_metrics": {
        "accuracies": [
            1.0,
            0.8888888888888888,
            0.8888888888888888,
            0.9444444444444444,
            0.9444444444444444,
            1.0,
            0.8333333333333334,
            0.9444444444444444,
            0.8823529411764706,
            0.9411764705882353
        ],
        "train_times": [
            5.397016700007953,
            5.414384700008668,
            4.182609399955254,
            5.3475400999886915,
            5.1523714999784715,
            5.633120999962557,
            4.702078399946913,
            5.596652200038079,
            5.3789511999930255,
            5.387149399961345
        ],
        "predict_times": [
            0.0014675999991595745,
            0.0011902999831363559,
            0.0011033000191673636,
            0.0012066999915987253,
            0.0013425000361166894,
            0.0016596000059507787,
            0.001166400033980608,
            0.0015697999624535441,
            0.0017630000365898013,
            0.0017018000362440944
        ]
    }
}