{
    "model_name": "parameterless_knn_convex_hull_intra_margin_clustering",
    "dataset": "wine",
    "hyperparameters": {
        "metric": "convex_hull_intra",
        "n_optimizer_calls": 25,
        "support_samples_method": "margin_clustering"
    },
    "metrics": {
        "accuracy_mean": 0.8091503267973856,
        "accuracy_std": 0.24663223537103707,
        "train_time_mean": 8.589692389999982,
        "train_time_std": 1.3863019594775996,
        "predict_time_mean": 0.002850299992132932,
        "predict_time_std": 0.002455187210935146
    },
    "fold_metrics": {
        "accuracies": [
            1.0,
            0.9444444444444444,
            0.9444444444444444,
            0.9444444444444444,
            0.9444444444444444,
            0.9444444444444444,
            0.8888888888888888,
            0.8333333333333334,
            0.35294117647058826,
            0.29411764705882354
        ],
        "train_times": [
            9.440366499999072,
            8.399826799985021,
            6.673711700015701,
            7.10373770003207,
            10.008849999983795,
            9.15572619996965,
            10.43262269999832,
            6.4173617999767885,
            8.254635700024664,
            10.010084800014738
        ],
        "predict_times": [
            0.0016292999498546124,
            0.0025644999695941806,
            0.0018473999807611108,
            0.0017926999717019498,
            0.0016274999943561852,
            0.0019603000255301595,
            0.0016828000079840422,
            0.009976300003472716,
            0.0037391000078059733,
            0.0016831000102683902
        ]
    }
}