{
    "model_name": "parameterless_knn_convex_hull_inter",
    "dataset": "wine",
    "hyperparameters": {
        "metric": "convex_hull_inter",
        "n_optimizer_calls": 25
    },
    "metrics": {
        "accuracy_mean": 0.8542483660130719,
        "accuracy_std": 0.13191608691809534,
        "train_time_mean": 2.088222280098125,
        "train_time_std": 0.014660262616862669,
        "predict_time_mean": 0.0018306414989638143,
        "predict_time_std": 1.5582157086886363e-05
    },
    "fold_metrics": {
        "accuracies": [
            1.0,
            1.0,
            0.6666666666666666,
            0.6666666666666666,
            0.9444444444444444,
            0.8888888888888888,
            0.6666666666666666,
            0.9444444444444444,
            0.9411764705882353,
            0.8235294117647058
        ],
        "train_times": [
            2.0899209229974076,
            2.071719314000802,
            2.1062446419964544,
            2.1007810489973053,
            2.0763303769927006,
            2.0992124780023005,
            2.0964788209967082,
            2.056526375003159,
            2.0893583379947813,
            2.095650483999634
        ],
        "predict_times": [
            0.0018314830085728317,
            0.001835989998653531,
            0.0018314159970032051,
            0.001843598991399631,
            0.001832791997003369,
            0.0018660779896890745,
            0.0018184570071753114,
            0.0018107369978679344,
            0.0018250770081067458,
            0.0018107859941665083
        ]
    }
}