{
    "model_name": "parameterless_knn_dissimilarity",
    "dataset": "wine",
    "hyperparameters": {
        "metric": "dissimilarity",
        "n_optimizer_calls": 25
    },
    "metrics": {
        "accuracy_mean": 0.9215686274509803,
        "accuracy_std": 0.09387677965631246,
        "train_time_mean": 6.319257188399206,
        "train_time_std": 0.7597116268808584,
        "predict_time_mean": 0.002153356901544612,
        "predict_time_std": 0.0002821407241865607
    },
    "fold_metrics": {
        "accuracies": [
            1.0,
            0.9444444444444444,
            0.9444444444444444,
            0.6666666666666666,
            0.9444444444444444,
            1.0,
            0.8888888888888888,
            0.9444444444444444,
            0.8823529411764706,
            1.0
        ],
        "train_times": [
            5.4455515000008745,
            7.662651175996871,
            6.815847384990775,
            6.426366061990848,
            7.189364657009719,
            5.2080153779970715,
            6.704407327997615,
            5.725747040007263,
            6.366694071999518,
            5.647927286001504
        ],
        "predict_times": [
            0.0018179390026489273,
            0.0023652829986531287,
            0.0017265759961446747,
            0.0024566219944972545,
            0.0023708890075795352,
            0.002352177005377598,
            0.0023520850081695244,
            0.001894907996756956,
            0.002386084001045674,
            0.001811006004572846
        ]
    }
}