{
    "model_name": "parameterless_knn_convex_hull_inter_margin_clustering",
    "dataset": "wine",
    "hyperparameters": {
        "metric": "convex_hull_inter",
        "n_optimizer_calls": 25,
        "support_samples_method": "margin_clustering"
    },
    "metrics": {
        "accuracy_mean": 0.8823529411764707,
        "accuracy_std": 0.08742059125946512,
        "train_time_mean": 4.967825479997555,
        "train_time_std": 0.6073551405446684,
        "predict_time_mean": 0.002037089999066666,
        "predict_time_std": 0.0009666753964387497
    },
    "fold_metrics": {
        "accuracies": [
            0.9444444444444444,
            0.9444444444444444,
            0.6666666666666666,
            0.9444444444444444,
            0.8888888888888888,
            0.8888888888888888,
            0.7777777777777778,
            0.9444444444444444,
            0.8823529411764706,
            0.9411764705882353
        ],
        "train_times": [
            4.2090036000008695,
            4.601122800027952,
            3.8461697000311688,
            4.6557640000246465,
            5.2565700999693945,
            5.2958760999608785,
            5.205744599981699,
            5.047879400022794,
            5.622637399996165,
            5.937487099959981
        ],
        "predict_times": [
            0.004926200024783611,
            0.001757299993187189,
            0.0018606999656185508,
            0.0017965000006370246,
            0.0017663000035099685,
            0.0015443000011146069,
            0.0016816999996080995,
            0.0016715999809093773,
            0.0017265999922528863,
            0.0016397000290453434
        ]
    }
}