{
    "model_name": "parameterless_knn_opposite_hyperplane",
    "dataset": "wine",
    "hyperparameters": {
        "metric": "opposite_hyperplane",
        "n_optimizer_calls": 25
    },
    "metrics": {
        "accuracy_mean": 0.9552287581699346,
        "accuracy_std": 0.05450858919353087,
        "train_time_mean": 4.423082255800546,
        "train_time_std": 0.09243821144773777,
        "predict_time_mean": 0.0017525805029436014,
        "predict_time_std": 2.211653052027618e-05
    },
    "fold_metrics": {
        "accuracies": [
            1.0,
            0.9444444444444444,
            1.0,
            1.0,
            0.9444444444444444,
            1.0,
            0.8333333333333334,
            0.8888888888888888,
            0.9411764705882353,
            1.0
        ],
        "train_times": [
            4.352247832008288,
            4.267014188997564,
            4.42956914199749,
            4.5244997830013745,
            4.440798504001577,
            4.525767867002287,
            4.546866625998518,
            4.30571230800706,
            4.472833382998942,
            4.365512923992355
        ],
        "predict_times": [
            0.0017589839990250766,
            0.0017520669935038313,
            0.0017394830065313727,
            0.0017355750023853034,
            0.0017388990090694278,
            0.0017794989980757236,
            0.0017259989981539547,
            0.001749154005665332,
            0.0018040520080830902,
            0.001742093008942902
        ]
    }
}