{
    "model_name": "parameterless_knn_dissimilarity_gabriel_graph",
    "dataset": "wine",
    "hyperparameters": {
        "metric": "dissimilarity",
        "n_optimizer_calls": 25,
        "support_samples_method": "gabriel_graph"
    },
    "metrics": {
        "accuracy_mean": 0.9722222222222221,
        "accuracy_std": 0.03726779962499651,
        "train_time_mean": 3.7206426000106148,
        "train_time_std": 0.24887004750373248,
        "predict_time_mean": 0.0015249099931679666,
        "predict_time_std": 0.00021957324570255732
    },
    "fold_metrics": {
        "accuracies": [
            1.0,
            0.9444444444444444,
            0.9444444444444444,
            1.0,
            1.0,
            1.0,
            0.8888888888888888,
            0.9444444444444444,
            1.0,
            1.0
        ],
        "train_times": [
            3.623306399967987,
            4.085289300011937,
            3.747767200053204,
            3.65162220003549,
            3.228095000027679,
            3.620410500036087,
            3.9188314999919385,
            3.8004084000131115,
            4.056151599972509,
            3.474543899996206
        ],
        "predict_times": [
            0.0015362999984063208,
            0.001763199979905039,
            0.0017559000407345593,
            0.0012935999548062682,
            0.0012678999919444323,
            0.001477799960412085,
            0.0017573999939486384,
            0.0012936000130139291,
            0.0012861000141128898,
            0.001817299984395504
        ]
    }
}