{
    "model_name": "parameterless_knn_opposite_hyperplane",
    "dataset": "wine",
    "hyperparameters": {
        "metric": "opposite_hyperplane",
        "n_optimizer_calls": 25
    },
    "metrics": {
        "accuracy_mean": 0.9552287581699346,
        "accuracy_std": 0.05450858919353087,
        "train_time_mean": 4.433799091799301,
        "train_time_std": 0.08889694988573293,
        "predict_time_mean": 0.0017575094985659233,
        "predict_time_std": 3.351867099479331e-05
    },
    "fold_metrics": {
        "accuracies": [
            1.0,
            0.9444444444444444,
            1.0,
            1.0,
            0.9444444444444444,
            1.0,
            0.8333333333333334,
            0.8888888888888888,
            0.9411764705882353,
            1.0
        ],
        "train_times": [
            4.43323444800626,
            4.271352536990889,
            4.396933219992206,
            4.513760615009232,
            4.416260469995905,
            4.537777995996294,
            4.587492986000143,
            4.34616139800346,
            4.448592255997937,
            4.386424992000684
        ],
        "predict_times": [
            0.0017511670012027025,
            0.0018139059975510463,
            0.0017238669970538467,
            0.0017131819913629442,
            0.0017685759958112612,
            0.0017915710050147027,
            0.0017194349929923192,
            0.0017495539941592142,
            0.0018011300126090646,
            0.0017427069979021326
        ]
    }
}