{
    "model_name": "parameterless_knn_dissimilarity",
    "dataset": "wine",
    "hyperparameters": {
        "metric": "dissimilarity"
    },
    "metrics": {
        "accuracy_mean": 0.961111111111111,
        "accuracy_std": 0.04339027597725921,
        "train_time_mean": 0.5324880800006213,
        "train_time_std": 0.05957648455152139,
        "predict_time_mean": 0.004752340000413824,
        "predict_time_std": 0.005670887956155721
    }
}