{
    "model_name": "parameterless_knn_opposite_hyperplane_gabriel_graph",
    "dataset": "wine",
    "hyperparameters": {
        "metric": "opposite_hyperplane",
        "n_optimizer_calls": 25,
        "support_samples_method": "gabriel_graph"
    },
    "metrics": {
        "accuracy_mean": 0.9722222222222221,
        "accuracy_std": 0.03726779962499651,
        "train_time_mean": 3.0716579799947796,
        "train_time_std": 0.16834304149127183,
        "predict_time_mean": 0.0014718500024173409,
        "predict_time_std": 0.00024575782109156907
    },
    "fold_metrics": {
        "accuracies": [
            1.0,
            0.9444444444444444,
            1.0,
            0.9444444444444444,
            0.9444444444444444,
            1.0,
            1.0,
            0.8888888888888888,
            1.0,
            1.0
        ],
        "train_times": [
            2.7331300000078045,
            3.4640168999903835,
            3.0958731999853626,
            3.0387150999740697,
            3.0072591999778524,
            3.1261975999805145,
            3.03763269999763,
            3.106954200018663,
            3.014777400007006,
            3.0920235000085086
        ],
        "predict_times": [
            0.0011433999752625823,
            0.00162980001186952,
            0.0016938000335358083,
            0.0011529000476002693,
            0.0016985000111162663,
            0.0016450000111944973,
            0.0011312999995425344,
            0.001304199977312237,
            0.0017694999696686864,
            0.0015500999870710075
        ]
    }
}