{
    "model_name": "parameterless_knn_silhouette_hnbf",
    "dataset": "wine",
    "hyperparameters": {
        "metric": "silhouette",
        "n_optimizer_calls": 25,
        "support_samples_method": "hnbf"
    },
    "metrics": {
        "accuracy_mean": 0.9604575163398692,
        "accuracy_std": 0.03590163416392267,
        "train_time_mean": 2.899878329993226,
        "train_time_std": 0.21203970997943797,
        "predict_time_mean": 0.0012641499983146788,
        "predict_time_std": 0.0001958627866885719
    },
    "fold_metrics": {
        "accuracies": [
            1.0,
            0.9444444444444444,
            0.9444444444444444,
            1.0,
            0.9444444444444444,
            1.0,
            1.0,
            0.8888888888888888,
            0.9411764705882353,
            0.9411764705882353
        ],
        "train_times": [
            2.587894399999641,
            2.8504913999931887,
            2.749297900008969,
            2.9081514999852516,
            3.045860099955462,
            2.6944963000132702,
            2.914457199978642,
            3.070711800013669,
            3.374094899976626,
            2.803327800007537
        ],
        "predict_times": [
            0.0010940000065602362,
            0.0015595000004395843,
            0.001116700004786253,
            0.0010799000156112015,
            0.0011606000480242074,
            0.0012032999657094479,
            0.0011784000089392066,
            0.0011430999729782343,
            0.001617999980226159,
            0.0014879999798722565
        ]
    }
}