{
    "model_name": "parameterless_knn_dissimilarity_margin_clustering",
    "dataset": "wine",
    "hyperparameters": {
        "metric": "dissimilarity",
        "n_optimizer_calls": 25,
        "support_samples_method": "margin_clustering"
    },
    "metrics": {
        "accuracy_mean": 0.9212418300653594,
        "accuracy_std": 0.0569500119182666,
        "train_time_mean": 2.9372258799907285,
        "train_time_std": 0.25932756940166424,
        "predict_time_mean": 0.001408519991673529,
        "predict_time_std": 0.00018853184800557196
    },
    "fold_metrics": {
        "accuracies": [
            1.0,
            0.9444444444444444,
            0.9444444444444444,
            0.9444444444444444,
            0.9444444444444444,
            0.8888888888888888,
            0.7777777777777778,
            0.9444444444444444,
            0.8823529411764706,
            0.9411764705882353
        ],
        "train_times": [
            3.1118762000114657,
            3.0764722999883816,
            2.7671330999583006,
            2.8726063999929465,
            3.5543229000177234,
            2.992075299960561,
            2.5800933000282384,
            2.687480599968694,
            2.9169177999719977,
            2.8132809000089765
        ],
        "predict_times": [
            0.0014488999731838703,
            0.0012589999823831022,
            0.0013313000090420246,
            0.001123800000641495,
            0.001350299979094416,
            0.0016765000182203948,
            0.0016305999597534537,
            0.001414500002283603,
            0.0016694000223651528,
            0.0011808999697677791
        ]
    }
}