{
    "model_name": "parameterless_knn_dissimilarity_margin_clustering",
    "dataset": "wine",
    "hyperparameters": {
        "metric": "dissimilarity",
        "n_optimizer_calls": 25,
        "support_samples_method": "margin_clustering"
    },
    "metrics": {
        "accuracy_mean": 0.9212418300653594,
        "accuracy_std": 0.0569500119182666,
        "train_time_mean": 8.845406169997295,
        "train_time_std": 1.0829318085419093,
        "predict_time_mean": 0.009298709995346145,
        "predict_time_std": 0.01146045632954436
    },
    "fold_metrics": {
        "accuracies": [
            1.0,
            0.9444444444444444,
            0.9444444444444444,
            0.9444444444444444,
            0.9444444444444444,
            0.8888888888888888,
            0.7777777777777778,
            0.9444444444444444,
            0.8823529411764706,
            0.9411764705882353
        ],
        "train_times": [
            8.334608200006187,
            8.27295780001441,
            8.452033400011715,
            8.208339600008912,
            11.815534699999262,
            9.246189199970104,
            7.728076200000942,
            8.633773099980317,
            9.268655000021681,
            8.493894499959424
        ],
        "predict_times": [
            0.0019957999465987086,
            0.00213639996945858,
            0.0232877999660559,
            0.030816700018476695,
            0.025705400039441884,
            0.001693400030490011,
            0.0018372999620623887,
            0.0015673000016249716,
            0.0023515999782830477,
            0.0015954000409692526
        ]
    }
}