{
    "model_name": "parameterless_knn_convex_hull_intra",
    "dataset": "wine",
    "hyperparameters": {
        "metric": "convex_hull_intra",
        "n_optimizer_calls": 25
    },
    "metrics": {
        "accuracy_mean": 0.9549019607843137,
        "accuracy_std": 0.04265425777518885,
        "train_time_mean": 7.094763504201547,
        "train_time_std": 0.4014339708058769,
        "predict_time_mean": 0.0023919347979244774,
        "predict_time_std": 2.5347403317470106e-05
    },
    "fold_metrics": {
        "accuracies": [
            1.0,
            0.9444444444444444,
            0.9444444444444444,
            1.0,
            0.9444444444444444,
            1.0,
            0.8888888888888888,
            0.9444444444444444,
            0.8823529411764706,
            1.0
        ],
        "train_times": [
            6.494626575993607,
            6.874261214004946,
            7.946881289011799,
            7.365958573005628,
            6.797620419994928,
            7.037830973000382,
            7.2616674949968,
            7.483247733005555,
            6.789189028000692,
            6.896351741001126
        ],
        "predict_times": [
            0.002428339998004958,
            0.0024269790010293946,
            0.002367982000578195,
            0.0023942029947647825,
            0.0023529059981228784,
            0.0024034030066104606,
            0.002391097994404845,
            0.0023677449935348704,
            0.0024162369954865426,
            0.002370454996707849
        ]
    }
}