{
    "model_name": "parameterless_knn_spread",
    "dataset": "wine",
    "hyperparameters": {
        "metric": "spread",
        "n_optimizer_calls": 25
    },
    "metrics": {
        "accuracy_mean": 0.9552287581699346,
        "accuracy_std": 0.05450858919353087,
        "train_time_mean": 6.88682676829485,
        "train_time_std": 1.0554510039374538,
        "predict_time_mean": 0.002022052997199353,
        "predict_time_std": 0.0002926875831703448
    },
    "fold_metrics": {
        "accuracies": [
            1.0,
            0.9444444444444444,
            1.0,
            1.0,
            0.9444444444444444,
            1.0,
            0.8333333333333334,
            0.8888888888888888,
            0.9411764705882353,
            1.0
        ],
        "train_times": [
            7.830072365992237,
            7.857754732991452,
            6.678886576992227,
            7.263038952994975,
            7.520235478994437,
            5.903409038990503,
            5.702779472005204,
            8.742580992999137,
            5.780979893999756,
            5.58853017698857
        ],
        "predict_times": [
            0.0023474189947592095,
            0.0017491170001449063,
            0.0017571839998709038,
            0.0023777239985065535,
            0.0018338800000492483,
            0.001795063988538459,
            0.0017963949940167367,
            0.002427302999421954,
            0.002362586004892364,
            0.001773857991793193
        ]
    }
}