{
    "model_name": "parameterless_knn_convex_hull_inter_gabriel_graph",
    "dataset": "wine",
    "hyperparameters": {
        "metric": "convex_hull_inter",
        "n_optimizer_calls": 25,
        "support_samples_method": "gabriel_graph"
    },
    "metrics": {
        "accuracy_mean": 0.9777777777777779,
        "accuracy_std": 0.027216552697590882,
        "train_time_mean": 4.166655210003955,
        "train_time_std": 0.6580888865958797,
        "predict_time_mean": 0.0028552400064654647,
        "predict_time_std": 0.002548606048762409
    },
    "fold_metrics": {
        "accuracies": [
            1.0,
            0.9444444444444444,
            0.9444444444444444,
            1.0,
            1.0,
            1.0,
            0.9444444444444444,
            0.9444444444444444,
            1.0,
            1.0
        ],
        "train_times": [
            3.8851147000095807,
            4.895813399984036,
            5.748263799992856,
            3.6747929000412114,
            3.6476409999886528,
            3.639787800027989,
            3.6627939000027254,
            3.834411599964369,
            4.2848859000368975,
            4.393047099991236
        ],
        "predict_times": [
            0.0019059000187553465,
            0.001927000004798174,
            0.0019301000284031034,
            0.0020054999622516334,
            0.002900900028180331,
            0.0018565999926067889,
            0.0018438000115565956,
            0.01044690003618598,
            0.0018063999596051872,
            0.0019293000223115087
        ]
    }
}