{
    "model_name": "parameterless_knn_silhouette_gabriel_graph",
    "dataset": "wine",
    "hyperparameters": {
        "metric": "silhouette",
        "n_optimizer_calls": 25,
        "support_samples_method": "gabriel_graph"
    },
    "metrics": {
        "accuracy_mean": 0.9607843137254901,
        "accuracy_std": 0.03573914539736555,
        "train_time_mean": 3.5104281299980356,
        "train_time_std": 0.2299076736486371,
        "predict_time_mean": 0.001428580010542646,
        "predict_time_std": 0.0002202553980456794
    },
    "fold_metrics": {
        "accuracies": [
            1.0,
            0.9444444444444444,
            0.9444444444444444,
            0.9444444444444444,
            0.9444444444444444,
            1.0,
            1.0,
            0.8888888888888888,
            0.9411764705882353,
            1.0
        ],
        "train_times": [
            3.3925138999475166,
            3.490159900044091,
            3.2949907000293024,
            3.205482099961955,
            3.6590789999463595,
            3.5718754999688827,
            3.933928400045261,
            3.2527555000269786,
            3.4738545999862254,
            3.8296417000237852
        ],
        "predict_times": [
            0.0017028000438585877,
            0.0011983999866060913,
            0.0011936999508179724,
            0.0011915000504814088,
            0.0017314000288024545,
            0.001573599991388619,
            0.0012532000546343625,
            0.0015320999664254487,
            0.001242400030605495,
            0.0016667000018060207
        ]
    }
}