{
    "model_name": "parameterless_knn_spread",
    "dataset": "wine",
    "hyperparameters": {
        "metric": "spread"
    },
    "metrics": {
        "accuracy_mean": 0.9722222222222221,
        "accuracy_std": 0.03726779962499651,
        "train_time_mean": 0.4666824500010989,
        "train_time_std": 0.07103648752988563,
        "predict_time_mean": 0.0035080600006040185,
        "predict_time_std": 0.004040897751731129
    }
}