{
    "model_name": "parameterless_knn_convex_hull_inter",
    "dataset": "wine",
    "hyperparameters": {
        "metric": "convex_hull_inter",
        "n_optimizer_calls": 25
    },
    "metrics": {
        "accuracy_mean": 0.8542483660130719,
        "accuracy_std": 0.13191608691809534,
        "train_time_mean": 2.0966728305007565,
        "train_time_std": 0.021532299884990693,
        "predict_time_mean": 0.0020165577967418357,
        "predict_time_std": 0.00048497491554947043
    },
    "fold_metrics": {
        "accuracies": [
            1.0,
            1.0,
            0.6666666666666666,
            0.6666666666666666,
            0.9444444444444444,
            0.8888888888888888,
            0.6666666666666666,
            0.9444444444444444,
            0.9411764705882353,
            0.8235294117647058
        ],
        "train_times": [
            2.103183657003683,
            2.059881730005145,
            2.1095235999964643,
            2.1018894129956607,
            2.0821156830061227,
            2.1162263420119416,
            2.1111085199954687,
            2.0557459679985186,
            2.1124507519998588,
            2.1146026399947004
        ],
        "predict_times": [
            0.0018347599980188534,
            0.0034703809942584485,
            0.00189158899593167,
            0.0018729309958871454,
            0.0018549149972386658,
            0.0018758750084089115,
            0.001837717994931154,
            0.0018401759880362079,
            0.0018553819973021746,
            0.0018318509974051267
        ]
    }
}