{
    "model_name": "parameterless_knn_spread_hnbf",
    "dataset": "wine",
    "hyperparameters": {
        "metric": "spread",
        "n_optimizer_calls": 25,
        "support_samples_method": "hnbf"
    },
    "metrics": {
        "accuracy_mean": 0.9437908496732026,
        "accuracy_std": 0.07857829376279953,
        "train_time_mean": 11.30883031001431,
        "train_time_std": 1.5014421942006413,
        "predict_time_mean": 0.004251629987265915,
        "predict_time_std": 0.006970540206351428
    },
    "fold_metrics": {
        "accuracies": [
            0.9444444444444444,
            0.9444444444444444,
            0.7222222222222222,
            0.9444444444444444,
            1.0,
            1.0,
            1.0,
            1.0,
            0.9411764705882353,
            0.9411764705882353
        ],
        "train_times": [
            13.801493800012395,
            9.755978300003335,
            9.455232200038154,
            11.108213800005615,
            10.42858680000063,
            9.852915399998892,
            11.699018400046043,
            12.806654800020624,
            13.492151800019201,
            10.688057799998205
        ],
        "predict_times": [
            0.0017662000027485192,
            0.0017290999530814588,
            0.0017032999894581735,
            0.0017839999636635184,
            0.0020138000254519284,
            0.0015857999678701162,
            0.001768500020261854,
            0.025114099960774183,
            0.0017256999853998423,
            0.0033258000039495528
        ]
    }
}