{
    "model_name": "parameterless_knn_convex_hull_inter_hnbf",
    "dataset": "wine",
    "hyperparameters": {
        "metric": "convex_hull_inter",
        "n_optimizer_calls": 25,
        "support_samples_method": "hnbf"
    },
    "metrics": {
        "accuracy_mean": 0.8022875816993464,
        "accuracy_std": 0.14948792653966042,
        "train_time_mean": 1.5990297100099269,
        "train_time_std": 0.040728387066484885,
        "predict_time_mean": 0.001468969986308366,
        "predict_time_std": 0.00017327159830450364
    },
    "fold_metrics": {
        "accuracies": [
            1.0,
            0.9444444444444444,
            0.6111111111111112,
            0.6111111111111112,
            1.0,
            0.8888888888888888,
            0.6666666666666666,
            0.8888888888888888,
            0.7058823529411765,
            0.7058823529411765
        ],
        "train_times": [
            1.5777785999816842,
            1.5999637999921106,
            1.593079400015995,
            1.5735096000134945,
            1.5858026000205427,
            1.5652876000385731,
            1.671620500041172,
            1.5456851000199094,
            1.6765958999749273,
            1.6009740000008605
        ],
        "predict_times": [
            0.0016748000052757561,
            0.0015764000127092004,
            0.0015752999461255968,
            0.0016226000152528286,
            0.0016613000188954175,
            0.0012673999881371856,
            0.0015091999666765332,
            0.001288499974180013,
            0.0013271999778226018,
            0.0011869999580085278
        ]
    }
}