{
    "model_name": "parameterless_knn_opposite_hyperplane_margin_clustering",
    "dataset": "wine",
    "hyperparameters": {
        "metric": "opposite_hyperplane",
        "n_optimizer_calls": 25,
        "support_samples_method": "margin_clustering"
    },
    "metrics": {
        "accuracy_mean": 0.949673202614379,
        "accuracy_std": 0.038947887360626376,
        "train_time_mean": 4.965449270006502,
        "train_time_std": 1.0609504177703628,
        "predict_time_mean": 0.00203660000115633,
        "predict_time_std": 0.0004003917533505075
    },
    "fold_metrics": {
        "accuracies": [
            1.0,
            0.8888888888888888,
            0.9444444444444444,
            0.9444444444444444,
            0.9444444444444444,
            1.0,
            0.9444444444444444,
            0.8888888888888888,
            0.9411764705882353,
            1.0
        ],
        "train_times": [
            5.15493040002184,
            4.735900300031062,
            5.512753100018017,
            4.680312699987553,
            3.947469800012186,
            3.9903887000400573,
            4.255488499999046,
            4.858967999985907,
            4.6879888999974355,
            7.830292299971916
        ],
        "predict_times": [
            0.002112999965902418,
            0.001756999990902841,
            0.002614600001834333,
            0.0018060000147670507,
            0.0016895000007934868,
            0.00169339997228235,
            0.0018630999838933349,
            0.0022643000120297074,
            0.001694900041911751,
            0.002870200027246028
        ]
    }
}