{
    "model_name": "parameterless_knn_silhouette",
    "dataset": "wine",
    "hyperparameters": {
        "metric": "silhouette"
    },
    "metrics": {
        "accuracy_mean": 0.9777777777777779,
        "accuracy_std": 0.027216552697590882,
        "train_time_mean": 0.4383591800004069,
        "train_time_std": 0.07822806346377474,
        "predict_time_mean": 0.004258679999475134,
        "predict_time_std": 0.002187803598079081
    }
}