{
    "model_name": "parameterless_knn_convex_hull_intra_hnbf",
    "dataset": "wine",
    "hyperparameters": {
        "metric": "convex_hull_intra",
        "n_optimizer_calls": 25,
        "support_samples_method": "hnbf"
    },
    "metrics": {
        "accuracy_mean": 0.8127450980392157,
        "accuracy_std": 0.24098975183512533,
        "train_time_mean": 3.513753749988973,
        "train_time_std": 0.3675600545385418,
        "predict_time_mean": 0.0014274100074544549,
        "predict_time_std": 0.00019359196284133117
    },
    "fold_metrics": {
        "accuracies": [
            1.0,
            0.9444444444444444,
            0.9444444444444444,
            0.9444444444444444,
            0.9444444444444444,
            0.9444444444444444,
            0.3333333333333333,
            0.7777777777777778,
            0.35294117647058826,
            0.9411764705882353
        ],
        "train_times": [
            3.502118599950336,
            3.232080700050574,
            3.7173433999996632,
            3.1704397999565117,
            2.8794188000028953,
            3.76036529999692,
            4.002954200026579,
            3.548830399988219,
            4.08891249995213,
            3.235073799965903
        ],
        "predict_times": [
            0.0010985000408254564,
            0.0012630000128410757,
            0.0014659999869763851,
            0.0014521999983116984,
            0.0011667999788187444,
            0.0014804000384174287,
            0.0015849000192247331,
            0.0017852999735623598,
            0.0015450000064447522,
            0.001432000019121915
        ]
    }
}