{
    "model_name": "parameterless_knn_convex_hull_inter_margin_clustering",
    "dataset": "wine",
    "hyperparameters": {
        "metric": "convex_hull_inter",
        "n_optimizer_calls": 25,
        "support_samples_method": "margin_clustering"
    },
    "metrics": {
        "accuracy_mean": 0.8823529411764707,
        "accuracy_std": 0.08742059125946512,
        "train_time_mean": 1.597082999983104,
        "train_time_std": 0.03527408744364586,
        "predict_time_mean": 0.001548699993873015,
        "predict_time_std": 0.00015052051013864375
    },
    "fold_metrics": {
        "accuracies": [
            0.9444444444444444,
            0.9444444444444444,
            0.6666666666666666,
            0.9444444444444444,
            0.8888888888888888,
            0.8888888888888888,
            0.7777777777777778,
            0.9444444444444444,
            0.8823529411764706,
            0.9411764705882353
        ],
        "train_times": [
            1.5572773999883793,
            1.6236860000062734,
            1.5454017999581993,
            1.5971378999529406,
            1.631074599979911,
            1.5804660000139847,
            1.610349699971266,
            1.6054100000183098,
            1.5577247999608517,
            1.6623017999809235
        ],
        "predict_times": [
            0.0017254999838769436,
            0.0014984000008553267,
            0.0015493000391870737,
            0.001367799995932728,
            0.0017411999870091677,
            0.0016537999617867172,
            0.0012865000171586871,
            0.0014096999657340348,
            0.0017031999886967242,
            0.0015515999984927475
        ]
    }
}