{
    "model_name": "parameterless_knn_spread_gabriel_graph",
    "dataset": "wine",
    "hyperparameters": {
        "metric": "spread",
        "n_optimizer_calls": 25,
        "support_samples_method": "gabriel_graph"
    },
    "metrics": {
        "accuracy_mean": 0.9663398692810456,
        "accuracy_std": 0.037060898375364325,
        "train_time_mean": 6.35613141998765,
        "train_time_std": 0.664330699349852,
        "predict_time_mean": 0.0015286100038792937,
        "predict_time_std": 0.00025709229479599203
    },
    "fold_metrics": {
        "accuracies": [
            1.0,
            0.9444444444444444,
            0.9444444444444444,
            1.0,
            1.0,
            1.0,
            0.8888888888888888,
            0.9444444444444444,
            0.9411764705882353,
            1.0
        ],
        "train_times": [
            5.452674100000877,
            6.04984999995213,
            6.947880199993961,
            5.952685099968221,
            5.388517099956516,
            5.849223700002767,
            6.593869599979371,
            7.217795500007924,
            6.947236599982716,
            7.161582300032023
        ],
        "predict_times": [
            0.001291199994739145,
            0.0012302000541239977,
            0.0016067000105977058,
            0.0012815000372938812,
            0.0012694000033661723,
            0.001484000007621944,
            0.0019702999852597713,
            0.0014931999612599611,
            0.0018565999926067889,
            0.0018029999919235706
        ]
    }
}