{
    "model_name": "parameterless_knn_opposite_hyperplane_hnbf",
    "dataset": "wine",
    "hyperparameters": {
        "metric": "opposite_hyperplane",
        "n_optimizer_calls": 25,
        "support_samples_method": "hnbf"
    },
    "metrics": {
        "accuracy_mean": 0.9382352941176471,
        "accuracy_std": 0.08028115510084348,
        "train_time_mean": 2.437965049990453,
        "train_time_std": 0.07402733889511104,
        "predict_time_mean": 0.0013015300093684346,
        "predict_time_std": 0.00016433258357286413
    },
    "fold_metrics": {
        "accuracies": [
            1.0,
            1.0,
            0.7222222222222222,
            0.9444444444444444,
            0.9444444444444444,
            1.0,
            1.0,
            0.8888888888888888,
            0.9411764705882353,
            0.9411764705882353
        ],
        "train_times": [
            2.306459499988705,
            2.4278264999738894,
            2.468080699967686,
            2.3708995999768376,
            2.4452247000299394,
            2.502363500010688,
            2.5918027000152506,
            2.4588962999987416,
            2.4304546999628656,
            2.377642299979925
        ],
        "predict_times": [
            0.0015227000112645328,
            0.0015927000204101205,
            0.001159299979917705,
            0.0011470000026747584,
            0.0013766000047326088,
            0.0011607999913394451,
            0.0013775000115856528,
            0.001193000003695488,
            0.0010973000316880643,
            0.0013884000363759696
        ]
    }
}