{
    "model_name": "parameterless_knn_opposite_hyperplane_margin_clustering",
    "dataset": "wine",
    "hyperparameters": {
        "metric": "opposite_hyperplane",
        "n_optimizer_calls": 25,
        "support_samples_method": "margin_clustering"
    },
    "metrics": {
        "accuracy_mean": 0.949673202614379,
        "accuracy_std": 0.038947887360626376,
        "train_time_mean": 2.7785200000042094,
        "train_time_std": 0.15457568799819188,
        "predict_time_mean": 0.0013491100107785314,
        "predict_time_std": 0.00020783742192560586
    },
    "fold_metrics": {
        "accuracies": [
            1.0,
            0.8888888888888888,
            0.9444444444444444,
            0.9444444444444444,
            0.9444444444444444,
            1.0,
            0.9444444444444444,
            0.8888888888888888,
            0.9411764705882353,
            1.0
        ],
        "train_times": [
            2.659239600005094,
            2.723022599995602,
            2.5330890999757685,
            2.7535522000398487,
            2.653948399994988,
            2.7787258999887854,
            2.7827943000011146,
            2.9688356000115164,
            2.8268597000278533,
            3.105132600001525
        ],
        "predict_times": [
            0.001187700021546334,
            0.0014869999722577631,
            0.0010777999996207654,
            0.0015148999518714845,
            0.0011610999936237931,
            0.001688700052909553,
            0.0016225000144913793,
            0.0011899000382982194,
            0.001394100021570921,
            0.0011674000415951014
        ]
    }
}