{
    "model_name": "parameterless_knn_opposite_hyperplane_gabriel_graph",
    "dataset": "wine",
    "hyperparameters": {
        "metric": "opposite_hyperplane",
        "n_optimizer_calls": 25,
        "support_samples_method": "gabriel_graph"
    },
    "metrics": {
        "accuracy_mean": 0.9722222222222221,
        "accuracy_std": 0.03726779962499651,
        "train_time_mean": 7.712751790002221,
        "train_time_std": 1.6250201701686153,
        "predict_time_mean": 0.004341099999146536,
        "predict_time_std": 0.004017604512130202
    },
    "fold_metrics": {
        "accuracies": [
            1.0,
            0.9444444444444444,
            1.0,
            0.9444444444444444,
            0.9444444444444444,
            1.0,
            1.0,
            0.8888888888888888,
            1.0,
            1.0
        ],
        "train_times": [
            6.092922600044403,
            11.25325349997729,
            7.458203100017272,
            9.118767599982675,
            5.899739899963606,
            7.732684199989308,
            8.664819700003136,
            7.825185500027146,
            5.479461100010667,
            7.6024807000067085
        ],
        "predict_times": [
            0.002107399981468916,
            0.001789500005543232,
            0.0021828999742865562,
            0.0017652000533416867,
            0.011117500020191073,
            0.006140700017567724,
            0.0017232999671250582,
            0.002001799992285669,
            0.0018265999970026314,
            0.012756099982652813
        ]
    }
}