{
    "model_name": "parameterless_knn_spread",
    "dataset": "wine",
    "hyperparameters": {
        "metric": "spread",
        "n_optimizer_calls": 25
    },
    "metrics": {
        "accuracy_mean": 0.9552287581699346,
        "accuracy_std": 0.05450858919353087,
        "train_time_mean": 6.903161775899934,
        "train_time_std": 1.0598924872597915,
        "predict_time_mean": 0.002025925400084816,
        "predict_time_std": 0.0002838641377735829
    },
    "fold_metrics": {
        "accuracies": [
            1.0,
            0.9444444444444444,
            1.0,
            1.0,
            0.9444444444444444,
            1.0,
            0.8333333333333334,
            0.8888888888888888,
            0.9411764705882353,
            1.0
        ],
        "train_times": [
            7.831342616002075,
            7.745891036989633,
            6.745107811002526,
            7.618929438001942,
            7.518332109000767,
            5.878584553007386,
            5.71276740799658,
            8.668078497008537,
            5.822384895000141,
            5.490199394989759
        ],
        "predict_times": [
            0.0023510539904236794,
            0.0017688910011202097,
            0.0017699340096442029,
            0.0024014470109250396,
            0.0018056420085486025,
            0.001771283001289703,
            0.0018427779868943617,
            0.002381892001722008,
            0.0023545419971924275,
            0.001811790993087925
        ]
    }
}