{
    "model_name": "parameterless_knn_dissimilarity_gabriel_graph",
    "dataset": "wine",
    "hyperparameters": {
        "metric": "dissimilarity",
        "n_optimizer_calls": 25,
        "support_samples_method": "gabriel_graph"
    },
    "metrics": {
        "accuracy_mean": 0.9722222222222221,
        "accuracy_std": 0.03726779962499651,
        "train_time_mean": 10.000042849994497,
        "train_time_std": 1.2562454980528417,
        "predict_time_mean": 0.005131680000340566,
        "predict_time_std": 0.0064407524114155805
    },
    "fold_metrics": {
        "accuracies": [
            1.0,
            0.9444444444444444,
            0.9444444444444444,
            1.0,
            1.0,
            1.0,
            0.8888888888888888,
            0.9444444444444444,
            1.0,
            1.0
        ],
        "train_times": [
            10.105688199982978,
            11.646755900001153,
            11.535939000023063,
            10.237831500009634,
            10.049180000030901,
            10.515549599949736,
            10.476699099992402,
            9.065922999987379,
            9.339952400012407,
            7.02690979995532
        ],
        "predict_times": [
            0.001947999990079552,
            0.0022052000276744366,
            0.019971099973190576,
            0.0018835000228136778,
            0.0017915999633260071,
            0.0017185000469908118,
            0.0021764999837614596,
            0.0019607999711297452,
            0.001887699996586889,
            0.015773900027852505
        ]
    }
}