{
    "model_name": "parameterless_knn_spread_margin_clustering",
    "dataset": "wine",
    "hyperparameters": {
        "metric": "spread",
        "n_optimizer_calls": 25,
        "support_samples_method": "margin_clustering"
    },
    "metrics": {
        "accuracy_mean": 0.9267973856209151,
        "accuracy_std": 0.05044125851392089,
        "train_time_mean": 13.079350709996652,
        "train_time_std": 1.949658058895525,
        "predict_time_mean": 0.0037021500058472155,
        "predict_time_std": 0.004002315268882581
    },
    "fold_metrics": {
        "accuracies": [
            1.0,
            0.8888888888888888,
            0.8888888888888888,
            0.9444444444444444,
            0.9444444444444444,
            1.0,
            0.8333333333333334,
            0.9444444444444444,
            0.8823529411764706,
            0.9411764705882353
        ],
        "train_times": [
            13.529157700017095,
            11.855233199952636,
            8.909847400034778,
            12.067563500022516,
            13.967836499970872,
            16.019454599998426,
            12.998597499972675,
            11.682329900038894,
            14.800014199980069,
            14.963472599978559
        ],
        "predict_times": [
            0.0017792999860830605,
            0.005917000002227724,
            0.0016716999816708267,
            0.0017250999808311462,
            0.015122100012376904,
            0.0018332000472582877,
            0.00207129999762401,
            0.0020106000010855496,
            0.0017514000064693391,
            0.0031398000428453088
        ]
    }
}