{
    "model_name": "parameterless_knn_silhouette_hnbf",
    "dataset": "wine",
    "hyperparameters": {
        "metric": "silhouette",
        "n_optimizer_calls": 25,
        "support_samples_method": "hnbf"
    },
    "metrics": {
        "accuracy_mean": 0.9604575163398692,
        "accuracy_std": 0.03590163416392267,
        "train_time_mean": 7.8526540600054435,
        "train_time_std": 1.0841568911545036,
        "predict_time_mean": 0.002827359986258671,
        "predict_time_std": 0.003013108088047558
    },
    "fold_metrics": {
        "accuracies": [
            1.0,
            0.9444444444444444,
            0.9444444444444444,
            1.0,
            0.9444444444444444,
            1.0,
            1.0,
            0.8888888888888888,
            0.9411764705882353,
            0.9411764705882353
        ],
        "train_times": [
            8.233750299958047,
            8.72791130002588,
            8.170737900014501,
            9.092834100010805,
            9.17843820003327,
            7.2505066999583505,
            7.28391300002113,
            8.031543200020678,
            7.21958450000966,
            5.337321400002111
        ],
        "predict_times": [
            0.0016139000072143972,
            0.0017369999550282955,
            0.0025411000242456794,
            0.001775299955625087,
            0.0017369999550282955,
            0.001838300027884543,
            0.0015621999627910554,
            0.011833199998363853,
            0.0019333999953232706,
            0.0017021999810822308
        ]
    }
}