{
    "model_name": "parameterless_knn_dissimilarity",
    "dataset": "wine",
    "hyperparameters": {
        "metric": "dissimilarity",
        "n_optimizer_calls": 25
    },
    "metrics": {
        "accuracy_mean": 0.9215686274509803,
        "accuracy_std": 0.09387677965631246,
        "train_time_mean": 6.409317807298794,
        "train_time_std": 0.7641717857956277,
        "predict_time_mean": 0.0022346629004459826,
        "predict_time_std": 0.0002713213941793444
    },
    "fold_metrics": {
        "accuracies": [
            1.0,
            0.9444444444444444,
            0.9444444444444444,
            0.6666666666666666,
            0.9444444444444444,
            1.0,
            0.8888888888888888,
            0.9444444444444444,
            0.8823529411764706,
            1.0
        ],
        "train_times": [
            5.485935755001265,
            7.7325670839927625,
            6.891759286998422,
            6.627545302995713,
            7.253616248999606,
            5.264182254002662,
            6.8302513679955155,
            5.785307179990923,
            6.416670468010125,
            5.805343125000945
        ],
        "predict_times": [
            0.0018609669932629913,
            0.0023921389947645366,
            0.0017422219971194863,
            0.002493667008820921,
            0.0023803619988029823,
            0.0023888900032034144,
            0.0024125890049617738,
            0.0018739840015769005,
            0.002394169001490809,
            0.002407640000456013
        ]
    }
}