{
    "model_name": "parameterless_knn_dissimilarity_hnbf",
    "dataset": "wine",
    "hyperparameters": {
        "metric": "dissimilarity",
        "n_optimizer_calls": 25,
        "support_samples_method": "hnbf"
    },
    "metrics": {
        "accuracy_mean": 0.9326797385620915,
        "accuracy_std": 0.10766672042862224,
        "train_time_mean": 3.0555329300113954,
        "train_time_std": 0.3164353463778334,
        "predict_time_mean": 0.0013555200130213052,
        "predict_time_std": 0.00019353047011241343
    },
    "fold_metrics": {
        "accuracies": [
            1.0,
            1.0,
            0.7222222222222222,
            0.7222222222222222,
            1.0,
            1.0,
            1.0,
            1.0,
            0.9411764705882353,
            0.9411764705882353
        ],
        "train_times": [
            3.779418300022371,
            2.7228039000183344,
            2.9443434000131674,
            2.8157001999788918,
            2.926199700043071,
            3.2741684000357054,
            2.839452100044582,
            3.2807962999795564,
            2.73608239996247,
            3.236364600015804
        ],
        "predict_times": [
            0.0011239000014029443,
            0.0015879000420682132,
            0.0011036000214517117,
            0.0014467000146396458,
            0.0013369000516831875,
            0.0014547999599017203,
            0.0012596999877132475,
            0.0010947000118903816,
            0.0016531000146642327,
            0.0014939000247977674
        ]
    }
}