{
    "model_name": "parameterless_knn_convex_hull_intra",
    "dataset": "wine",
    "hyperparameters": {
        "metric": "convex_hull_intra",
        "n_optimizer_calls": 25
    },
    "metrics": {
        "accuracy_mean": 0.9549019607843137,
        "accuracy_std": 0.04265425777518885,
        "train_time_mean": 7.058351700103958,
        "train_time_std": 0.3942657437437427,
        "predict_time_mean": 0.0023636460027773865,
        "predict_time_std": 2.6453232209760042e-05
    },
    "fold_metrics": {
        "accuracies": [
            1.0,
            0.9444444444444444,
            0.9444444444444444,
            1.0,
            0.9444444444444444,
            1.0,
            0.8888888888888888,
            0.9444444444444444,
            0.8823529411764706,
            1.0
        ],
        "train_times": [
            6.48363288200926,
            6.757478262006771,
            7.890866952002398,
            7.304233568997006,
            6.806099081004504,
            7.051553427008912,
            7.22672826499911,
            7.445773875006125,
            6.727371842003777,
            6.889778846001718
        ],
        "predict_times": [
            0.002395073010120541,
            0.002332372998353094,
            0.0023523030104115605,
            0.0023576780076837167,
            0.002407763007795438,
            0.0024040650023380294,
            0.0023444210091838613,
            0.0023567389871459454,
            0.0023461709934053943,
            0.002339874001336284
        ]
    }
}