{
    "model_name": "parameterless_knn_silhouette_margin_clustering",
    "dataset": "wine",
    "hyperparameters": {
        "metric": "silhouette",
        "n_optimizer_calls": 25,
        "support_samples_method": "margin_clustering"
    },
    "metrics": {
        "accuracy_mean": 0.949673202614379,
        "accuracy_std": 0.038947887360626376,
        "train_time_mean": 3.2231633400020656,
        "train_time_std": 0.18097063507467095,
        "predict_time_mean": 0.0013038299977779389,
        "predict_time_std": 0.00015502172493457873
    },
    "fold_metrics": {
        "accuracies": [
            1.0,
            0.9444444444444444,
            0.9444444444444444,
            0.9444444444444444,
            0.9444444444444444,
            1.0,
            0.8888888888888888,
            0.8888888888888888,
            0.9411764705882353,
            1.0
        ],
        "train_times": [
            3.1032744999974966,
            3.4847982000210322,
            2.908036999986507,
            3.172769099997822,
            3.054963600006886,
            3.371063900005538,
            3.5248701000236906,
            3.1969423000118695,
            3.192295099957846,
            3.222619600011967
        ],
        "predict_times": [
            0.001226399966981262,
            0.0015965999918989837,
            0.0011343000223860145,
            0.0013097000191919506,
            0.001218399964272976,
            0.0011064999853260815,
            0.0014266999787651002,
            0.0014057999942451715,
            0.0014620000147260725,
            0.001151900039985776
        ]
    }
}