{
    "model_name": "parameterless_knn_silhouette",
    "dataset": "wine",
    "hyperparameters": {
        "metric": "silhouette",
        "n_optimizer_calls": 25
    },
    "metrics": {
        "accuracy_mean": 0.9552287581699346,
        "accuracy_std": 0.05450858919353087,
        "train_time_mean": 6.509143643899006,
        "train_time_std": 0.5847339768344214,
        "predict_time_mean": 0.0021488426005817018,
        "predict_time_std": 0.00028698051527754496
    },
    "fold_metrics": {
        "accuracies": [
            1.0,
            0.9444444444444444,
            1.0,
            1.0,
            0.9444444444444444,
            1.0,
            0.8333333333333334,
            0.8888888888888888,
            0.9411764705882353,
            1.0
        ],
        "train_times": [
            7.242853739007842,
            6.588762068000506,
            5.378189013994415,
            6.423762713005999,
            7.239237867994234,
            6.908055744002922,
            5.811822071991628,
            6.778666377009358,
            6.742528905990184,
            5.9775579379929695
        ],
        "predict_times": [
            0.0023674870026297867,
            0.001819192009861581,
            0.0018657960026757792,
            0.0018510980007704347,
            0.0023683109902776778,
            0.002367918990785256,
            0.002476747991750017,
            0.0023323290079133585,
            0.002357166013098322,
            0.0016823799960548058
        ]
    }
}