{
    "model_name": "parameterless_knn_convex_hull_intra",
    "dataset": "wine",
    "hyperparameters": {
        "metric": "convex_hull_intra"
    },
    "metrics": {
        "accuracy_mean": 0.9607843137254901,
        "accuracy_std": 0.03573914539736555,
        "train_time_mean": 0.5818892100018275,
        "train_time_std": 0.15880829813995087,
        "predict_time_mean": 0.006078279999928782,
        "predict_time_std": 0.00712161476605842
    }
}