{
    "model_name": "parameterless_knn_silhouette_margin_clustering",
    "dataset": "wine",
    "hyperparameters": {
        "metric": "silhouette",
        "n_optimizer_calls": 25,
        "support_samples_method": "margin_clustering"
    },
    "metrics": {
        "accuracy_mean": 0.949673202614379,
        "accuracy_std": 0.038947887360626376,
        "train_time_mean": 5.392230289994041,
        "train_time_std": 0.7096407865998641,
        "predict_time_mean": 0.0031687400070950387,
        "predict_time_std": 0.003863858036256764
    },
    "fold_metrics": {
        "accuracies": [
            1.0,
            0.9444444444444444,
            0.9444444444444444,
            0.9444444444444444,
            0.9444444444444444,
            1.0,
            0.8888888888888888,
            0.8888888888888888,
            0.9411764705882353,
            1.0
        ],
        "train_times": [
            6.0079938000417314,
            5.056405699986499,
            4.2773837999557145,
            4.807650500035379,
            4.927788600034546,
            4.7966729999752715,
            5.841374599956907,
            6.799311199982185,
            5.622890800004825,
            5.784830899967346
        ],
        "predict_times": [
            0.0016666000010445714,
            0.0016975000035017729,
            0.0017331000417470932,
            0.0017507000011391938,
            0.0033608999801799655,
            0.0016262999852187932,
            0.014662900008261204,
            0.0017717000446282327,
            0.0015428999904543161,
            0.0018748000147752464
        ]
    }
}