{
    "model_name": "parameterless_knn_silhouette_gabriel_graph",
    "dataset": "wine",
    "hyperparameters": {
        "metric": "silhouette",
        "n_optimizer_calls": 25,
        "support_samples_method": "gabriel_graph"
    },
    "metrics": {
        "accuracy_mean": 0.9607843137254901,
        "accuracy_std": 0.03573914539736555,
        "train_time_mean": 6.19593030999531,
        "train_time_std": 0.9318344011302664,
        "predict_time_mean": 0.0021533999999519436,
        "predict_time_std": 0.0007904636248771481
    },
    "fold_metrics": {
        "accuracies": [
            1.0,
            0.9444444444444444,
            0.9444444444444444,
            0.9444444444444444,
            0.9444444444444444,
            1.0,
            1.0,
            0.8888888888888888,
            0.9411764705882353,
            1.0
        ],
        "train_times": [
            6.202379899972584,
            7.588398899999447,
            5.809059099992737,
            4.979373499983922,
            5.127937200013548,
            6.7487368999863975,
            5.866959000006318,
            5.543567499960773,
            6.127830500015989,
            7.965060600021388
        ],
        "predict_times": [
            0.001749299990478903,
            0.001826199993956834,
            0.001969300035852939,
            0.002021100022830069,
            0.0018205999513156712,
            0.0020514000207185745,
            0.001792200026102364,
            0.0018160000327043235,
            0.0045053999638184905,
            0.0019824999617412686
        ]
    }
}