{
    "model_name": "sklearn_knn_wrapper",
    "dataset": "wine",
    "hyperparameters": {
        "n_optimizer_calls": 25
    },
    "metrics": {
        "accuracy_mean": 0.9663398692810456,
        "accuracy_std": 0.027499567956093377,
        "train_time_mean": 6.356797824597743,
        "train_time_std": 0.4583613235831678,
        "predict_time_mean": 0.00149641150055686,
        "predict_time_std": 0.0007265640513175452
    },
    "fold_metrics": {
        "accuracies": [
            1.0,
            0.9444444444444444,
            0.9444444444444444,
            1.0,
            0.9444444444444444,
            1.0,
            0.9444444444444444,
            0.9444444444444444,
            0.9411764705882353,
            1.0
        ],
        "train_times": [
            6.221237572986865,
            6.4821726480004145,
            6.425893880004878,
            5.691524212001241,
            7.267663414997514,
            6.241406045999611,
            6.418510651987162,
            6.621265983994817,
            5.565304438001476,
            6.632999398003449
        ],
        "predict_times": [
            0.0011204070033272728,
            0.0024318830110132694,
            0.0024687289987923577,
            0.0009331509936600924,
            0.0008004560077097267,
            0.0008813239983282983,
            0.000828541989903897,
            0.0008851089951349422,
            0.002272363009979017,
            0.0023421509977197275
        ]
    }
}