{
    "model_name": "sklearn_knn_wrapper",
    "dataset": "wine",
    "hyperparameters": {
        "n_optimizer_calls": 25
    },
    "metrics": {
        "accuracy_mean": 0.9777777777777779,
        "accuracy_std": 0.027216552697590882,
        "train_time_mean": 3.7112494400062133,
        "train_time_std": 0.23957803383158452,
        "predict_time_mean": 0.0008817499910946935,
        "predict_time_std": 0.00018379319619971245
    },
    "fold_metrics": {
        "accuracies": [
            1.0,
            0.9444444444444444,
            0.9444444444444444,
            1.0,
            1.0,
            1.0,
            0.9444444444444444,
            0.9444444444444444,
            1.0,
            1.0
        ],
        "train_times": [
            3.633945200010203,
            3.5355497999698855,
            3.7697120000375435,
            3.641702900000382,
            4.129772900021635,
            3.281247000035364,
            3.7073751999996603,
            3.6512513000052422,
            4.112903500034008,
            3.649034599948209
        ],
        "predict_times": [
            0.0008329999982379377,
            0.0007805000059306622,
            0.001158699975349009,
            0.0009029999491758645,
            0.0007799000013619661,
            0.000693499983754009,
            0.0006158999749459326,
            0.0008932999917306006,
            0.0012425000313669443,
            0.0009171999990940094
        ]
    }
}