{
    "model_name": "sklearn_knn_wrapper",
    "dataset": "wine",
    "hyperparameters": {
        "n_optimizer_calls": 10
    },
    "metrics": {
        "accuracy_mean": 0.9777777777777779,
        "accuracy_std": 0.027216552697590882,
        "train_time_mean": 0.39008699000005437,
        "train_time_std": 0.03046111553875898,
        "predict_time_mean": 0.0009548200003337115,
        "predict_time_std": 0.00024452121704357396
    }
}