{
    "model_name": "sklearn_knn_wrapper",
    "dataset": "wine",
    "hyperparameters": {
        "n_optimizer_calls": 25
    },
    "metrics": {
        "accuracy_mean": 0.9777777777777779,
        "accuracy_std": 0.027216552697590882,
        "train_time_mean": 10.223299809987656,
        "train_time_std": 2.3612435038486717,
        "predict_time_mean": 0.0011800399981439114,
        "predict_time_std": 0.0003893050906286399
    },
    "fold_metrics": {
        "accuracies": [
            1.0,
            0.9444444444444444,
            0.9444444444444444,
            1.0,
            1.0,
            1.0,
            0.9444444444444444,
            0.9444444444444444,
            1.0,
            1.0
        ],
        "train_times": [
            8.008937500009779,
            11.499461299972609,
            11.42805089999456,
            14.822722200013231,
            9.144963699975051,
            7.76863039995078,
            7.302006599958986,
            8.163889200019184,
            12.03532450000057,
            12.059011799981818
        ],
        "predict_times": [
            0.0009615999879315495,
            0.0007712999940849841,
            0.0017037999932654202,
            0.0009239999926649034,
            0.0009236999903805554,
            0.0008658000151626766,
            0.0009270000155083835,
            0.0013524999958463013,
            0.0019952000002376735,
            0.001375499996356666
        ]
    }
}