{
    "model_name": "sklearn_knn_wrapper",
    "dataset": "wine",
    "hyperparameters": {
        "n_optimizer_calls": 25
    },
    "metrics": {
        "accuracy_mean": 0.9663398692810456,
        "accuracy_std": 0.027499567956093377,
        "train_time_mean": 6.370270763502049,
        "train_time_std": 0.47408838990613056,
        "predict_time_mean": 0.001461934896360617,
        "predict_time_std": 0.0007454242793738712
    },
    "fold_metrics": {
        "accuracies": [
            1.0,
            0.9444444444444444,
            0.9444444444444444,
            1.0,
            0.9444444444444444,
            1.0,
            0.9444444444444444,
            0.9444444444444444,
            0.9411764705882353,
            1.0
        ],
        "train_times": [
            6.14096608600812,
            6.624214159004623,
            6.51128692200291,
            5.7359228459972655,
            7.287781250997796,
            6.278821999992942,
            6.381662488012807,
            6.5640217479958665,
            5.513610786001664,
            6.664419349006494
        ],
        "predict_times": [
            0.0008576449909014627,
            0.0024523430038243532,
            0.0024451830104226246,
            0.0009404299926245585,
            0.0008048470044741407,
            0.0008000179950613528,
            0.0008108819893095642,
            0.0009210289863403887,
            0.0022584659891435876,
            0.002328506001504138
        ]
    }
}