{
    "model_name": "parameterless_knn_opposite_hyperplane_hnbf",
    "dataset": "banknote_authentication",
    "hyperparameters": {
        "metric": "opposite_hyperplane",
        "n_optimizer_calls": 25,
        "support_samples_method": "hnbf"
    },
    "metrics": {
        "accuracy_mean": 0.8389188617370147,
        "accuracy_std": 0.0531883717019295,
        "train_time_mean": 9.588666569999964,
        "train_time_std": 3.7148681159431396,
        "predict_time_mean": 0.020529510000028495,
        "predict_time_std": 0.024940554200840927
    },
    "fold_metrics": {
        "accuracies": [
            0.8333333333333334,
            0.8478260869565217,
            0.8540145985401459,
            0.7664233576642335,
            0.8394160583941606,
            0.8978102189781022,
            0.781021897810219,
            0.8029197080291971,
            0.8102189781021898,
            0.9562043795620438
        ],
        "train_times": [
            12.17436100000009,
            13.10022119999985,
            17.667882199999895,
            9.05707069999994,
            10.694063699999788,
            5.886702700000114,
            5.93765859999985,
            5.569051800000125,
            6.613098499999978,
            9.186555300000009
        ],
        "predict_times": [
            0.008202400000072885,
            0.08665099999984704,
            0.008385899999893809,
            0.00816320000012638,
            0.009102600000005623,
            0.004205299999966883,
            0.027431200000137324,
            0.006996100000151273,
            0.042509000000109154,
            0.003648399999974572
        ]
    }
}