{
    "model_name": "parameterless_knn_opposite_hyperplane_gabriel_graph",
    "dataset": "banknote_authentication",
    "hyperparameters": {
        "metric": "opposite_hyperplane",
        "n_optimizer_calls": 25,
        "support_samples_method": "gabriel_graph"
    },
    "metrics": {
        "accuracy_mean": 0.9059452025811912,
        "accuracy_std": 0.0476208686692179,
        "train_time_mean": 71.53812370000003,
        "train_time_std": 11.519890298959472,
        "predict_time_mean": 0.0120511300000544,
        "predict_time_std": 0.013638385897635568
    },
    "fold_metrics": {
        "accuracies": [
            0.9420289855072463,
            0.9130434782608695,
            0.8394160583941606,
            0.9927007299270073,
            0.8613138686131386,
            0.8686131386861314,
            0.948905109489051,
            0.8759124087591241,
            0.8686131386861314,
            0.948905109489051
        ],
        "train_times": [
            83.11846250000008,
            70.57905380000011,
            61.349946400000135,
            68.19107129999998,
            55.044849299999896,
            77.66512720000014,
            98.00783450000017,
            65.9962685999999,
            65.85906909999994,
            69.56955429999994
        ],
        "predict_times": [
            0.0029543000000558095,
            0.006499600000097416,
            0.0382627000001321,
            0.011017199999969307,
            0.004292099999929633,
            0.004764200000181518,
            0.03971440000009352,
            0.004707199999984368,
            0.004862100000082137,
            0.00343750000001819
        ]
    }
}