{
    "model_name": "parameterless_knn_spread_gabriel_graph",
    "dataset": "banknote_authentication",
    "hyperparameters": {
        "metric": "spread",
        "n_optimizer_calls": 25,
        "support_samples_method": "gabriel_graph"
    },
    "metrics": {
        "accuracy_mean": 0.9183592510314187,
        "accuracy_std": 0.02954312146644185,
        "train_time_mean": 75.55540011999997,
        "train_time_std": 17.37632602221362,
        "predict_time_mean": 0.008640839999998207,
        "predict_time_std": 0.012653329058089373
    },
    "fold_metrics": {
        "accuracies": [
            0.9202898550724637,
            0.927536231884058,
            0.9708029197080292,
            0.927007299270073,
            0.9051094890510949,
            0.8686131386861314,
            0.9562043795620438,
            0.927007299270073,
            0.8978102189781022,
            0.8832116788321168
        ],
        "train_times": [
            76.48411220000003,
            84.31568989999982,
            57.519711200000074,
            69.54539019999993,
            59.40007430000014,
            80.10883009999998,
            59.155376799999885,
            104.81720539999992,
            105.42386199999987,
            58.78374910000002
        ],
        "predict_times": [
            0.004466100000172446,
            0.004582999999911408,
            0.04654449999998178,
            0.004074800000125833,
            0.0059443000000101165,
            0.004221700000016426,
            0.005154599999968923,
            0.0034611999999469845,
            0.0035372999998344312,
            0.004420900000013717
        ]
    }
}