{
    "model_name": "parameterless_knn_silhouette_margin_clustering",
    "dataset": "banknote_authentication",
    "hyperparameters": {
        "metric": "silhouette",
        "n_optimizer_calls": 25,
        "support_samples_method": "margin_clustering"
    },
    "metrics": {
        "accuracy_mean": 0.9416746006558766,
        "accuracy_std": 0.042053702477428526,
        "train_time_mean": 18.434777749999967,
        "train_time_std": 5.170861759172346,
        "predict_time_mean": 0.024692520000007788,
        "predict_time_std": 0.0321747862207427
    },
    "fold_metrics": {
        "accuracies": [
            0.9782608695652174,
            0.927536231884058,
            0.9854014598540146,
            0.948905109489051,
            0.9781021897810219,
            0.9708029197080292,
            0.8686131386861314,
            0.8832116788321168,
            0.9781021897810219,
            0.8978102189781022
        ],
        "train_times": [
            15.419137899999896,
            28.885586399999966,
            19.92327659999978,
            21.15015440000002,
            21.25661029999992,
            23.050090400000045,
            17.275858599999992,
            13.554715299999998,
            11.729919699999982,
            12.102427900000066
        ],
        "predict_times": [
            0.013812500000085493,
            0.009199399999943125,
            0.007075200000144832,
            0.01095250000003034,
            0.06630939999990915,
            0.10644959999990533,
            0.008433599999989383,
            0.008114100000057078,
            0.009029800000007526,
            0.007549100000005637
        ]
    }
}