{
    "model_name": "parameterless_knn_dissimilarity_gabriel_graph",
    "dataset": "banknote_authentication",
    "hyperparameters": {
        "metric": "dissimilarity",
        "n_optimizer_calls": 25,
        "support_samples_method": "gabriel_graph"
    },
    "metrics": {
        "accuracy_mean": 0.9395112662646777,
        "accuracy_std": 0.022552513153586997,
        "train_time_mean": 79.19443385999998,
        "train_time_std": 14.76984699542983,
        "predict_time_mean": 0.004723850000004859,
        "predict_time_std": 0.004369354280014971
    },
    "fold_metrics": {
        "accuracies": [
            0.9057971014492754,
            0.9637681159420289,
            0.9708029197080292,
            0.948905109489051,
            0.9416058394160584,
            0.9124087591240876,
            0.948905109489051,
            0.9416058394160584,
            0.9562043795620438,
            0.9051094890510949
        ],
        "train_times": [
            76.18994769999995,
            103.48266579999995,
            66.45337119999999,
            69.97464409999998,
            61.61256060000005,
            69.55599329999995,
            101.91786120000006,
            82.93342399999983,
            94.08609909999996,
            65.73777160000009
        ],
        "predict_times": [
            0.0029171000001042557,
            0.002809300000080839,
            0.0071757000000616245,
            0.017238299999917217,
            0.0028192999998282176,
            0.0028305000000727887,
            0.0027784000001247477,
            0.0027503999999680673,
            0.0026103000000148313,
            0.0033091999998760002
        ]
    }
}