{
    "model_name": "parameterless_knn_opposite_hyperplane_margin_clustering",
    "dataset": "banknote_authentication",
    "hyperparameters": {
        "metric": "opposite_hyperplane",
        "n_optimizer_calls": 25,
        "support_samples_method": "margin_clustering"
    },
    "metrics": {
        "accuracy_mean": 0.8972654183856978,
        "accuracy_std": 0.04434786319373021,
        "train_time_mean": 14.001883950000002,
        "train_time_std": 4.400096949188487,
        "predict_time_mean": 0.020401829999991607,
        "predict_time_std": 0.018012565481055173
    },
    "fold_metrics": {
        "accuracies": [
            0.8623188405797102,
            0.8840579710144928,
            0.9124087591240876,
            0.9708029197080292,
            0.948905109489051,
            0.8102189781021898,
            0.8686131386861314,
            0.8832116788321168,
            0.9343065693430657,
            0.8978102189781022
        ],
        "train_times": [
            21.34352399999989,
            21.86240380000004,
            16.008987700000034,
            10.558246499999996,
            10.199045399999932,
            10.465572600000087,
            9.204332999999906,
            15.736476100000118,
            13.621080099999972,
            11.019170300000042
        ],
        "predict_times": [
            0.04816750000009051,
            0.011152799999990748,
            0.004780399999845031,
            0.028119300000071235,
            0.0026505000000724976,
            0.05426839999995536,
            0.0031358999999611115,
            0.0033177999998770247,
            0.025513100000125633,
            0.022912599999926897
        ]
    }
}