{
    "model_name": "parameterless_knn_opposite_hyperplane",
    "dataset": "banknote_authentication",
    "hyperparameters": {
        "metric": "opposite_hyperplane"
    },
    "metrics": {
        "accuracy_mean": 0.8812228922035332,
        "accuracy_std": 0.03517167394981608,
        "train_time_mean": 1.5997510799999872,
        "train_time_std": 0.3856595510768828,
        "predict_time_mean": 0.024601980001898484,
        "predict_time_std": 0.009694099356218067
    }
}