{
    "model_name": "parameterless_knn_spread",
    "dataset": "banknote_authentication",
    "hyperparameters": {
        "metric": "spread"
    },
    "metrics": {
        "accuracy_mean": 0.8877446313339681,
        "accuracy_std": 0.028499152823080975,
        "train_time_mean": 1.568773389999842,
        "train_time_std": 0.10067266724909298,
        "predict_time_mean": 0.010714459999871907,
        "predict_time_std": 0.0008956398127748881
    }
}