{
    "model_name": "parameterless_knn_convex_hull_inter_hnbf",
    "dataset": "banknote_authentication",
    "hyperparameters": {
        "metric": "convex_hull_inter",
        "n_optimizer_calls": 25,
        "support_samples_method": "hnbf"
    },
    "metrics": {
        "accuracy_mean": 0.8046334496985084,
        "accuracy_std": 0.03497312843114772,
        "train_time_mean": 14.907845500000008,
        "train_time_std": 4.333745807832276,
        "predict_time_mean": 0.015990749999991748,
        "predict_time_std": 0.01663576265956257
    },
    "fold_metrics": {
        "accuracies": [
            0.8188405797101449,
            0.8333333333333334,
            0.8686131386861314,
            0.7591240875912408,
            0.8540145985401459,
            0.7883211678832117,
            0.781021897810219,
            0.7737226277372263,
            0.781021897810219,
            0.7883211678832117
        ],
        "train_times": [
            10.409437799999978,
            9.61603940000009,
            25.00898730000017,
            12.416286899999932,
            13.960626199999979,
            15.816006600000037,
            16.316556999999875,
            17.98823779999998,
            16.562701199999992,
            10.983574800000042
        ],
        "predict_times": [
            0.007531999999855543,
            0.007820000000037908,
            0.007044700000051307,
            0.008454000000028827,
            0.05702719999999317,
            0.009908799999948315,
            0.007279200000084529,
            0.039565100000118036,
            0.007329999999910797,
            0.007946499999889056
        ]
    }
}