{
    "model_name": "parameterless_knn_convex_hull_intra_margin_clustering",
    "dataset": "banknote_authentication",
    "hyperparameters": {
        "metric": "convex_hull_intra",
        "n_optimizer_calls": 25,
        "support_samples_method": "margin_clustering"
    },
    "metrics": {
        "accuracy_mean": 0.8461705278747488,
        "accuracy_std": 0.04054685814285313,
        "train_time_mean": 18.009799569999974,
        "train_time_std": 4.1370194972151175,
        "predict_time_mean": 0.032338250000020705,
        "predict_time_std": 0.027917352597363575
    },
    "fold_metrics": {
        "accuracies": [
            0.855072463768116,
            0.8913043478260869,
            0.8978102189781022,
            0.8175182481751825,
            0.8613138686131386,
            0.8102189781021898,
            0.8905109489051095,
            0.7737226277372263,
            0.8029197080291971,
            0.8613138686131386
        ],
        "train_times": [
            24.294403500000044,
            20.987799399999858,
            15.090223400000013,
            14.801862700000129,
            19.046906199999967,
            25.11647159999984,
            16.57644069999992,
            16.005368599999883,
            11.298571100000117,
            16.879948499999955
        ],
        "predict_times": [
            0.04746090000003278,
            0.010342900000068767,
            0.02209609999999884,
            0.10751090000007935,
            0.01664570000002641,
            0.03899189999992814,
            0.013075500000013562,
            0.011809999999968568,
            0.017726799999991272,
            0.03772180000009939
        ]
    }
}