{
    "model_name": "parameterless_knn_convex_hull_inter_gabriel_graph",
    "dataset": "banknote_authentication",
    "hyperparameters": {
        "metric": "convex_hull_inter",
        "n_optimizer_calls": 25,
        "support_samples_method": "gabriel_graph"
    },
    "metrics": {
        "accuracy_mean": 0.8783190521527556,
        "accuracy_std": 0.038055201862815934,
        "train_time_mean": 71.78350703000004,
        "train_time_std": 7.39798447242571,
        "predict_time_mean": 0.006512920000000122,
        "predict_time_std": 0.004552157173626934
    },
    "fold_metrics": {
        "accuracies": [
            0.8405797101449275,
            0.8623188405797102,
            0.9635036496350365,
            0.8394160583941606,
            0.8759124087591241,
            0.8759124087591241,
            0.9051094890510949,
            0.9197080291970803,
            0.8540145985401459,
            0.8467153284671532
        ],
        "train_times": [
            84.75423870000009,
            77.25196419999997,
            74.75368149999986,
            71.56487390000007,
            67.506261,
            75.26029740000013,
            67.51580910000007,
            71.44016090000014,
            73.03396859999998,
            54.75381500000003
        ],
        "predict_times": [
            0.005481000000145286,
            0.0043502999999418535,
            0.004057899999907022,
            0.019619299999931172,
            0.0036529999999856955,
            0.004117400000041016,
            0.007996800000000803,
            0.0065483999999287335,
            0.004090200000064215,
            0.005214900000055422
        ]
    }
}