{
    "model_name": "parameterless_knn_convex_hull_inter",
    "dataset": "banknote_authentication",
    "hyperparameters": {
        "metric": "convex_hull_inter"
    },
    "metrics": {
        "accuracy_mean": 0.8877446313339681,
        "accuracy_std": 0.028499152823080975,
        "train_time_mean": 1.334869540001091,
        "train_time_std": 0.10119224515422463,
        "predict_time_mean": 0.01033722000065609,
        "predict_time_std": 0.00119586743741154
    }
}