{
    "model_name": "parameterless_knn_convex_hull_intra_gabriel_graph",
    "dataset": "banknote_authentication",
    "hyperparameters": {
        "metric": "convex_hull_intra",
        "n_optimizer_calls": 25,
        "support_samples_method": "gabriel_graph"
    },
    "metrics": {
        "accuracy_mean": 0.8637575372897495,
        "accuracy_std": 0.045720818890339035,
        "train_time_mean": 73.77893494999998,
        "train_time_std": 6.823174495261374,
        "predict_time_mean": 0.014879420000011124,
        "predict_time_std": 0.019885755089911143
    },
    "fold_metrics": {
        "accuracies": [
            0.8405797101449275,
            0.8115942028985508,
            0.948905109489051,
            0.8102189781021898,
            0.8613138686131386,
            0.8905109489051095,
            0.9051094890510949,
            0.9124087591240876,
            0.8175182481751825,
            0.8394160583941606
        ],
        "train_times": [
            82.57702440000003,
            77.17384109999989,
            69.70502720000013,
            74.05081809999979,
            73.25383370000009,
            81.79963350000003,
            66.7183887000001,
            82.49564779999992,
            67.80409970000005,
            62.21103529999982
        ],
        "predict_times": [
            0.009923899999876085,
            0.0309313000000202,
            0.005617199999960576,
            0.004809699999896111,
            0.00955870000007053,
            0.06989150000003974,
            0.004618000000164102,
            0.003949099999999817,
            0.0043593000000328175,
            0.005135500000051252
        ]
    }
}