{
    "model_name": "parameterless_knn_accuracy",
    "dataset": "banknote_authentication",
    "hyperparameters": {
        "metric": "accuracy"
    },
    "metrics": {
        "accuracy_mean": 0.9423992383370358,
        "accuracy_std": 0.021054893366106973,
        "train_time_mean": 4.599853179999627,
        "train_time_std": 2.5600400923629616,
        "predict_time_mean": 0.0034755500011669936,
        "predict_time_std": 0.00026686105517411015
    }
}