{
    "model_name": "parameterless_knn_dissimilarity",
    "dataset": "banknote_authentication",
    "hyperparameters": {
        "metric": "dissimilarity"
    },
    "metrics": {
        "accuracy_mean": 0.8877446313339681,
        "accuracy_std": 0.028499152823080975,
        "train_time_mean": 1.6590459299986833,
        "train_time_std": 0.39279570502888145,
        "predict_time_mean": 0.01637163999985205,
        "predict_time_std": 0.009548364266287124
    }
}