{
    "model_name": "parameterless_knn_silhouette_gabriel_graph",
    "dataset": "banknote_authentication",
    "hyperparameters": {
        "metric": "silhouette",
        "n_optimizer_calls": 25,
        "support_samples_method": "gabriel_graph"
    },
    "metrics": {
        "accuracy_mean": 0.9147096159949223,
        "accuracy_std": 0.07036338398002734,
        "train_time_mean": 73.64826442,
        "train_time_std": 13.311006758863373,
        "predict_time_mean": 0.012102680000020882,
        "predict_time_std": 0.01638421278357243
    },
    "fold_metrics": {
        "accuracies": [
            0.8768115942028986,
            0.9710144927536232,
            0.8394160583941606,
            0.9781021897810219,
            0.9781021897810219,
            0.8467153284671532,
            0.7737226277372263,
            0.948905109489051,
            0.9635036496350365,
            0.9708029197080292
        ],
        "train_times": [
            72.89899049999985,
            66.05873990000009,
            57.92682429999991,
            75.44165610000005,
            70.66013659999999,
            78.58144920000018,
            57.855293500000016,
            107.93578260000004,
            75.8464715,
            73.27729999999997
        ],
        "predict_times": [
            0.0034440000001723092,
            0.0038192000001799897,
            0.007422399999995832,
            0.00497229999996307,
            0.004096600000139006,
            0.005169199999954799,
            0.016982499999812717,
            0.010133499999938067,
            0.059849100000064936,
            0.0051379999999880965
        ]
    }
}