{
    "model_name": "sklearn_knn_wrapper",
    "dataset": "banknote_authentication",
    "hyperparameters": {
        "n_optimizer_calls": 10
    },
    "metrics": {
        "accuracy_mean": 0.9533269861419656,
        "accuracy_std": 0.023586886289961265,
        "train_time_mean": 1.2121109899995646,
        "train_time_std": 0.05867003818389968,
        "predict_time_mean": 0.00324021999949764,
        "predict_time_std": 0.00035017152403096313
    }
}