{
    "model_name": "sklearn_knn_wrapper",
    "dataset": "banknote_authentication",
    "hyperparameters": {
        "n_optimizer_calls": 25
    },
    "metrics": {
        "accuracy_mean": 0.9781445043901409,
        "accuracy_std": 0.008592242913343607,
        "train_time_mean": 35.11438169,
        "train_time_std": 6.385885658762139,
        "predict_time_mean": 0.0016869600000518404,
        "predict_time_std": 0.0006176916532056464
    },
    "fold_metrics": {
        "accuracies": [
            0.9637681159420289,
            0.9782608695652174,
            0.9854014598540146,
            0.9854014598540146,
            0.9708029197080292,
            0.9927007299270073,
            0.9854014598540146,
            0.9781021897810219,
            0.9708029197080292,
            0.9708029197080292
        ],
        "train_times": [
            48.899968400000034,
            42.378818999999794,
            37.71327730000007,
            35.557980900000075,
            34.022127800000135,
            26.429091700000072,
            31.231495499999937,
            31.653478799999903,
            27.752629800000022,
            35.5049477
        ],
        "predict_times": [
            0.001803200000040306,
            0.0024434000001747336,
            0.0009867999999642052,
            0.0009681000001364737,
            0.002491100000042934,
            0.0009575999999924534,
            0.001255500000070242,
            0.0025597000001198467,
            0.0019210000000384753,
            0.0014831999999387335
        ]
    }
}