{
    "model_name": "parameterless_knn_opposite_hyperplane_margin_clustering",
    "dataset": "seeds",
    "hyperparameters": {
        "metric": "opposite_hyperplane",
        "n_optimizer_calls": 25,
        "support_samples_method": "margin_clustering"
    },
    "metrics": {
        "accuracy_mean": 0.7316067653276954,
        "accuracy_std": 0.07518702832594362,
        "train_time_mean": 7.239896980003687,
        "train_time_std": 1.24342143142377,
        "predict_time_mean": 0.004832640010863543,
        "predict_time_std": 0.006786789749219223
    },
    "fold_metrics": {
        "accuracies": [
            0.75,
            0.6590909090909091,
            0.627906976744186,
            0.7209302325581395,
            0.7209302325581395,
            0.6511627906976745,
            0.7441860465116279,
            0.8604651162790697,
            0.8604651162790697,
            0.7209302325581395
        ],
        "train_times": [
            4.2076722999918275,
            6.609828700020444,
            8.147536600008607,
            8.135966799978632,
            7.193343000020832,
            7.719343600037973,
            6.776338499970734,
            8.014121699961834,
            6.662759900034871,
            8.932058700011112
        ],
        "predict_times": [
            0.0024485000176355243,
            0.002424100006464869,
            0.002550400036852807,
            0.003050300001632422,
            0.0025794999673962593,
            0.025184699974488467,
            0.0025032000266946852,
            0.0024924000026658177,
            0.002767000056337565,
            0.002326300018467009
        ]
    }
}