{
    "model_name": "parameterless_knn_convex_hull_intra_gabriel_graph",
    "dataset": "seeds",
    "hyperparameters": {
        "metric": "convex_hull_intra",
        "n_optimizer_calls": 25,
        "support_samples_method": "gabriel_graph"
    },
    "metrics": {
        "accuracy_mean": 0.738583509513742,
        "accuracy_std": 0.058014087224715155,
        "train_time_mean": 11.745698369998717,
        "train_time_std": 1.9337295711469087,
        "predict_time_mean": 0.003737649996764958,
        "predict_time_std": 0.0025605952140177095
    },
    "fold_metrics": {
        "accuracies": [
            0.7045454545454546,
            0.7045454545454546,
            0.7209302325581395,
            0.7209302325581395,
            0.6976744186046512,
            0.7209302325581395,
            0.6976744186046512,
            0.8837209302325582,
            0.813953488372093,
            0.7209302325581395
        ],
        "train_times": [
            9.584104000008665,
            11.1165191999753,
            12.716550500015728,
            12.089133500005119,
            11.489433700044174,
            16.55519689997891,
            10.232873999979347,
            11.125568599964026,
            9.700791300041601,
            12.846811999974307
        ],
        "predict_times": [
            0.0030494999955408275,
            0.003035500005353242,
            0.0026788999675773084,
            0.0029078999650664628,
            0.011401699972338974,
            0.002834100043401122,
            0.003226500004529953,
            0.0027482000296004117,
            0.0028769999626092613,
            0.0026172000216320157
        ]
    }
}