{
    "model_name": "parameterless_knn_silhouette_gabriel_graph",
    "dataset": "seeds",
    "hyperparameters": {
        "metric": "silhouette",
        "n_optimizer_calls": 25,
        "support_samples_method": "gabriel_graph"
    },
    "metrics": {
        "accuracy_mean": 0.8171775898520085,
        "accuracy_std": 0.07761838006918843,
        "train_time_mean": 11.538745489990106,
        "train_time_std": 1.6091608947465463,
        "predict_time_mean": 0.006000110000604764,
        "predict_time_std": 0.006537383234517965
    },
    "fold_metrics": {
        "accuracies": [
            0.7272727272727273,
            0.8863636363636364,
            0.7441860465116279,
            0.8372093023255814,
            0.7209302325581395,
            0.7209302325581395,
            0.9069767441860465,
            0.8372093023255814,
            0.9302325581395349,
            0.8604651162790697
        ],
        "train_times": [
            11.141879700007848,
            10.971826999972109,
            13.250168800004758,
            12.229075899987947,
            9.164624799974263,
            13.71505790000083,
            8.791007299965713,
            10.73614459997043,
            12.071707500028424,
            13.315961399988737
        ],
        "predict_times": [
            0.0029000999638810754,
            0.0033461000421084464,
            0.002466399979311973,
            0.0027546999626792967,
            0.0029836000176146626,
            0.015161599963903427,
            0.0030096000409685075,
            0.02220050001051277,
            0.0026351999840699136,
            0.002543300040997565
        ]
    }
}