{
    "model_name": "parameterless_knn_silhouette_hnbf",
    "dataset": "seeds",
    "hyperparameters": {
        "metric": "silhouette",
        "n_optimizer_calls": 25,
        "support_samples_method": "hnbf"
    },
    "metrics": {
        "accuracy_mean": 0.7291754756871036,
        "accuracy_std": 0.08248501822573574,
        "train_time_mean": 7.634971540013794,
        "train_time_std": 1.4698081248802497,
        "predict_time_mean": 0.00653611000161618,
        "predict_time_std": 0.012126645853327879
    },
    "fold_metrics": {
        "accuracies": [
            0.7045454545454546,
            0.75,
            0.6046511627906976,
            0.8372093023255814,
            0.6511627906976745,
            0.6511627906976745,
            0.7441860465116279,
            0.813953488372093,
            0.8604651162790697,
            0.6744186046511628
        ],
        "train_times": [
            5.240395100030582,
            8.463997000013478,
            8.137015300046187,
            9.859708000032697,
            7.660560400050599,
            8.00407239998458,
            6.072316399950068,
            7.828702700033318,
            9.458083399978932,
            5.624864700017497
        ],
        "predict_times": [
            0.0026938000228255987,
            0.0023378999903798103,
            0.002572299970779568,
            0.04291349998675287,
            0.002571200020611286,
            0.0024018000112846494,
            0.0024173000128939748,
            0.0025031999684870243,
            0.0022359000286087394,
            0.0027142000035382807
        ]
    }
}