{
    "model_name": "parameterless_knn_convex_hull_intra",
    "dataset": "seeds",
    "hyperparameters": {
        "metric": "convex_hull_intra",
        "n_optimizer_calls": 25
    },
    "metrics": {
        "accuracy_mean": 0.7475687103594081,
        "accuracy_std": 0.08310853232766395,
        "train_time_mean": 7.222699368801841,
        "train_time_std": 1.141884816041961,
        "predict_time_mean": 0.0026698336005210876,
        "predict_time_std": 0.0003349321833049409
    },
    "fold_metrics": {
        "accuracies": [
            0.7954545454545454,
            0.75,
            0.627906976744186,
            0.8372093023255814,
            0.7441860465116279,
            0.6511627906976745,
            0.7674418604651163,
            0.7906976744186046,
            0.8837209302325582,
            0.627906976744186
        ],
        "train_times": [
            5.642735007990268,
            6.914236890996108,
            7.018721455009654,
            7.523901296997792,
            7.853441860002931,
            9.220669868009281,
            6.018744547007373,
            5.746679057003348,
            7.596191356991767,
            8.691672348009888
        ],
        "predict_times": [
            0.0019778949936153367,
            0.0028257450030650944,
            0.0028668400045717135,
            0.002945528001873754,
            0.0027347870054654777,
            0.0028340249991742894,
            0.002042943990090862,
            0.002757349007879384,
            0.002890450006816536,
            0.002822772992658429
        ]
    }
}