{
    "model_name": "parameterless_knn_convex_hull_inter_hnbf",
    "dataset": "seeds",
    "hyperparameters": {
        "metric": "convex_hull_inter",
        "n_optimizer_calls": 25,
        "support_samples_method": "hnbf"
    },
    "metrics": {
        "accuracy_mean": 0.717600422832981,
        "accuracy_std": 0.060360264246027515,
        "train_time_mean": 8.075220520014408,
        "train_time_std": 2.1920941094612827,
        "predict_time_mean": 0.0027999499870929867,
        "predict_time_std": 0.00029452646776185966
    },
    "fold_metrics": {
        "accuracies": [
            0.7045454545454546,
            0.7272727272727273,
            0.7674418604651163,
            0.6744186046511628,
            0.7441860465116279,
            0.627906976744186,
            0.6511627906976745,
            0.8372093023255814,
            0.7674418604651163,
            0.6744186046511628
        ],
        "train_times": [
            4.849287300021388,
            8.02465050003957,
            8.838101300003473,
            10.910198100027628,
            9.544869299978018,
            9.541927899990696,
            5.302280400006566,
            10.994879600009881,
            7.535911600047257,
            5.210099200019613
        ],
        "predict_times": [
            0.002820800000336021,
            0.0027294999454170465,
            0.0036236000014469028,
            0.0025863999617286026,
            0.0027108999784104526,
            0.0028032000409439206,
            0.0026747999945655465,
            0.0025286999880336225,
            0.0026232999516651034,
            0.0028983000083826482
        ]
    }
}