{
    "model_name": "parameterless_knn_spread_margin_clustering",
    "dataset": "seeds",
    "hyperparameters": {
        "metric": "spread",
        "n_optimizer_calls": 25,
        "support_samples_method": "margin_clustering"
    },
    "metrics": {
        "accuracy_mean": 0.7685517970401691,
        "accuracy_std": 0.05063769756142834,
        "train_time_mean": 7.842356969986577,
        "train_time_std": 1.2783907112127046,
        "predict_time_mean": 0.0029458200035151092,
        "predict_time_std": 0.001082036518173649
    },
    "fold_metrics": {
        "accuracies": [
            0.7272727272727273,
            0.7954545454545454,
            0.6976744186046512,
            0.7906976744186046,
            0.7441860465116279,
            0.7209302325581395,
            0.813953488372093,
            0.8604651162790697,
            0.813953488372093,
            0.7209302325581395
        ],
        "train_times": [
            8.929313100001309,
            7.715688899974339,
            8.642839099979028,
            8.577601099968888,
            6.818327600019984,
            8.564604999963194,
            6.4421371999778785,
            9.995627399999648,
            7.221137100015767,
            5.51629319996573
        ],
        "predict_times": [
            0.0027676000026986003,
            0.003069399972446263,
            0.0025790000217966735,
            0.0023719000164419413,
            0.00242239999352023,
            0.0025249000173062086,
            0.002333400014322251,
            0.0025538000045344234,
            0.006132999958936125,
            0.002702800033148378
        ]
    }
}