{
    "model_name": "parameterless_knn_convex_hull_inter_gabriel_graph",
    "dataset": "seeds",
    "hyperparameters": {
        "metric": "convex_hull_inter",
        "n_optimizer_calls": 25,
        "support_samples_method": "gabriel_graph"
    },
    "metrics": {
        "accuracy_mean": 0.7106765327695559,
        "accuracy_std": 0.056030954287092545,
        "train_time_mean": 11.97115891999565,
        "train_time_std": 1.8058349443591775,
        "predict_time_mean": 0.0048858299967832865,
        "predict_time_std": 0.003786279926190589
    },
    "fold_metrics": {
        "accuracies": [
            0.7045454545454546,
            0.7045454545454546,
            0.6744186046511628,
            0.6976744186046512,
            0.6744186046511628,
            0.6511627906976745,
            0.6511627906976745,
            0.813953488372093,
            0.813953488372093,
            0.7209302325581395
        ],
        "train_times": [
            9.424096900038421,
            11.882525200024247,
            13.160918599984143,
            13.853437699959613,
            8.993570999999065,
            13.691304700041655,
            10.809871000004932,
            10.763762499962468,
            14.413938999990933,
            12.718162599951029
        ],
        "predict_times": [
            0.0030178999877534807,
            0.0030612999689765275,
            0.0030527000199072063,
            0.0024919999996200204,
            0.005895000009331852,
            0.0031005999771878123,
            0.0027563999756239355,
            0.015280099993105978,
            0.007400800008326769,
            0.002801500027999282
        ]
    }
}