{
    "model_name": "parameterless_knn_convex_hull_intra_hnbf",
    "dataset": "seeds",
    "hyperparameters": {
        "metric": "convex_hull_intra",
        "n_optimizer_calls": 25,
        "support_samples_method": "hnbf"
    },
    "metrics": {
        "accuracy_mean": 0.7059725158562368,
        "accuracy_std": 0.0667704898943856,
        "train_time_mean": 8.487865140003851,
        "train_time_std": 1.7366527105924117,
        "predict_time_mean": 0.002685880003264174,
        "predict_time_std": 0.00031349161997614366
    },
    "fold_metrics": {
        "accuracies": [
            0.7045454545454546,
            0.7272727272727273,
            0.6744186046511628,
            0.6511627906976745,
            0.7441860465116279,
            0.6046511627906976,
            0.6744186046511628,
            0.8372093023255814,
            0.7906976744186046,
            0.6511627906976745
        ],
        "train_times": [
            5.375604700006079,
            10.286910699971486,
            7.338677899970207,
            9.353072200028691,
            9.959681399981491,
            7.806977700034622,
            5.720936500001699,
            9.905213600024581,
            10.089822400012054,
            9.041754300007597
        ],
        "predict_times": [
            0.0025483000208623707,
            0.0023458999930880964,
            0.0026053000474348664,
            0.0026554999640211463,
            0.0024843999999575317,
            0.0026231000083498657,
            0.0034327000030316412,
            0.0025689000030979514,
            0.0024810999748297036,
            0.0031136000179685652
        ]
    }
}