{
    "model_name": "parameterless_knn_opposite_hyperplane",
    "dataset": "seeds",
    "hyperparameters": {
        "metric": "opposite_hyperplane",
        "n_optimizer_calls": 25
    },
    "metrics": {
        "accuracy_mean": 0.7108879492600423,
        "accuracy_std": 0.09901539601567666,
        "train_time_mean": 4.702266127499752,
        "train_time_std": 0.17898557450004546,
        "predict_time_mean": 0.0019490951977786607,
        "predict_time_std": 2.8078803761981296e-05
    },
    "fold_metrics": {
        "accuracies": [
            0.6590909090909091,
            0.6590909090909091,
            0.5813953488372093,
            0.7209302325581395,
            0.5813953488372093,
            0.7209302325581395,
            0.9302325581395349,
            0.7209302325581395,
            0.813953488372093,
            0.7209302325581395
        ],
        "train_times": [
            4.702405351999914,
            4.431350115002715,
            4.794645853005932,
            4.727437915993505,
            5.128038844995899,
            4.72495856200112,
            4.717867154002306,
            4.563138117999188,
            4.7204654660017695,
            4.512353893995169
        ],
        "predict_times": [
            0.0019398279982851818,
            0.001953696002601646,
            0.001934676998644136,
            0.0019956629985244945,
            0.0019520569912856445,
            0.0019312449876451865,
            0.001984207992791198,
            0.0019031770061701536,
            0.001977613996132277,
            0.0019187870057066903
        ]
    }
}