{
    "model_name": "parameterless_knn_spread_gabriel_graph",
    "dataset": "seeds",
    "hyperparameters": {
        "metric": "spread",
        "n_optimizer_calls": 25,
        "support_samples_method": "gabriel_graph"
    },
    "metrics": {
        "accuracy_mean": 0.752431289640592,
        "accuracy_std": 0.055381537347021934,
        "train_time_mean": 12.075222450000002,
        "train_time_std": 2.0724054322904966,
        "predict_time_mean": 0.005857479997212067,
        "predict_time_std": 0.009441691994529629
    },
    "fold_metrics": {
        "accuracies": [
            0.7045454545454546,
            0.75,
            0.6976744186046512,
            0.6976744186046512,
            0.7674418604651163,
            0.7674418604651163,
            0.6976744186046512,
            0.8837209302325582,
            0.7906976744186046,
            0.7674418604651163
        ],
        "train_times": [
            10.525139799981844,
            12.447321200044826,
            13.300079600012396,
            12.759523799992166,
            9.245154499949422,
            14.1247581000207,
            9.531794500013348,
            10.504925500019453,
            16.23384319996694,
            12.079684299998917
        ],
        "predict_times": [
            0.002324500004760921,
            0.03417609998723492,
            0.002946399967186153,
            0.0028720000409521163,
            0.002748900034930557,
            0.002918299986049533,
            0.0026335999718867242,
            0.0027098999707959592,
            0.00285660004010424,
            0.0023884999682195485
        ]
    }
}