{
    "model_name": "parameterless_knn_opposite_hyperplane",
    "dataset": "seeds",
    "hyperparameters": {
        "metric": "opposite_hyperplane",
        "n_optimizer_calls": 25
    },
    "metrics": {
        "accuracy_mean": 0.7108879492600423,
        "accuracy_std": 0.09901539601567666,
        "train_time_mean": 4.669861442397814,
        "train_time_std": 0.1610882927222294,
        "predict_time_mean": 0.001938787401013542,
        "predict_time_std": 3.171238156980466e-05
    },
    "fold_metrics": {
        "accuracies": [
            0.6590909090909091,
            0.6590909090909091,
            0.5813953488372093,
            0.7209302325581395,
            0.5813953488372093,
            0.7209302325581395,
            0.9302325581395349,
            0.7209302325581395,
            0.813953488372093,
            0.7209302325581395
        ],
        "train_times": [
            4.596330790998763,
            4.418470502991113,
            4.714579796986072,
            4.607321376010077,
            5.028556994002429,
            4.730867552993004,
            4.779964767993079,
            4.5897529849899,
            4.735412935013301,
            4.497356722000404
        ],
        "predict_times": [
            0.0019526289979694411,
            0.00193475499690976,
            0.0019101840007351711,
            0.0019897470046998933,
            0.0019647479930426925,
            0.001900640010717325,
            0.0019317109981784597,
            0.0018829100008588284,
            0.0019704949954757467,
            0.001950055011548102
        ]
    }
}