{
    "model_name": "parameterless_knn_dissimilarity_margin_clustering",
    "dataset": "seeds",
    "hyperparameters": {
        "metric": "dissimilarity",
        "n_optimizer_calls": 25,
        "support_samples_method": "margin_clustering"
    },
    "metrics": {
        "accuracy_mean": 0.807875264270613,
        "accuracy_std": 0.07053174234525951,
        "train_time_mean": 7.829385319992435,
        "train_time_std": 1.365395544384302,
        "predict_time_mean": 0.002903909998713061,
        "predict_time_std": 0.0009528873204396547
    },
    "fold_metrics": {
        "accuracies": [
            0.8181818181818182,
            0.7954545454545454,
            0.7209302325581395,
            0.8837209302325582,
            0.7441860465116279,
            0.6744186046511628,
            0.8837209302325582,
            0.8604651162790697,
            0.8837209302325582,
            0.813953488372093
        ],
        "train_times": [
            8.557261799986009,
            6.542089599999599,
            9.496702899981756,
            9.018052700033877,
            7.15554260002682,
            8.325846099993214,
            6.0167022999958135,
            8.463133799959905,
            9.287110399978701,
            5.431410999968648
        ],
        "predict_times": [
            0.0033076999825425446,
            0.005243899999186397,
            0.002273300022352487,
            0.0023304999922402203,
            0.00400479999370873,
            0.0024423000286333263,
            0.0024397000088356435,
            0.00210390001302585,
            0.0023573999642394483,
            0.002535599982365966
        ]
    }
}