{
    "model_name": "parameterless_knn_convex_hull_inter",
    "dataset": "seeds",
    "hyperparameters": {
        "metric": "convex_hull_inter",
        "n_optimizer_calls": 25
    },
    "metrics": {
        "accuracy_mean": 0.724630021141649,
        "accuracy_std": 0.06299714780998751,
        "train_time_mean": 5.7679620710012385,
        "train_time_std": 0.416560408403436,
        "predict_time_mean": 0.0031033846986247226,
        "predict_time_std": 0.0004462612944176003
    },
    "fold_metrics": {
        "accuracies": [
            0.6590909090909091,
            0.75,
            0.6976744186046512,
            0.7441860465116279,
            0.6976744186046512,
            0.627906976744186,
            0.7441860465116279,
            0.8372093023255814,
            0.813953488372093,
            0.6744186046511628
        ],
        "train_times": [
            5.544130659007351,
            5.101569688995369,
            5.622415677993558,
            5.187414854008239,
            5.834216552000726,
            6.041025926999282,
            6.305064903004677,
            5.796086637012195,
            6.485299273990677,
            5.762396537000313
        ],
        "predict_times": [
            0.0026941230025840923,
            0.0027942930028075352,
            0.0027779100055340677,
            0.0030131740059005097,
            0.0027210489934077486,
            0.0038258729910012335,
            0.002796788001433015,
            0.0037227669963613153,
            0.002923903986811638,
            0.0037639660004060715
        ]
    }
}