{
    "model_name": "parameterless_knn_convex_hull_intra_margin_clustering",
    "dataset": "seeds",
    "hyperparameters": {
        "metric": "convex_hull_intra",
        "n_optimizer_calls": 25,
        "support_samples_method": "margin_clustering"
    },
    "metrics": {
        "accuracy_mean": 0.7385835095137421,
        "accuracy_std": 0.046593359862823695,
        "train_time_mean": 8.38362216000678,
        "train_time_std": 2.6172772737964904,
        "predict_time_mean": 0.0025211599888280032,
        "predict_time_std": 0.00024520489667025146
    },
    "fold_metrics": {
        "accuracies": [
            0.7272727272727273,
            0.6818181818181818,
            0.7209302325581395,
            0.7674418604651163,
            0.7441860465116279,
            0.6744186046511628,
            0.7441860465116279,
            0.813953488372093,
            0.813953488372093,
            0.6976744186046512
        ],
        "train_times": [
            4.848205099988263,
            5.493697900034022,
            7.834901799971703,
            8.940242199983913,
            8.006921000021975,
            11.125928600027692,
            12.15347279998241,
            5.923005799995735,
            12.525316600047518,
            6.98452980001457
        ],
        "predict_times": [
            0.002619299979414791,
            0.0023863999522291124,
            0.002205600030720234,
            0.0030940999859012663,
            0.0027670999988913536,
            0.0023426999687217176,
            0.002389899978879839,
            0.0025320000131614506,
            0.002332699950784445,
            0.0025418000295758247
        ]
    }
}