{
    "model_name": "parameterless_knn_opposite_hyperplane_gabriel_graph",
    "dataset": "seeds",
    "hyperparameters": {
        "metric": "opposite_hyperplane",
        "n_optimizer_calls": 25,
        "support_samples_method": "gabriel_graph"
    },
    "metrics": {
        "accuracy_mean": 0.7616807610993657,
        "accuracy_std": 0.060978381025577996,
        "train_time_mean": 10.981619340000908,
        "train_time_std": 0.9205848783039654,
        "predict_time_mean": 0.00775034999824129,
        "predict_time_std": 0.0073038362101809015
    },
    "fold_metrics": {
        "accuracies": [
            0.7045454545454546,
            0.7727272727272727,
            0.6976744186046512,
            0.7674418604651163,
            0.7209302325581395,
            0.7209302325581395,
            0.7674418604651163,
            0.8837209302325582,
            0.8604651162790697,
            0.7209302325581395
        ],
        "train_times": [
            10.037723599991295,
            11.402086999965832,
            10.862305200018454,
            10.998687400016934,
            11.239390500006266,
            12.149425600015093,
            12.817496999981813,
            10.207131399947684,
            9.690553500025999,
            10.4113922000397
        ],
        "predict_times": [
            0.006598200008738786,
            0.00297510001109913,
            0.006758800009265542,
            0.02188159996876493,
            0.0027489999774843454,
            0.02214090002235025,
            0.0025459000025875866,
            0.0028289000038057566,
            0.0030497999978251755,
            0.0059752999804914
        ]
    }
}