{
    "model_name": "parameterless_knn_convex_hull_intra",
    "dataset": "seeds",
    "hyperparameters": {
        "metric": "convex_hull_intra",
        "n_optimizer_calls": 25
    },
    "metrics": {
        "accuracy_mean": 0.7475687103594081,
        "accuracy_std": 0.08310853232766395,
        "train_time_mean": 7.225319704298454,
        "train_time_std": 1.1444333563576126,
        "predict_time_mean": 0.0026536878998740577,
        "predict_time_std": 0.00032909584710406057
    },
    "fold_metrics": {
        "accuracies": [
            0.7954545454545454,
            0.75,
            0.627906976744186,
            0.8372093023255814,
            0.7441860465116279,
            0.6511627906976745,
            0.7674418604651163,
            0.7906976744186046,
            0.8837209302325582,
            0.627906976744186
        ],
        "train_times": [
            5.649652154999785,
            6.939894288996584,
            7.074771186002181,
            7.504932525000186,
            7.814371960994322,
            9.286168171995087,
            6.018481487000827,
            5.758299866996822,
            7.5168807199952425,
            8.689744681003504
        ],
        "predict_times": [
            0.0019859809981426224,
            0.0028333779919194058,
            0.0027824419958051294,
            0.0029102789994794875,
            0.00275337700441014,
            0.0027599019958870485,
            0.0020237580029061064,
            0.002739885007031262,
            0.0028772170044248924,
            0.0028706599987344816
        ]
    }
}