{
    "model_name": "parameterless_knn_convex_hull_inter",
    "dataset": "seeds",
    "hyperparameters": {
        "metric": "convex_hull_inter",
        "n_optimizer_calls": 25
    },
    "metrics": {
        "accuracy_mean": 0.724630021141649,
        "accuracy_std": 0.06299714780998751,
        "train_time_mean": 5.729949344502529,
        "train_time_std": 0.3788332361325701,
        "predict_time_mean": 0.002977653202833608,
        "predict_time_std": 0.00037726754850622165
    },
    "fold_metrics": {
        "accuracies": [
            0.6590909090909091,
            0.75,
            0.6976744186046512,
            0.7441860465116279,
            0.6976744186046512,
            0.627906976744186,
            0.7441860465116279,
            0.8372093023255814,
            0.813953488372093,
            0.6744186046511628
        ],
        "train_times": [
            5.409962410005392,
            5.071513626011438,
            5.606704813995748,
            5.31549973100482,
            5.751711137010716,
            6.04641566000646,
            6.008152455004165,
            5.684257186992909,
            6.409133366993046,
            5.996143058000598
        ],
        "predict_times": [
            0.002701481993426569,
            0.0027753000031225383,
            0.0027627840026980266,
            0.002964957006042823,
            0.002683588012587279,
            0.0027469990018289536,
            0.0027796799986390397,
            0.003627954996773042,
            0.002945596002973616,
            0.0037881910102441907
        ]
    }
}