{
    "model_name": "parameterless_knn_convex_hull_inter_margin_clustering",
    "dataset": "seeds",
    "hyperparameters": {
        "metric": "convex_hull_inter",
        "n_optimizer_calls": 25,
        "support_samples_method": "margin_clustering"
    },
    "metrics": {
        "accuracy_mean": 0.7247357293868921,
        "accuracy_std": 0.06339049451858218,
        "train_time_mean": 8.039050080004381,
        "train_time_std": 1.2280143495185718,
        "predict_time_mean": 0.003525630000513047,
        "predict_time_std": 0.0021706581441591167
    },
    "fold_metrics": {
        "accuracies": [
            0.7045454545454546,
            0.6590909090909091,
            0.7441860465116279,
            0.7209302325581395,
            0.7674418604651163,
            0.5813953488372093,
            0.7441860465116279,
            0.813953488372093,
            0.7906976744186046,
            0.7209302325581395
        ],
        "train_times": [
            8.619590500020422,
            7.588341400027275,
            6.888738000008743,
            10.144195100001525,
            6.109133599966299,
            8.404035299958196,
            9.142059200035874,
            9.375705400016159,
            7.011995500011835,
            7.1067067999974824
        ],
        "predict_times": [
            0.002801499969791621,
            0.0027963000466115773,
            0.00990890001412481,
            0.004070599970873445,
            0.002594500023405999,
            0.002641000028233975,
            0.0025375999975949526,
            0.002555099956225604,
            0.002723700017668307,
            0.0026270999806001782
        ]
    }
}