{
    "model_name": "parameterless_knn_dissimilarity",
    "dataset": "seeds",
    "hyperparameters": {
        "metric": "dissimilarity",
        "n_optimizer_calls": 25
    },
    "metrics": {
        "accuracy_mean": 0.724630021141649,
        "accuracy_std": 0.06634234649381061,
        "train_time_mean": 2.3939881087993853,
        "train_time_std": 0.017245229839315743,
        "predict_time_mean": 0.002852405802696012,
        "predict_time_std": 5.502872410642002e-05
    },
    "fold_metrics": {
        "accuracies": [
            0.6590909090909091,
            0.75,
            0.813953488372093,
            0.7441860465116279,
            0.6976744186046512,
            0.6511627906976745,
            0.6976744186046512,
            0.8372093023255814,
            0.7674418604651163,
            0.627906976744186
        ],
        "train_times": [
            2.3961322660034057,
            2.3856816430052277,
            2.3996004429936875,
            2.4050319499947364,
            2.3983358630066505,
            2.3477724839904113,
            2.394601491992944,
            2.397375884000212,
            2.3975344260106795,
            2.4178146369958995
        ],
        "predict_times": [
            0.0029019049979979172,
            0.0028851050010416657,
            0.0027857770037371665,
            0.0028963549993932247,
            0.0028330570057732984,
            0.002753877008217387,
            0.0029031919984845445,
            0.0027840980037581176,
            0.002899960003560409,
            0.002880732004996389
        ]
    }
}