{
    "model_name": "parameterless_knn_silhouette_margin_clustering",
    "dataset": "seeds",
    "hyperparameters": {
        "metric": "silhouette",
        "n_optimizer_calls": 25,
        "support_samples_method": "margin_clustering"
    },
    "metrics": {
        "accuracy_mean": 0.655232558139535,
        "accuracy_std": 0.11581447884442345,
        "train_time_mean": 7.766114179999567,
        "train_time_std": 1.2238988690334238,
        "predict_time_mean": 0.005909439997049048,
        "predict_time_std": 0.009860831126684367
    },
    "fold_metrics": {
        "accuracies": [
            0.5,
            0.75,
            0.627906976744186,
            0.813953488372093,
            0.5813953488372093,
            0.7441860465116279,
            0.5116279069767442,
            0.7674418604651163,
            0.5116279069767442,
            0.7441860465116279
        ],
        "train_times": [
            8.58925249997992,
            7.20500479999464,
            8.443536000035238,
            9.883755400020164,
            6.424731599981897,
            8.12188629998127,
            6.126118800020777,
            8.34226479998324,
            8.60179159999825,
            5.922800000000279
        ],
        "predict_times": [
            0.035465800028759986,
            0.002455800015013665,
            0.002344299980904907,
            0.0026513999910093844,
            0.002458999981172383,
            0.0037979999906383455,
            0.002381799975410104,
            0.002427999977953732,
            0.0023339000181294978,
            0.002776400011498481
        ]
    }
}