{
    "model_name": "parameterless_knn_spread",
    "dataset": "seeds",
    "hyperparameters": {
        "metric": "spread",
        "n_optimizer_calls": 25
    },
    "metrics": {
        "accuracy_mean": 0.7776955602536998,
        "accuracy_std": 0.056424938392636716,
        "train_time_mean": 6.485814509104239,
        "train_time_std": 0.6440542253796415,
        "predict_time_mean": 0.002692401500826236,
        "predict_time_std": 0.00028536208554386946
    },
    "fold_metrics": {
        "accuracies": [
            0.8181818181818182,
            0.7727272727272727,
            0.6976744186046512,
            0.8837209302325582,
            0.7674418604651163,
            0.7674418604651163,
            0.7906976744186046,
            0.7906976744186046,
            0.813953488372093,
            0.6744186046511628
        ],
        "train_times": [
            6.336458633013535,
            6.306041864008876,
            6.209753937000642,
            5.844537816999946,
            6.061028880008962,
            5.408885544995428,
            7.114996317002806,
            7.617450692006969,
            7.2051686640043044,
            6.753822742000921
        ],
        "predict_times": [
            0.0028633259935304523,
            0.002666404005140066,
            0.003250905007007532,
            0.0021301420056261122,
            0.002702375000808388,
            0.0023480509989894927,
            0.0027146369975525886,
            0.0027723750099539757,
            0.0026224549947073683,
            0.002853344994946383
        ]
    }
}