{
    "model_name": "parameterless_knn_dissimilarity_gabriel_graph",
    "dataset": "seeds",
    "hyperparameters": {
        "metric": "dissimilarity",
        "n_optimizer_calls": 25,
        "support_samples_method": "gabriel_graph"
    },
    "metrics": {
        "accuracy_mean": 0.7872093023255813,
        "accuracy_std": 0.06231956061119516,
        "train_time_mean": 11.106551370001398,
        "train_time_std": 1.7330947444521208,
        "predict_time_mean": 0.006175549997715279,
        "predict_time_std": 0.00891656171153986
    },
    "fold_metrics": {
        "accuracies": [
            0.7272727272727273,
            0.7727272727272727,
            0.6976744186046512,
            0.813953488372093,
            0.7209302325581395,
            0.7674418604651163,
            0.8372093023255814,
            0.8837209302325582,
            0.8837209302325582,
            0.7674418604651163
        ],
        "train_times": [
            8.746600499958731,
            10.295953500026371,
            13.34152949997224,
            12.127285800001118,
            8.93910750001669,
            12.16772900003707,
            10.153768599964678,
            9.584022200026084,
            11.712293400021736,
            13.997223699989263
        ],
        "predict_times": [
            0.0027658999897539616,
            0.0025154000031761825,
            0.0026375000015832484,
            0.0024628000101074576,
            0.0050944999675266445,
            0.00255869998363778,
            0.0025825000484474003,
            0.002838500018697232,
            0.03272859996650368,
            0.005571099987719208
        ]
    }
}