{
    "model_name": "parameterless_knn_spread_hnbf",
    "dataset": "seeds",
    "hyperparameters": {
        "metric": "spread",
        "n_optimizer_calls": 25,
        "support_samples_method": "hnbf"
    },
    "metrics": {
        "accuracy_mean": 0.7130549682875263,
        "accuracy_std": 0.0709885962042236,
        "train_time_mean": 9.079014860006282,
        "train_time_std": 1.5051395508845278,
        "predict_time_mean": 0.005337959999451414,
        "predict_time_std": 0.008587690806826776
    },
    "fold_metrics": {
        "accuracies": [
            0.6818181818181818,
            0.7045454545454546,
            0.7441860465116279,
            0.6976744186046512,
            0.7441860465116279,
            0.6046511627906976,
            0.6511627906976745,
            0.8604651162790697,
            0.7906976744186046,
            0.6511627906976745
        ],
        "train_times": [
            7.595026499999221,
            9.550772899994627,
            9.002556000021286,
            11.258965700049885,
            8.840011399996001,
            9.205302899994422,
            10.30137790000299,
            8.210113300010562,
            5.936896400002297,
            10.88912559999153
        ],
        "predict_times": [
            0.0026085000135935843,
            0.0026156000094488263,
            0.0025763000012375414,
            0.0024465000024065375,
            0.0023935000062920153,
            0.002381799975410104,
            0.0024477000115439296,
            0.0026412999723106623,
            0.0021705999970436096,
            0.031097800005227327
        ]
    }
}