{
    "model_name": "parameterless_knn_opposite_hyperplane_hnbf",
    "dataset": "seeds",
    "hyperparameters": {
        "metric": "opposite_hyperplane",
        "n_optimizer_calls": 25,
        "support_samples_method": "hnbf"
    },
    "metrics": {
        "accuracy_mean": 0.7384778012684989,
        "accuracy_std": 0.07029471139703973,
        "train_time_mean": 7.007136839994928,
        "train_time_std": 1.060061850603941,
        "predict_time_mean": 0.004862949997186661,
        "predict_time_std": 0.006155694270535411
    },
    "fold_metrics": {
        "accuracies": [
            0.7045454545454546,
            0.75,
            0.6976744186046512,
            0.7674418604651163,
            0.6976744186046512,
            0.627906976744186,
            0.7209302325581395,
            0.8604651162790697,
            0.8604651162790697,
            0.6976744186046512
        ],
        "train_times": [
            5.1156400999752805,
            5.1325028000283055,
            7.930302599968854,
            8.271286199975293,
            7.850639999960549,
            7.153446100011934,
            6.7116530000348575,
            7.450150799995754,
            6.688862899958622,
            7.766883900039829
        ],
        "predict_times": [
            0.02262400003382936,
            0.002478300011716783,
            0.0022726000170223415,
            0.0020249999943189323,
            0.002299699990544468,
            0.007886999985203147,
            0.0022290999768301845,
            0.0018905999604612589,
            0.0024732000310905278,
            0.0024499999708496034
        ]
    }
}