{
    "model_name": "parameterless_knn_spread",
    "dataset": "seeds",
    "hyperparameters": {
        "metric": "spread",
        "n_optimizer_calls": 25
    },
    "metrics": {
        "accuracy_mean": 0.7776955602536998,
        "accuracy_std": 0.056424938392636716,
        "train_time_mean": 6.495248420498683,
        "train_time_std": 0.6790217585971506,
        "predict_time_mean": 0.002704078301030677,
        "predict_time_std": 0.00048726028930636114
    },
    "fold_metrics": {
        "accuracies": [
            0.8181818181818182,
            0.7727272727272727,
            0.6976744186046512,
            0.8837209302325582,
            0.7674418604651163,
            0.7674418604651163,
            0.7906976744186046,
            0.7906976744186046,
            0.813953488372093,
            0.6744186046511628
        ],
        "train_times": [
            6.446847771003377,
            6.312458953994792,
            6.236920278999605,
            5.818429920997005,
            6.083692795000388,
            5.324595482001314,
            7.15275561499584,
            7.716743594995933,
            7.252439796997351,
            6.607599996001227
        ],
        "predict_times": [
            0.003882839999278076,
            0.0026394300075480714,
            0.0023473470064345747,
            0.0020976110099582,
            0.0026171539939241484,
            0.003128276002826169,
            0.0027529619983397424,
            0.0027889449993381277,
            0.002611067990073934,
            0.002175150002585724
        ]
    }
}