{
    "model_name": "parameterless_knn_silhouette",
    "dataset": "seeds",
    "hyperparameters": {
        "metric": "silhouette",
        "n_optimizer_calls": 25
    },
    "metrics": {
        "accuracy_mean": 0.805813953488372,
        "accuracy_std": 0.0770642108167055,
        "train_time_mean": 6.592175504899933,
        "train_time_std": 0.8100030284111788,
        "predict_time_mean": 0.007010542301577516,
        "predict_time_std": 0.01318108723343411
    },
    "fold_metrics": {
        "accuracies": [
            0.7727272727272727,
            0.7272727272727273,
            0.7209302325581395,
            0.9767441860465116,
            0.813953488372093,
            0.813953488372093,
            0.9069767441860465,
            0.7674418604651163,
            0.813953488372093,
            0.7441860465116279
        ],
        "train_times": [
            5.216696012998,
            7.540739139993093,
            5.84117788200092,
            7.705553934996715,
            7.091330374008976,
            5.777895562991034,
            6.640658321994124,
            6.3266941890033195,
            6.256989139001234,
            7.524020492011914
        ],
        "predict_times": [
            0.0019201199902454391,
            0.002718812000239268,
            0.0026509760064072907,
            0.0026590019988361746,
            0.002046005000011064,
            0.0019330610084580258,
            0.003672564009320922,
            0.003323801007354632,
            0.04652069399890024,
            0.0026603879960021004
        ]
    }
}