{
    "model_name": "parameterless_knn_dissimilarity",
    "dataset": "seeds",
    "hyperparameters": {
        "metric": "dissimilarity",
        "n_optimizer_calls": 25
    },
    "metrics": {
        "accuracy_mean": 0.724630021141649,
        "accuracy_std": 0.06634234649381061,
        "train_time_mean": 2.3969196204998298,
        "train_time_std": 0.020806229220648405,
        "predict_time_mean": 0.0028525778019684368,
        "predict_time_std": 6.856815934399366e-05
    },
    "fold_metrics": {
        "accuracies": [
            0.6590909090909091,
            0.75,
            0.813953488372093,
            0.7441860465116279,
            0.6976744186046512,
            0.6511627906976745,
            0.6976744186046512,
            0.8372093023255814,
            0.7674418604651163,
            0.627906976744186
        ],
        "train_times": [
            2.3869383379933424,
            2.3696340839960612,
            2.4007146950025344,
            2.412228146000416,
            2.4012184660095954,
            2.3566292600007728,
            2.4102005019958597,
            2.424562498999876,
            2.3867083639925113,
            2.4203618510073284
        ],
        "predict_times": [
            0.0027813300112029538,
            0.002824648006935604,
            0.0028178689972264692,
            0.00299743699724786,
            0.0028400860028341413,
            0.0027701090002665296,
            0.0028790679934900254,
            0.002790149999782443,
            0.0029231130029074848,
            0.002901968007790856
        ]
    }
}