{
    "model_name": "parameterless_knn_silhouette",
    "dataset": "seeds",
    "hyperparameters": {
        "metric": "silhouette",
        "n_optimizer_calls": 25
    },
    "metrics": {
        "accuracy_mean": 0.805813953488372,
        "accuracy_std": 0.0770642108167055,
        "train_time_mean": 6.6150665138018665,
        "train_time_std": 0.8284527525766695,
        "predict_time_mean": 0.005503198498627171,
        "predict_time_std": 0.008597774834395618
    },
    "fold_metrics": {
        "accuracies": [
            0.7727272727272727,
            0.7272727272727273,
            0.7209302325581395,
            0.9767441860465116,
            0.813953488372093,
            0.813953488372093,
            0.9069767441860465,
            0.7674418604651163,
            0.813953488372093,
            0.7441860465116279
        ],
        "train_times": [
            5.182190659994376,
            7.573093430008157,
            5.856449333005003,
            7.84986633900553,
            7.114911616998143,
            5.789146761002485,
            6.558475455996813,
            6.430270919998293,
            6.32255691800674,
            7.473703704003128
        ],
        "predict_times": [
            0.0019216450018575415,
            0.0027491119981277734,
            0.0027512689994182438,
            0.0027109329967061058,
            0.0020626039913622662,
            0.002059612001175992,
            0.00355375099752564,
            0.0032465900003444403,
            0.031254176996299066,
            0.0027222920034546405
        ]
    }
}