{
    "model_name": "parameterless_knn_dissimilarity_hnbf",
    "dataset": "seeds",
    "hyperparameters": {
        "metric": "dissimilarity",
        "n_optimizer_calls": 25,
        "support_samples_method": "hnbf"
    },
    "metrics": {
        "accuracy_mean": 0.7175475687103593,
        "accuracy_std": 0.05880419612600046,
        "train_time_mean": 9.319936480006437,
        "train_time_std": 1.7537297504295004,
        "predict_time_mean": 0.002551169990329072,
        "predict_time_std": 0.00040717928583401485
    },
    "fold_metrics": {
        "accuracies": [
            0.7272727272727273,
            0.7272727272727273,
            0.7209302325581395,
            0.6976744186046512,
            0.7209302325581395,
            0.627906976744186,
            0.6511627906976745,
            0.8372093023255814,
            0.7906976744186046,
            0.6744186046511628
        ],
        "train_times": [
            6.926646400010213,
            9.404117900005076,
            9.497257500013802,
            11.631839200039394,
            9.071806300024036,
            8.328322499990463,
            13.00207839999348,
            7.892945600033272,
            7.652024999959394,
            9.792325999995228
        ],
        "predict_times": [
            0.0027711999719031155,
            0.0022862000041641295,
            0.003048399987164885,
            0.002450999978464097,
            0.0034637999488040805,
            0.0022702999995090067,
            0.002233100007288158,
            0.002401400008238852,
            0.0025314000085927546,
            0.0020548999891616404
        ]
    }
}