{
    "model_name": "sklearn_knn_wrapper",
    "dataset": "seeds",
    "hyperparameters": {
        "n_optimizer_calls": 25
    },
    "metrics": {
        "accuracy_mean": 0.7940803382663848,
        "accuracy_std": 0.06490529298601878,
        "train_time_mean": 7.168593924498419,
        "train_time_std": 0.42083327004383214,
        "predict_time_mean": 0.004208605001622345,
        "predict_time_std": 0.001205707211835992
    },
    "fold_metrics": {
        "accuracies": [
            0.75,
            0.7954545454545454,
            0.7209302325581395,
            0.8372093023255814,
            0.7441860465116279,
            0.7674418604651163,
            0.7906976744186046,
            0.8372093023255814,
            0.9534883720930233,
            0.7441860465116279
        ],
        "train_times": [
            7.509668671991676,
            7.569848458995693,
            7.030376916998648,
            6.842933631996857,
            6.982326967001427,
            6.347349735995522,
            6.908049865000066,
            7.172854698001174,
            7.431023939003353,
            7.891506359999767
        ],
        "predict_times": [
            0.0057869589945767075,
            0.004295450999052264,
            0.0041116280044661835,
            0.004142935998970643,
            0.004152706009335816,
            0.004112477996386588,
            0.0010807799990288913,
            0.004421649005962536,
            0.004297784005757421,
            0.005683679002686404
        ]
    }
}