{
    "model_name": "sklearn_knn_wrapper",
    "dataset": "seeds",
    "hyperparameters": {
        "n_optimizer_calls": 25
    },
    "metrics": {
        "accuracy_mean": 0.7940803382663848,
        "accuracy_std": 0.06490529298601878,
        "train_time_mean": 7.123604075102776,
        "train_time_std": 0.4264326451772548,
        "predict_time_mean": 0.004190192099486012,
        "predict_time_std": 0.0011925539054570226
    },
    "fold_metrics": {
        "accuracies": [
            0.75,
            0.7954545454545454,
            0.7209302325581395,
            0.8372093023255814,
            0.7441860465116279,
            0.7674418604651163,
            0.7906976744186046,
            0.8372093023255814,
            0.9534883720930233,
            0.7441860465116279
        ],
        "train_times": [
            7.484541230005561,
            7.521644292995916,
            7.024080426999717,
            6.711160450999159,
            6.971539113001199,
            6.362107138003921,
            6.909556598999188,
            7.062739404005697,
            7.237949800008209,
            7.9507222960091894
        ],
        "predict_times": [
            0.005734530990594067,
            0.004221281997160986,
            0.004087016990524717,
            0.0041453849989920855,
            0.004226367993396707,
            0.004151097004069015,
            0.001072475002729334,
            0.004408200009493157,
            0.004233290004776791,
            0.005622276003123261
        ]
    }
}