{
    "model_name": "sklearn_knn_wrapper",
    "dataset": "seeds",
    "hyperparameters": {
        "n_optimizer_calls": 25
    },
    "metrics": {
        "accuracy_mean": 0.810306553911205,
        "accuracy_std": 0.06255322814201625,
        "train_time_mean": 14.681607459997759,
        "train_time_std": 2.2670693999509006,
        "predict_time_mean": 0.0037148699979297818,
        "predict_time_std": 0.004452252596860341
    },
    "fold_metrics": {
        "accuracies": [
            0.75,
            0.8181818181818182,
            0.7209302325581395,
            0.8372093023255814,
            0.7441860465116279,
            0.813953488372093,
            0.8837209302325582,
            0.8372093023255814,
            0.9302325581395349,
            0.7674418604651163
        ],
        "train_times": [
            15.81640619999962,
            16.905714299995452,
            16.779471999965608,
            16.081750000012107,
            17.239445400016848,
            11.012378500017803,
            13.904143600026146,
            14.460104500001762,
            10.454145399970002,
            14.162514699972235
        ],
        "predict_times": [
            0.0018373000202700496,
            0.007353099994361401,
            0.001577800023369491,
            0.0017087999731302261,
            0.01607819995842874,
            0.0015932000242173672,
            0.0017657999997027218,
            0.001915199973154813,
            0.0017884999979287386,
            0.0015308000147342682
        ]
    }
}