{
    "model_name": "sklearn_knn_wrapper",
    "dataset": "bank_marketing",
    "hyperparameters": {
        "n_optimizer_calls": 25
    },
    "metrics": {
        "accuracy_mean": 0.8830151953911869,
        "accuracy_std": 6.594726878273431e-05,
        "train_time_mean": 1102.71902735,
        "train_time_std": 301.8720952270405,
        "predict_time_mean": 6.466115479999826,
        "predict_time_std": 1.1505606901947925
    },
    "fold_metrics": {
        "accuracies": [
            0.883016364440513,
            0.8832116788321168,
            0.8829904888299049,
            0.8829904888299049,
            0.8829904888299049,
            0.8829904888299049,
            0.8829904888299049,
            0.8829904888299049,
            0.8829904888299049,
            0.8829904888299049
        ],
        "train_times": [
            1992.6931058999999,
            1063.9381878,
            1105.2479949999997,
            1055.1093519000005,
            1013.4021623999997,
            1016.6847271000006,
            949.6502366000004,
            956.8297465999985,
            949.0008656999998,
            924.6338945000007
        ],
        "predict_times": [
            6.535694700000022,
            5.293087000000014,
            5.793862999999874,
            8.156373599999824,
            7.221345199999632,
            5.105245400000058,
            5.650586600000679,
            5.514302600000519,
            6.81986759999927,
            8.570789099998365
        ]
    }
}